5.689070e+002,2.223810e-002
5.708356e+002,1.945572e-002
5.727640e+002,1.801810e-002
5.746926e+002,1.916225e-002
5.766210e+002,2.066704e-002
5.785496e+002,2.107668e-002
5.804780e+002,2.053741e-002
5.824066e+002,2.036351e-002
5.843350e+002,2.076911e-002
5.862635e+002,2.094408e-002
5.881920e+002,2.047715e-002
5.901205e+002,1.955390e-002
5.920490e+002,1.910397e-002
5.939775e+002,1.934741e-002
5.959060e+002,1.945742e-002
5.978345e+002,1.893673e-002
5.997630e+002,1.790911e-002
6.016915e+002,1.682532e-002
6.036200e+002,1.595472e-002
6.055485e+002,1.535349e-002
6.074770e+002,1.506078e-002
6.094055e+002,1.460006e-002
6.113340e+002,1.331323e-002
6.132625e+002,1.136658e-002
6.151910e+002,9.402811e-003
6.171195e+002,7.486717e-003
6.190480e+002,5.425250e-003
6.209765e+002,3.555049e-003
6.229050e+002,1.683519e-003
6.248335e+002,-5.026175e-004
6.267620e+002,-2.214227e-003
6.286905e+002,-2.739512e-003
6.306190e+002,-1.811069e-003
6.325475e+002,8.324949e-004
6.344760e+002,4.766616e-003
6.364045e+002,8.910235e-003
6.383330e+002,1.264488e-002
6.402615e+002,1.576192e-002
6.421900e+002,1.790407e-002
6.441185e+002,1.923023e-002
6.460470e+002,2.031035e-002
6.479755e+002,2.113982e-002
6.499040e+002,2.146049e-002
6.518325e+002,2.162104e-002
6.537610e+002,2.195651e-002
6.556895e+002,2.218042e-002
6.576180e+002,2.208754e-002
6.595464e+002,2.185973e-002
6.614750e+002,2.171724e-002
6.634034e+002,2.176107e-002
6.653320e+002,2.192932e-002
6.672604e+002,2.210187e-002
6.691890e+002,2.222569e-002
6.711175e+002,2.221379e-002
6.730460e+002,2.201987e-002
6.749745e+002,2.173285e-002
6.769030e+002,2.151233e-002
6.788315e+002,2.138517e-002
6.807599e+002,2.122484e-002
6.826885e+002,2.098629e-002
6.846169e+002,2.075583e-002
6.865455e+002,2.058998e-002
6.884739e+002,2.046287e-002
6.904025e+002,2.033997e-002
6.923309e+002,2.018597e-002
6.942595e+002,2.002858e-002
6.961879e+002,1.997626e-002
6.981165e+002,2.002348e-002
7.000449e+002,2.000770e-002
7.019734e+002,1.985437e-002
7.039019e+002,1.963907e-002
7.058304e+002,1.940128e-002
7.077589e+002,1.912000e-002
7.096874e+002,1.875368e-002
7.116159e+002,1.834107e-002
7.135444e+002,1.806756e-002
7.154729e+002,1.796871e-002
7.174014e+002,1.789043e-002
7.193300e+002,1.780626e-002
7.212584e+002,1.777381e-002
7.231870e+002,1.773508e-002
7.251154e+002,1.760502e-002
7.270439e+002,1.741652e-002
7.289724e+002,1.726745e-002
7.309009e+002,1.719774e-002
7.328294e+002,1.721318e-002
7.347579e+002,1.730689e-002
7.366864e+002,1.738003e-002
7.386149e+002,1.734244e-002
7.405434e+002,1.725910e-002
7.424719e+002,1.728293e-002
7.444004e+002,1.741749e-002
7.463289e+002,1.746564e-002
7.482574e+002,1.734555e-002
7.501859e+002,1.714834e-002
7.521144e+002,1.688305e-002
7.540429e+002,1.651885e-002
7.559714e+002,1.612129e-002
7.578999e+002,1.572314e-002
7.598284e+002,1.525152e-002
7.617569e+002,1.470925e-002
7.636854e+002,1.418453e-002
7.656139e+002,1.364910e-002
7.675424e+002,1.304019e-002
7.694709e+002,1.244537e-002
7.713994e+002,1.191653e-002
7.733279e+002,1.134369e-002
7.752564e+002,1.070893e-002
7.771849e+002,1.012990e-002
7.791134e+002,9.605607e-003
7.810419e+002,9.033867e-003
7.829704e+002,8.449062e-003
7.848989e+002,7.918421e-003
7.868274e+002,7.446637e-003
7.887559e+002,7.051231e-003
7.906844e+002,6.651979e-003
7.926129e+002,6.188659e-003
7.945414e+002,5.744769e-003
7.964698e+002,5.336250e-003
7.983984e+002,4.905126e-003
8.003268e+002,4.462913e-003
8.022554e+002,3.951864e-003
8.041838e+002,3.252058e-003
8.061124e+002,2.518184e-003
8.080408e+002,1.967676e-003
8.099694e+002,1.488876e-003
8.118978e+002,8.897646e-004
8.138264e+002,1.256293e-004
8.157549e+002,-7.264854e-004
8.176833e+002,-1.541110e-003
8.196119e+002,-2.336940e-003
8.215403e+002,-3.247949e-003
8.234689e+002,-4.277444e-003
8.253973e+002,-5.335108e-003
8.273259e+002,-6.333845e-003
8.292543e+002,-7.238667e-003
8.311829e+002,-8.170451e-003
8.331113e+002,-9.242108e-003
8.350399e+002,-1.040107e-002
8.369683e+002,-1.154401e-002
8.388969e+002,-1.267664e-002
8.408253e+002,-1.385216e-002
8.427538e+002,-1.505110e-002
8.446823e+002,-1.619705e-002
8.466108e+002,-1.719458e-002
8.485393e+002,-1.802804e-002
8.504678e+002,-1.878819e-002
8.523963e+002,-1.951460e-002
8.543248e+002,-2.015356e-002
8.562533e+002,-2.069889e-002
8.581818e+002,-2.122555e-002
8.601103e+002,-2.176450e-002
8.620388e+002,-2.221216e-002
8.639673e+002,-2.252167e-002
8.658958e+002,-2.284954e-002
8.678243e+002,-2.334102e-002
8.697528e+002,-2.401472e-002
8.716813e+002,-2.478638e-002
8.736098e+002,-2.557970e-002
8.755383e+002,-2.625559e-002
8.774668e+002,-2.663853e-002
8.793953e+002,-2.706905e-002
8.813238e+002,-2.789298e-002
8.832523e+002,-2.877871e-002
8.851808e+002,-2.945942e-002
8.871093e+002,-2.984066e-002
8.890378e+002,-2.961507e-002
8.909663e+002,-2.883390e-002
8.928948e+002,-2.791808e-002
8.948233e+002,-2.680070e-002
8.967518e+002,-2.521861e-002
8.986803e+002,-2.332340e-002
9.006088e+002,-2.146044e-002
9.025373e+002,-1.994442e-002
9.044658e+002,-1.893787e-002
9.063943e+002,-1.842798e-002
9.083228e+002,-1.827997e-002
9.102513e+002,-1.826739e-002
9.121797e+002,-1.825516e-002
9.141083e+002,-1.825134e-002
9.160368e+002,-1.828203e-002
9.179653e+002,-1.832708e-002
9.198938e+002,-1.830738e-002
9.218223e+002,-1.820531e-002
9.237508e+002,-1.810314e-002
9.256793e+002,-1.808128e-002
9.276078e+002,-1.813632e-002
9.295363e+002,-1.813664e-002
9.314648e+002,-1.788532e-002
9.333932e+002,-1.720067e-002
9.353218e+002,-1.603556e-002
9.372502e+002,-1.452981e-002
9.391788e+002,-1.281795e-002
9.411072e+002,-1.094330e-002
9.430358e+002,-8.996852e-003
9.449642e+002,-7.161626e-003
9.468928e+002,-5.578482e-003
9.488212e+002,-4.264058e-003
9.507498e+002,-3.219862e-003
9.526782e+002,-2.454809e-003
9.546068e+002,-1.851851e-003
9.565352e+002,-1.249111e-003
9.584637e+002,-6.174445e-004
9.603922e+002,6.626813e-007
9.623207e+002,6.005719e-004
9.642493e+002,1.208222e-003
9.661777e+002,1.841413e-003
9.681063e+002,2.488158e-003
9.700347e+002,3.143877e-003
9.719633e+002,3.837625e-003
9.738917e+002,4.547516e-003
9.758203e+002,5.245222e-003
9.777487e+002,5.974317e-003
9.796772e+002,6.761946e-003
9.816057e+002,7.614227e-003
9.835342e+002,8.505351e-003
9.854627e+002,9.372406e-003
9.873912e+002,1.026165e-002
9.893197e+002,1.122803e-002
9.912482e+002,1.221544e-002
9.931767e+002,1.322386e-002
9.951052e+002,1.431882e-002
9.970337e+002,1.545665e-002
9.989622e+002,1.655754e-002
1.000891e+003,1.768839e-002
1.002819e+003,1.890565e-002
1.004748e+003,2.008334e-002
1.006676e+003,2.114048e-002
1.008605e+003,2.216752e-002
1.010533e+003,2.321542e-002
1.012462e+003,2.424455e-002
1.014390e+003,2.518945e-002
1.016319e+003,2.596420e-002
1.018247e+003,2.652100e-002
1.020176e+003,2.693895e-002
1.022104e+003,2.755058e-002
1.024033e+003,2.898481e-002
1.025961e+003,3.111133e-002
1.027890e+003,3.226802e-002
1.029818e+003,3.204927e-002
1.031747e+003,3.237989e-002
1.033675e+003,3.428299e-002
1.035604e+003,3.704171e-002
1.037532e+003,3.943802e-002
1.039461e+003,4.096818e-002
1.041389e+003,4.222300e-002
1.043318e+003,4.357002e-002
1.045246e+003,4.476953e-002
1.047175e+003,4.560367e-002
1.049103e+003,4.609872e-002
1.051032e+003,4.633673e-002
1.052960e+003,4.641386e-002
1.054889e+003,4.657254e-002
1.056817e+003,4.630270e-002
1.058746e+003,4.467352e-002
1.060674e+003,4.275772e-002
1.062603e+003,4.269638e-002
1.064531e+003,4.402788e-002
1.066460e+003,4.371810e-002
1.068388e+003,4.089653e-002
1.070317e+003,3.815391e-002
1.072245e+003,3.677582e-002
1.074174e+003,3.553018e-002
1.076102e+003,3.330684e-002
1.078031e+003,2.982375e-002
1.079959e+003,2.517165e-002
1.081888e+003,1.969846e-002
1.083816e+003,1.394766e-002
1.085745e+003,8.595139e-003
1.087673e+003,4.244769e-003
1.089602e+003,1.026213e-003
1.091530e+003,-1.078432e-003
1.093459e+003,-1.848782e-003
1.095387e+003,-1.407834e-003
1.097316e+003,-1.839544e-004
1.099244e+003,1.538651e-003
1.101173e+003,3.436606e-003
1.103101e+003,5.217354e-003
1.105030e+003,6.775543e-003
1.106958e+003,8.044506e-003
1.108887e+003,8.996723e-003
1.110815e+003,9.720086e-003
1.112744e+003,1.038411e-002
1.114672e+003,1.112067e-002
1.116601e+003,1.189338e-002
1.118529e+003,1.263018e-002
1.120458e+003,1.338488e-002
1.122386e+003,1.421586e-002
1.124315e+003,1.510459e-002
1.126243e+003,1.601667e-002
1.128172e+003,1.694158e-002
1.130100e+003,1.786346e-002
1.132029e+003,1.871701e-002
1.133957e+003,1.949394e-002
1.135886e+003,2.023335e-002
1.137814e+003,2.087482e-002
1.139743e+003,2.134507e-002
1.141671e+003,2.167670e-002
1.143600e+003,2.197101e-002
1.145528e+003,2.226607e-002
1.147457e+003,2.251373e-002
1.149385e+003,2.270700e-002
1.151314e+003,2.288387e-002
1.153242e+003,2.306507e-002
1.155171e+003,2.324838e-002
1.157099e+003,2.341603e-002
1.159028e+003,2.355701e-002
1.160956e+003,2.365532e-002
1.162885e+003,2.372569e-002
1.164813e+003,2.384332e-002
1.166742e+003,2.403848e-002
1.168670e+003,2.424381e-002
1.170599e+003,2.437886e-002
1.172527e+003,2.446239e-002
1.174456e+003,2.460059e-002
1.176384e+003,2.482387e-002
1.178313e+003,2.503625e-002
1.180241e+003,2.517112e-002
1.182170e+003,2.528318e-002
1.184098e+003,2.543858e-002
1.186027e+003,2.562844e-002
1.187955e+003,2.581649e-002
1.189884e+003,2.597475e-002
1.191812e+003,2.609053e-002
1.193741e+003,2.619040e-002
1.195669e+003,2.629536e-002
1.197598e+003,2.637549e-002
1.199526e+003,2.644348e-002
1.201455e+003,2.654185e-002
1.203383e+003,2.665827e-002
1.205312e+003,2.679165e-002
1.207240e+003,2.694307e-002
1.209169e+003,2.708232e-002
1.211097e+003,2.722690e-002
1.213026e+003,2.742859e-002
1.214954e+003,2.768797e-002
1.216883e+003,2.795250e-002
1.218811e+003,2.820745e-002
1.220740e+003,2.844703e-002
1.222668e+003,2.855757e-002
1.224597e+003,2.846515e-002
1.226525e+003,2.817330e-002
1.228453e+003,2.753028e-002
1.230382e+003,2.626372e-002
1.232311e+003,2.429679e-002
1.234239e+003,2.210396e-002
1.236167e+003,2.078698e-002
1.238096e+003,2.160705e-002
1.240025e+003,2.459536e-002
1.241953e+003,2.792758e-002
1.243881e+003,3.026166e-002
1.245810e+003,3.198856e-002
1.247739e+003,3.344696e-002
1.249667e+003,3.428865e-002
1.251595e+003,3.439949e-002
1.253524e+003,3.415808e-002
1.255453e+003,3.384021e-002
1.257381e+003,3.343096e-002
1.259309e+003,3.290920e-002
1.261238e+003,3.231960e-002
1.263167e+003,3.168714e-002
1.265095e+003,3.099143e-002
1.267024e+003,3.021868e-002
1.268952e+003,2.941897e-002
1.270880e+003,2.872434e-002
1.272809e+003,2.822619e-002
1.274738e+003,2.783438e-002
1.276666e+003,2.743329e-002
1.278594e+003,2.705132e-002
1.280523e+003,2.671637e-002
1.282452e+003,2.638479e-002
1.284380e+003,2.606161e-002
1.286308e+003,2.578407e-002
1.288237e+003,2.555365e-002
1.290166e+003,2.538209e-002
1.292094e+003,2.528451e-002
1.294022e+003,2.521210e-002
1.295951e+003,2.509989e-002
1.297880e+003,2.496089e-002
1.299808e+003,2.484001e-002
1.301736e+003,2.473747e-002
1.303665e+003,2.464681e-002
1.305594e+003,2.457541e-002
1.307522e+003,2.449306e-002
1.309450e+003,2.434441e-002
1.311379e+003,2.413209e-002
1.313307e+003,2.395451e-002
1.315236e+003,2.386957e-002
1.317164e+003,2.380076e-002
1.319093e+003,2.374609e-002
1.321021e+003,2.377083e-002
1.322950e+003,2.381360e-002
1.324878e+003,2.381087e-002
1.326807e+003,2.379201e-002
1.328735e+003,2.377570e-002
1.330664e+003,2.376744e-002
1.332592e+003,2.376355e-002
1.334521e+003,2.370214e-002
1.336449e+003,2.354624e-002
1.338378e+003,2.338162e-002
1.340306e+003,2.341505e-002
1.342235e+003,2.366889e-002
1.344163e+003,2.390798e-002
1.346092e+003,2.401050e-002
1.348020e+003,2.405252e-002
1.349949e+003,2.415682e-002
1.351877e+003,2.432370e-002
1.353806e+003,2.449064e-002
1.355734e+003,2.467862e-002
1.357663e+003,2.487882e-002
1.359591e+003,2.499227e-002
1.361520e+003,2.509343e-002
1.363448e+003,2.549395e-002
1.365377e+003,2.611407e-002
1.367305e+003,2.665538e-002
1.369234e+003,2.715328e-002
1.371162e+003,2.762413e-002
1.373091e+003,2.803586e-002
1.375019e+003,2.857122e-002
1.376948e+003,2.912599e-002
1.378876e+003,2.936242e-002
1.380805e+003,2.930173e-002
1.382733e+003,2.911366e-002
1.384662e+003,2.873251e-002
1.386590e+003,2.817333e-002
1.388519e+003,2.811942e-002
1.390447e+003,2.913297e-002
1.392376e+003,3.049680e-002
1.394304e+003,3.049324e-002
1.396233e+003,2.881345e-002
1.398161e+003,2.776465e-002
1.400090e+003,2.822107e-002
1.402018e+003,2.910696e-002
1.403947e+003,2.968710e-002
1.405875e+003,2.990925e-002
1.407804e+003,2.975594e-002
1.409732e+003,2.912974e-002
1.411661e+003,2.814459e-002
1.413589e+003,2.703140e-002
1.415518e+003,2.576167e-002
1.417446e+003,2.419508e-002
1.419375e+003,2.286449e-002
1.421303e+003,2.235509e-002
1.423232e+003,2.208569e-002
1.425160e+003,2.178211e-002
1.427089e+003,2.141503e-002
1.429017e+003,2.090604e-002
1.430946e+003,2.054599e-002
1.432874e+003,2.044481e-002
1.434803e+003,2.029719e-002
1.436731e+003,2.023418e-002
1.438660e+003,2.055864e-002
1.440588e+003,2.086648e-002
1.442517e+003,2.091508e-002
1.444445e+003,2.077846e-002
1.446374e+003,2.061701e-002
1.448302e+003,2.064293e-002
1.450231e+003,2.072098e-002
1.452159e+003,2.048941e-002
1.454088e+003,1.969804e-002
1.456016e+003,1.807329e-002
1.457945e+003,1.684977e-002
1.459873e+003,1.713869e-002
1.461802e+003,1.731427e-002
1.463730e+003,1.682164e-002
1.465659e+003,1.618034e-002
1.467587e+003,1.589584e-002
1.469516e+003,1.558409e-002
1.471444e+003,1.501348e-002
1.473373e+003,1.482481e-002
1.475301e+003,1.538648e-002
1.477230e+003,1.599834e-002
1.479158e+003,1.626175e-002
1.481087e+003,1.622209e-002
1.483015e+003,1.608361e-002
1.484944e+003,1.578402e-002
1.486872e+003,1.515564e-002
1.488801e+003,1.449717e-002
1.490729e+003,1.455565e-002
1.492658e+003,1.497634e-002
1.494586e+003,1.495051e-002
1.496515e+003,1.450005e-002
1.498443e+003,1.436944e-002
1.500372e+003,1.464701e-002
1.502300e+003,1.473376e-002
1.504229e+003,1.417255e-002
1.506157e+003,1.276573e-002
1.508086e+003,1.240200e-002
1.510014e+003,1.335963e-002
1.511943e+003,1.398195e-002
1.513871e+003,1.403424e-002
1.515800e+003,1.366692e-002
1.517728e+003,1.327216e-002
1.519657e+003,1.294518e-002
1.521585e+003,1.280845e-002
1.523514e+003,1.324111e-002
1.525442e+003,1.378866e-002
1.527371e+003,1.431002e-002
1.529299e+003,1.476636e-002
1.531228e+003,1.486040e-002
1.533156e+003,1.470959e-002
1.535085e+003,1.475683e-002
1.537013e+003,1.459910e-002
1.538942e+003,1.366733e-002
1.540870e+003,1.316555e-002
1.542799e+003,1.437060e-002
1.544727e+003,1.587969e-002
1.546656e+003,1.697938e-002
1.548584e+003,1.752287e-002
1.550513e+003,1.778272e-002
1.552441e+003,1.793843e-002
1.554370e+003,1.784744e-002
1.556298e+003,1.734593e-002
1.558227e+003,1.677731e-002
1.560155e+003,1.786005e-002
1.562084e+003,1.914801e-002
1.564012e+003,1.976929e-002
1.565941e+003,2.000874e-002
1.567869e+003,1.996860e-002
1.569798e+003,2.004454e-002
1.571726e+003,2.044665e-002
1.573655e+003,2.051077e-002
1.575583e+003,2.016143e-002
1.577512e+003,2.032247e-002
1.579440e+003,2.087416e-002
1.581369e+003,2.116556e-002
1.583297e+003,2.122578e-002
1.585226e+003,2.120630e-002
1.587154e+003,2.110367e-002
1.589083e+003,2.092889e-002
1.591011e+003,2.073599e-002
1.592940e+003,2.051251e-002
1.594868e+003,2.029327e-002
1.596797e+003,2.015622e-002
1.598725e+003,1.999229e-002
1.600654e+003,1.967474e-002
1.602582e+003,1.930497e-002
1.604511e+003,1.898322e-002
1.606439e+003,1.861625e-002
1.608368e+003,1.820637e-002
1.610296e+003,1.789357e-002
1.612225e+003,1.757979e-002
1.614153e+003,1.694358e-002
1.616082e+003,1.597809e-002
1.618010e+003,1.548656e-002
1.619939e+003,1.536952e-002
1.621867e+003,1.490319e-002
1.623796e+003,1.432231e-002
1.625724e+003,1.403787e-002
1.627653e+003,1.379896e-002
1.629581e+003,1.357867e-002
1.631510e+003,1.331258e-002
1.633438e+003,1.260467e-002
1.635367e+003,1.144852e-002
1.637295e+003,1.112784e-002
1.639224e+003,1.150758e-002
1.641152e+003,1.165575e-002
1.643081e+003,1.137763e-002
1.645009e+003,1.056584e-002
1.646938e+003,9.677496e-003
1.648866e+003,9.635519e-003
1.650795e+003,9.565569e-003
1.652723e+003,8.916357e-003
1.654652e+003,9.276568e-003
1.656580e+003,1.019608e-002
1.658509e+003,1.061059e-002
1.660437e+003,1.052154e-002
1.662366e+003,1.032055e-002
1.664294e+003,1.043678e-002
1.666223e+003,1.047938e-002
1.668151e+003,1.002728e-002
1.670080e+003,9.571598e-003
1.672008e+003,9.710666e-003
1.673937e+003,9.979613e-003
1.675865e+003,1.021511e-002
1.677794e+003,1.041862e-002
1.679722e+003,1.037939e-002
1.681651e+003,9.985784e-003
1.683579e+003,9.509345e-003
1.685508e+003,9.870896e-003
1.687436e+003,1.055582e-002
1.689365e+003,1.101251e-002
1.691293e+003,1.131053e-002
1.693222e+003,1.128104e-002
1.695150e+003,1.075512e-002
1.697079e+003,1.016728e-002
1.699007e+003,1.001976e-002
1.700936e+003,1.029921e-002
1.702864e+003,1.060475e-002
1.704793e+003,1.067405e-002
1.706721e+003,1.084113e-002
1.708650e+003,1.113345e-002
1.710578e+003,1.117543e-002
1.712507e+003,1.080964e-002
1.714435e+003,1.002918e-002
1.716364e+003,9.160446e-003
1.718292e+003,9.127758e-003
1.720221e+003,9.631420e-003
1.722149e+003,9.826223e-003
1.724078e+003,9.722560e-003
1.726006e+003,9.524551e-003
1.727935e+003,9.162713e-003
1.729863e+003,8.586217e-003
1.731792e+003,7.866628e-003
1.733720e+003,7.264118e-003
1.735649e+003,7.325410e-003
1.737577e+003,7.495987e-003
1.739506e+003,7.354728e-003
1.741434e+003,7.176121e-003
1.743363e+003,7.094777e-003
1.745291e+003,6.937824e-003
1.747220e+003,6.623751e-003
1.749148e+003,6.399039e-003
1.751077e+003,6.645351e-003
1.753005e+003,7.089523e-003
1.754934e+003,7.241073e-003
1.756862e+003,7.121486e-003
1.758791e+003,6.998935e-003
1.760719e+003,6.910049e-003
1.762648e+003,6.953850e-003
1.764576e+003,7.083528e-003
1.766505e+003,6.968496e-003
1.768433e+003,6.532419e-003
1.770362e+003,5.913148e-003
1.772290e+003,5.521182e-003
1.774219e+003,5.753431e-003
1.776147e+003,6.113918e-003
1.778076e+003,6.180458e-003
1.780004e+003,6.024944e-003
1.781933e+003,5.923493e-003
1.783861e+003,5.898302e-003
1.785790e+003,5.844801e-003
1.787718e+003,5.700015e-003
1.789647e+003,5.309818e-003
1.791575e+003,4.807889e-003
1.793504e+003,4.753484e-003
1.795432e+003,5.010797e-003
1.797361e+003,5.103720e-003
1.799289e+003,4.998697e-003
1.801218e+003,4.961863e-003
1.803146e+003,5.109487e-003
1.805075e+003,5.243210e-003
1.807003e+003,5.209842e-003
1.808932e+003,5.024909e-003
1.810860e+003,4.892794e-003
1.812789e+003,4.978889e-003
1.814717e+003,5.128765e-003
1.816646e+003,5.202800e-003
1.818574e+003,5.240426e-003
1.820503e+003,5.237475e-003
1.822431e+003,5.114080e-003
1.824360e+003,4.906533e-003
1.826288e+003,4.722097e-003
1.828217e+003,4.540652e-003
1.830145e+003,4.578991e-003
1.832074e+003,4.937397e-003
1.834002e+003,5.181373e-003
1.835931e+003,5.204779e-003
1.837859e+003,5.217857e-003
1.839788e+003,5.221244e-003
1.841716e+003,5.018540e-003
1.843645e+003,4.694028e-003
1.845573e+003,4.689975e-003
1.847502e+003,4.978285e-003
1.849430e+003,5.254646e-003
1.851359e+003,5.411361e-003
1.853287e+003,5.455883e-003
1.855216e+003,5.471418e-003
1.857144e+003,5.500914e-003
1.859073e+003,5.526585e-003
1.861001e+003,5.531518e-003
1.862930e+003,5.482089e-003
1.864858e+003,5.297374e-003
1.866786e+003,4.967325e-003
1.868715e+003,4.831610e-003
1.870644e+003,5.147507e-003
1.872572e+003,5.509839e-003
1.874500e+003,5.661846e-003
1.876429e+003,5.697699e-003
1.878358e+003,5.726135e-003
1.880286e+003,5.762061e-003
1.882214e+003,5.766829e-003
1.884143e+003,5.725766e-003
1.886072e+003,5.659832e-003
1.888000e+003,5.574307e-003
1.889928e+003,5.575852e-003
1.891857e+003,5.705052e-003
1.893786e+003,5.806015e-003
1.895714e+003,5.873549e-003
1.897642e+003,5.969278e-003
1.899571e+003,6.052562e-003
1.901500e+003,6.115565e-003
1.903428e+003,6.145574e-003
1.905357e+003,6.101888e-003
1.907285e+003,6.007676e-003
1.909214e+003,5.972469e-003
1.911142e+003,6.070672e-003
1.913071e+003,6.190306e-003
1.914999e+003,6.161100e-003
1.916927e+003,6.003476e-003
1.918856e+003,5.929069e-003
1.920785e+003,5.947947e-003
1.922713e+003,5.986209e-003
1.924641e+003,6.122184e-003
1.926570e+003,6.281532e-003
1.928499e+003,6.355563e-003
1.930427e+003,6.372946e-003
1.932355e+003,6.384849e-003
1.934284e+003,6.405361e-003
1.936213e+003,6.409362e-003
1.938141e+003,6.352772e-003
1.940069e+003,6.180963e-003
1.941998e+003,5.985470e-003
1.943927e+003,5.976030e-003
1.945855e+003,6.093050e-003
1.947783e+003,6.172964e-003
1.949712e+003,6.212187e-003
1.951641e+003,6.241900e-003
1.953569e+003,6.247480e-003
1.955497e+003,6.224758e-003
1.957426e+003,6.191113e-003
1.959354e+003,6.153908e-003
1.961283e+003,6.131056e-003
1.963211e+003,6.096679e-003
1.965140e+003,5.998202e-003
1.967068e+003,5.917615e-003
1.968997e+003,5.956345e-003
1.970925e+003,6.027699e-003
1.972854e+003,6.049907e-003
1.974782e+003,6.045170e-003
1.976711e+003,6.037711e-003
1.978639e+003,6.035191e-003
1.980568e+003,6.030152e-003
1.982496e+003,6.023264e-003
1.984425e+003,6.016780e-003
1.986353e+003,5.977542e-003
1.988282e+003,5.901594e-003
1.990210e+003,5.820185e-003
1.992139e+003,5.783315e-003
1.994067e+003,5.834189e-003
1.995996e+003,5.904818e-003
1.997924e+003,5.918892e-003
1.999853e+003,5.884263e-003
2.001781e+003,5.850880e-003
2.003710e+003,5.852861e-003
2.005638e+003,5.854372e-003
2.007567e+003,5.829185e-003
2.009495e+003,5.816089e-003
2.011424e+003,5.822637e-003
2.013352e+003,5.807291e-003
2.015281e+003,5.744635e-003
2.017209e+003,5.690783e-003
2.019138e+003,5.724154e-003
2.021066e+003,5.803194e-003
2.022995e+003,5.855212e-003
2.024923e+003,5.880367e-003
2.026852e+003,5.890040e-003
2.028780e+003,5.890510e-003
2.030709e+003,5.908177e-003
2.032637e+003,5.945931e-003
2.034566e+003,5.977407e-003
2.036494e+003,5.995178e-003
2.038423e+003,5.989333e-003
2.040351e+003,5.966389e-003
2.042280e+003,5.982681e-003
2.044208e+003,6.041508e-003
2.046137e+003,6.079139e-003
2.048065e+003,6.096780e-003
2.049994e+003,6.144162e-003
2.051922e+003,6.199616e-003
2.053851e+003,6.206506e-003
2.055779e+003,6.178106e-003
2.057708e+003,6.175350e-003
2.059636e+003,6.213128e-003
2.061565e+003,6.231883e-003
2.063493e+003,6.201297e-003
2.065422e+003,6.193936e-003
2.067350e+003,6.259648e-003
2.069279e+003,6.333204e-003
2.071207e+003,6.359732e-003
2.073136e+003,6.361413e-003
2.075064e+003,6.366456e-003
2.076993e+003,6.390599e-003
2.078921e+003,6.431018e-003
2.080850e+003,6.453853e-003
2.082778e+003,6.443024e-003
2.084707e+003,6.435087e-003
2.086635e+003,6.465657e-003
2.088564e+003,6.513314e-003
2.090492e+003,6.556941e-003
2.092421e+003,6.609487e-003
2.094349e+003,6.657531e-003
2.096278e+003,6.678190e-003
2.098206e+003,6.690370e-003
2.100135e+003,6.720419e-003
2.102063e+003,6.765076e-003
2.103992e+003,6.786649e-003
2.105920e+003,6.764470e-003
2.107849e+003,6.746971e-003
2.109777e+003,6.776047e-003
2.111706e+003,6.815560e-003
2.113634e+003,6.817613e-003
2.115563e+003,6.792808e-003
2.117491e+003,6.775105e-003
2.119420e+003,6.779144e-003
2.121348e+003,6.801592e-003
2.123277e+003,6.828418e-003
2.125205e+003,6.847873e-003
2.127134e+003,6.853394e-003
2.129062e+003,6.848748e-003
2.130991e+003,6.847166e-003
2.132919e+003,6.851811e-003
2.134848e+003,6.855716e-003
2.136776e+003,6.850061e-003
2.138705e+003,6.836361e-003
2.140633e+003,6.824446e-003
2.142562e+003,6.814921e-003
2.144490e+003,6.809031e-003
2.146419e+003,6.811252e-003
2.148347e+003,6.813137e-003
2.150276e+003,6.802434e-003
2.152204e+003,6.782139e-003
2.154133e+003,6.778706e-003
2.156061e+003,6.807583e-003
2.157990e+003,6.848614e-003
2.159918e+003,6.873860e-003
2.161847e+003,6.875981e-003
2.163775e+003,6.873254e-003
2.165704e+003,6.871706e-003
2.167632e+003,6.879111e-003
2.169561e+003,6.919812e-003
2.171489e+003,6.967452e-003
2.173418e+003,6.973513e-003
2.175346e+003,6.939743e-003
2.177275e+003,6.909645e-003
2.179203e+003,6.933413e-003
2.181132e+003,7.001157e-003
2.183060e+003,7.065241e-003
2.184989e+003,7.101883e-003
2.186917e+003,7.092790e-003
2.188846e+003,7.057394e-003
2.190774e+003,7.019239e-003
2.192703e+003,6.969136e-003
2.194631e+003,6.935636e-003
2.196560e+003,6.947082e-003
2.198488e+003,6.972402e-003
2.200417e+003,6.974523e-003
2.202345e+003,6.953480e-003
2.204274e+003,6.935433e-003
2.206202e+003,6.931966e-003
2.208131e+003,6.913651e-003
2.210059e+003,6.878270e-003
2.211988e+003,6.862112e-003
2.213916e+003,6.866387e-003
2.215845e+003,6.880963e-003
2.217773e+003,6.906245e-003
2.219702e+003,6.922910e-003
2.221630e+003,6.919105e-003
2.223559e+003,6.903047e-003
2.225487e+003,6.898300e-003
2.227416e+003,6.915974e-003
2.229344e+003,6.935433e-003
2.231273e+003,6.940787e-003
2.233201e+003,6.929171e-003
2.235130e+003,6.913517e-003
2.237058e+003,6.913988e-003
2.238987e+003,6.928027e-003
2.240915e+003,6.944726e-003
2.242844e+003,6.952133e-003
2.244772e+003,6.946308e-003
2.246701e+003,6.954927e-003
2.248629e+003,6.996847e-003
2.250558e+003,7.041364e-003
2.252486e+003,7.048739e-003
2.254415e+003,7.016983e-003
2.256343e+003,6.984456e-003
2.258272e+003,6.993008e-003
2.260200e+003,7.040219e-003
2.262129e+003,7.063995e-003
2.264057e+003,7.037188e-003
2.265986e+003,7.024998e-003
2.267914e+003,7.056013e-003
2.269843e+003,7.079621e-003
2.271771e+003,7.075344e-003
2.273700e+003,7.063119e-003
2.275628e+003,7.055677e-003
2.277557e+003,7.051130e-003
2.279485e+003,7.053925e-003
2.281414e+003,7.062041e-003
2.283342e+003,7.057798e-003
2.285271e+003,7.051804e-003
2.287199e+003,7.058236e-003
2.289128e+003,7.058606e-003
2.291056e+003,7.047628e-003
2.292985e+003,7.027423e-003
2.294913e+003,6.994120e-003
2.296842e+003,6.964052e-003
2.298770e+003,6.936578e-003
2.300699e+003,6.909645e-003
2.302627e+003,6.909948e-003
2.304556e+003,6.934423e-003
2.306484e+003,6.938901e-003
2.308413e+003,6.911665e-003
2.310341e+003,6.893620e-003
2.312270e+003,6.854673e-003
2.314198e+003,6.754946e-003
2.316127e+003,6.686433e-003
2.318055e+003,6.664664e-003
2.319984e+003,6.592498e-003
2.321912e+003,6.466766e-003
2.323841e+003,6.308225e-003
2.325769e+003,6.146179e-003
2.327698e+003,6.075813e-003
2.329626e+003,6.071008e-003
2.331555e+003,6.009960e-003
2.333483e+003,5.939180e-003
2.335412e+003,5.926752e-003
2.337340e+003,5.916339e-003
2.339269e+003,5.887890e-003
2.341197e+003,5.869721e-003
2.343126e+003,5.904617e-003
2.345054e+003,6.043053e-003
2.346983e+003,6.228757e-003
2.348911e+003,6.333776e-003
2.350840e+003,6.289063e-003
2.352768e+003,6.120773e-003
2.354697e+003,5.920605e-003
2.356625e+003,5.726169e-003
2.358554e+003,5.557493e-003
2.360482e+003,5.469103e-003
2.362411e+003,5.460614e-003
2.364339e+003,5.562662e-003
2.366268e+003,5.779622e-003
2.368196e+003,5.974787e-003
2.370125e+003,6.124033e-003
2.372053e+003,6.300291e-003
2.373982e+003,6.482002e-003
2.375910e+003,6.650196e-003
2.377839e+003,6.806069e-003
2.379767e+003,6.934525e-003
2.381696e+003,7.033181e-003
2.383624e+003,7.101816e-003
2.385553e+003,7.142100e-003
2.387481e+003,7.176222e-003
2.389410e+003,7.215300e-003
2.391338e+003,7.246632e-003
2.393267e+003,7.266914e-003
2.395195e+003,7.271295e-003
2.397124e+003,7.261422e-003
2.399052e+003,7.248620e-003
2.400981e+003,7.233964e-003
2.402909e+003,7.225743e-003
2.404838e+003,7.235783e-003
2.406766e+003,7.267689e-003
2.408695e+003,7.289725e-003
2.410623e+003,7.279988e-003
2.412552e+003,7.274765e-003
2.414480e+003,7.288917e-003
2.416409e+003,7.305091e-003
2.418337e+003,7.327095e-003
2.420266e+003,7.355166e-003
2.422194e+003,7.367264e-003
2.424123e+003,7.354896e-003
2.426051e+003,7.335182e-003
2.427979e+003,7.312908e-003
2.429908e+003,7.286659e-003
2.431837e+003,7.272710e-003
2.433765e+003,7.272171e-003
2.435694e+003,7.275102e-003
2.437622e+003,7.296161e-003
2.439551e+003,7.333801e-003
2.441479e+003,7.343101e-003
2.443407e+003,7.307112e-003
2.445336e+003,7.268026e-003
2.447265e+003,7.248788e-003
2.449193e+003,7.232886e-003
2.451122e+003,7.229753e-003
2.453050e+003,7.243633e-003
2.454979e+003,7.254650e-003
2.456907e+003,7.260749e-003
2.458836e+003,7.266005e-003
2.460764e+003,7.274596e-003
2.462693e+003,7.267791e-003
2.464621e+003,7.230123e-003
2.466550e+003,7.222475e-003
2.468478e+003,7.274698e-003
2.470406e+003,7.325275e-003
2.472335e+003,7.341484e-003
2.474264e+003,7.327836e-003
2.476192e+003,7.301553e-003
2.478121e+003,7.289759e-003
2.480049e+003,7.284874e-003
2.481978e+003,7.277057e-003
2.483906e+003,7.279078e-003
2.485834e+003,7.292320e-003
2.487763e+003,7.304754e-003
2.489692e+003,7.296903e-003
2.491620e+003,7.262164e-003
2.493549e+003,7.237333e-003
2.495477e+003,7.245486e-003
2.497406e+003,7.244913e-003
2.499334e+003,7.215973e-003
2.501262e+003,7.197647e-003
2.503191e+003,7.207012e-003
2.505120e+003,7.235446e-003
2.507048e+003,7.276585e-003
2.508977e+003,7.301990e-003
2.510905e+003,7.289254e-003
2.512833e+003,7.260884e-003
2.514762e+003,7.239523e-003
2.516690e+003,7.216176e-003
2.518619e+003,7.202532e-003
2.520548e+003,7.215805e-003
2.522476e+003,7.222914e-003
2.524405e+003,7.193604e-003
2.526333e+003,7.152407e-003
2.528261e+003,7.124854e-003
2.530190e+003,7.114615e-003
2.532118e+003,7.147354e-003
2.534047e+003,7.214222e-003
2.535976e+003,7.254751e-003
2.537904e+003,7.249260e-003
2.539833e+003,7.215300e-003
2.541761e+003,7.171405e-003
2.543689e+003,7.154360e-003
2.545618e+003,7.176593e-003
2.547547e+003,7.203138e-003
2.549475e+003,7.198792e-003
2.551404e+003,7.165173e-003
2.553332e+003,7.148095e-003
2.555260e+003,7.177940e-003
2.557189e+003,7.224227e-003
2.559117e+003,7.244476e-003
2.561046e+003,7.235143e-003
2.562975e+003,7.222038e-003
2.564903e+003,7.228001e-003
2.566832e+003,7.241679e-003
2.568760e+003,7.247575e-003
2.570688e+003,7.258525e-003
2.572617e+003,7.268768e-003
2.574545e+003,7.267689e-003
2.576474e+003,7.276349e-003
2.578403e+003,7.293735e-003
2.580331e+003,7.299632e-003
2.582260e+003,7.306405e-003
2.584188e+003,7.317828e-003
2.586116e+003,7.311897e-003
2.588045e+003,7.309707e-003
2.589973e+003,7.339091e-003
2.591902e+003,7.366489e-003
2.593831e+003,7.342326e-003
2.595759e+003,7.288142e-003
2.597688e+003,7.269341e-003
2.599616e+003,7.282953e-003
2.601544e+003,7.287636e-003
2.603473e+003,7.283694e-003
2.605401e+003,7.286862e-003
2.607330e+003,7.301687e-003
2.609259e+003,7.318199e-003
2.611187e+003,7.319647e-003
2.613115e+003,7.312167e-003
2.615044e+003,7.305697e-003
2.616972e+003,7.300609e-003
2.618901e+003,7.313447e-003
2.620829e+003,7.335317e-003
2.622758e+003,7.334643e-003
2.624687e+003,7.326522e-003
2.626615e+003,7.344315e-003
2.628543e+003,7.375925e-003
2.630472e+003,7.384553e-003
2.632400e+003,7.369624e-003
2.634329e+003,7.363086e-003
2.636257e+003,7.383913e-003
2.638186e+003,7.404573e-003
2.640115e+003,7.390182e-003
2.642043e+003,7.368916e-003
2.643971e+003,7.386541e-003
2.645900e+003,7.425537e-003
2.647828e+003,7.421223e-003
2.649757e+003,7.368714e-003
2.651686e+003,7.341686e-003
2.653614e+003,7.374308e-003
2.655542e+003,7.427964e-003
2.657471e+003,7.456244e-003
2.659399e+003,7.460659e-003
2.661328e+003,7.469525e-003
2.663256e+003,7.467435e-003
2.665185e+003,7.420077e-003
2.667114e+003,7.359749e-003
2.669042e+003,7.338417e-003
2.670970e+003,7.328948e-003
2.672899e+003,7.302058e-003
2.674827e+003,7.303136e-003
2.676756e+003,7.350010e-003
2.678684e+003,7.408921e-003
2.680613e+003,7.451694e-003
2.682542e+003,7.450615e-003
2.684470e+003,7.410876e-003
2.686398e+003,7.377678e-003
2.688327e+003,7.375353e-003
2.690255e+003,7.386171e-003
2.692184e+003,7.382767e-003
2.694112e+003,7.369657e-003
2.696041e+003,7.375959e-003
2.697969e+003,7.405618e-003
2.699898e+003,7.433727e-003
2.701826e+003,7.445390e-003
2.703755e+003,7.460154e-003
2.705683e+003,7.500336e-003
2.707612e+003,7.539679e-003
2.709540e+003,7.531756e-003
2.711469e+003,7.494538e-003
2.713397e+003,7.485503e-003
2.715326e+003,7.503471e-003
2.717254e+003,7.521844e-003
2.719183e+003,7.547737e-003
2.721111e+003,7.592310e-003
2.723040e+003,7.645656e-003
2.724968e+003,7.679852e-003
2.726897e+003,7.678166e-003
2.728825e+003,7.670274e-003
2.730754e+003,7.690104e-003
2.732682e+003,7.730510e-003
2.734611e+003,7.768490e-003
2.736539e+003,7.791496e-003
2.738468e+003,7.811096e-003
2.740396e+003,7.839368e-003
2.742325e+003,7.874051e-003
2.744253e+003,7.923011e-003
2.746182e+003,7.974069e-003
2.748110e+003,8.003262e-003
2.750039e+003,8.010214e-003
2.751967e+003,8.000427e-003
2.753896e+003,7.998671e-003
2.755824e+003,8.014366e-003
2.757753e+003,8.014940e-003
2.759681e+003,7.998975e-003
2.761610e+003,8.002350e-003
2.763538e+003,8.018045e-003
2.765467e+003,8.018112e-003
2.767395e+003,8.005557e-003
2.769324e+003,7.990639e-003
2.771252e+003,7.993845e-003
2.773181e+003,8.024356e-003
2.775109e+003,8.041975e-003
2.777038e+003,8.021825e-003
2.778966e+003,7.995803e-003
2.780895e+003,7.984598e-003
2.782823e+003,7.979570e-003
2.784752e+003,7.980919e-003
2.786680e+003,8.009202e-003
2.788609e+003,8.079814e-003
2.790537e+003,8.158305e-003
2.792466e+003,8.219858e-003
2.794394e+003,8.286756e-003
2.796323e+003,8.347178e-003
2.798251e+003,8.377274e-003
2.800180e+003,8.410515e-003
2.802108e+003,8.469976e-003
2.804037e+003,8.527687e-003
2.805965e+003,8.572293e-003
2.807894e+003,8.609604e-003
2.809822e+003,8.625590e-003
2.811751e+003,8.625522e-003
2.813679e+003,8.661317e-003
2.815608e+003,8.764931e-003
2.817536e+003,8.908848e-003
2.819465e+003,9.054674e-003
2.821393e+003,9.190294e-003
2.823322e+003,9.321285e-003
2.825250e+003,9.429154e-003
2.827179e+003,9.515407e-003
2.829107e+003,9.635519e-003
2.831036e+003,9.811582e-003
2.832964e+003,1.001026e-002
2.834893e+003,1.021691e-002
2.836821e+003,1.045348e-002
2.838750e+003,1.069494e-002
2.840678e+003,1.089375e-002
2.842607e+003,1.109623e-002
2.844535e+003,1.136280e-002
2.846464e+003,1.168965e-002
2.848392e+003,1.210112e-002
2.850321e+003,1.261923e-002
2.852249e+003,1.319544e-002
2.854178e+003,1.379335e-002
2.856106e+003,1.440523e-002
2.858035e+003,1.505060e-002
2.859963e+003,1.577752e-002
2.861892e+003,1.659203e-002
2.863820e+003,1.744584e-002
2.865749e+003,1.824759e-002
2.867677e+003,1.887281e-002
2.869606e+003,1.929292e-002
2.871534e+003,1.962270e-002
2.873463e+003,1.998896e-002
2.875391e+003,2.048694e-002
2.877320e+003,2.116904e-002
2.879248e+003,2.198077e-002
2.881177e+003,2.278197e-002
2.883105e+003,2.337697e-002
2.885034e+003,2.363335e-002
2.886962e+003,2.368286e-002
2.888891e+003,2.379957e-002
2.890819e+003,2.404968e-002
2.892748e+003,2.425944e-002
2.894676e+003,2.439411e-002
2.896605e+003,2.490408e-002
2.898533e+003,2.605809e-002
2.900462e+003,2.687437e-002
2.902390e+003,2.641841e-002
2.904319e+003,2.538247e-002
2.906247e+003,2.463941e-002
2.908176e+003,2.424864e-002
2.910104e+003,2.397975e-002
2.912033e+003,2.349297e-002
2.913961e+003,2.276231e-002
2.915890e+003,2.216079e-002
2.917818e+003,2.189674e-002
2.919747e+003,2.185663e-002
2.921675e+003,2.182120e-002
2.923604e+003,2.170578e-002
2.925532e+003,2.161519e-002
2.927461e+003,2.163337e-002
2.929389e+003,2.170913e-002
2.931318e+003,2.177204e-002
2.933246e+003,2.182949e-002
2.935175e+003,2.188015e-002
2.937103e+003,2.193026e-002
2.939032e+003,2.205801e-002
2.940960e+003,2.228592e-002
2.942889e+003,2.252818e-002
2.944817e+003,2.268448e-002
2.946746e+003,2.280421e-002
2.948674e+003,2.309114e-002
2.950603e+003,2.359986e-002
2.952531e+003,2.416653e-002
2.954460e+003,2.472769e-002
2.956388e+003,2.533804e-002
2.958317e+003,2.592604e-002
2.960245e+003,2.641887e-002
2.962174e+003,2.694868e-002
2.964102e+003,2.768610e-002
2.966031e+003,2.862126e-002
2.967959e+003,2.952922e-002
2.969888e+003,3.011454e-002
2.971816e+003,3.023861e-002
2.973745e+003,3.002456e-002
2.975673e+003,2.973011e-002
2.977602e+003,2.952968e-002
2.979530e+003,2.945567e-002
2.981459e+003,2.955284e-002
2.983387e+003,3.002250e-002
2.985316e+003,3.085658e-002
2.987244e+003,3.143173e-002
2.989173e+003,3.074155e-002
2.991101e+003,2.880474e-002
2.993030e+003,2.705798e-002
2.994958e+003,2.613652e-002
2.996887e+003,2.540222e-002
2.998815e+003,2.445184e-002
3.000744e+003,2.333354e-002
3.002672e+003,2.215629e-002
3.004601e+003,2.098577e-002
3.006529e+003,1.982329e-002
3.008458e+003,1.866045e-002
3.010386e+003,1.751907e-002
3.012315e+003,1.640480e-002
3.014243e+003,1.532956e-002
3.016172e+003,1.432601e-002
3.018100e+003,1.339595e-002
3.020029e+003,1.252704e-002
3.021957e+003,1.172066e-002
3.023886e+003,1.096395e-002
3.025814e+003,1.025412e-002
3.027743e+003,9.582166e-003
3.029671e+003,8.927924e-003
3.031600e+003,8.321711e-003
3.033528e+003,7.783771e-003
3.035457e+003,7.320658e-003
3.037385e+003,6.949742e-003
3.039314e+003,6.645519e-003
3.041242e+003,6.346014e-003
3.043171e+003,6.033008e-003
3.045099e+003,5.772570e-003
3.047028e+003,5.593740e-003
3.048956e+003,5.451924e-003
3.050885e+003,5.322195e-003
3.052813e+003,5.200922e-003
3.054742e+003,5.084645e-003
3.056670e+003,4.977045e-003
3.058599e+003,4.889979e-003
3.060527e+003,4.829499e-003
3.062456e+003,4.785208e-003
3.064384e+003,4.752010e-003
3.066313e+003,4.739850e-003
3.068241e+003,4.722399e-003
3.070170e+003,4.647842e-003
3.072098e+003,4.522305e-003
3.074027e+003,4.408518e-003
3.075955e+003,4.355669e-003
3.077884e+003,4.344959e-003
3.079812e+003,4.317115e-003
3.081740e+003,4.273880e-003
3.083669e+003,4.267088e-003
3.085598e+003,4.289039e-003
3.087526e+003,4.266720e-003
3.089455e+003,4.191673e-003
3.091383e+003,4.126440e-003
3.093312e+003,4.072755e-003
3.095240e+003,4.011419e-003
3.097169e+003,3.971391e-003
3.099097e+003,3.942401e-003
3.101026e+003,3.900708e-003
3.102954e+003,3.865639e-003
3.104883e+003,3.843040e-003
3.106811e+003,3.829435e-003
3.108740e+003,3.821312e-003
3.110668e+003,3.775453e-003
3.112597e+003,3.671586e-003
3.114525e+003,3.589726e-003
3.116454e+003,3.586920e-003
3.118382e+003,3.599916e-003
3.120311e+003,3.552543e-003
3.122239e+003,3.465362e-003
3.124167e+003,3.440647e-003
3.126096e+003,3.499297e-003
3.128025e+003,3.542388e-003
3.129953e+003,3.500165e-003
3.131882e+003,3.410356e-003
3.133810e+003,3.342603e-003
3.135739e+003,3.299064e-003
3.137667e+003,3.259236e-003
3.139595e+003,3.225052e-003
3.141524e+003,3.190604e-003
3.143453e+003,3.167006e-003
3.145381e+003,3.165638e-003
3.147310e+003,3.158162e-003
3.149238e+003,3.149518e-003
3.151167e+003,3.144344e-003
3.153095e+003,3.116477e-003
3.155023e+003,3.073996e-003
3.156952e+003,3.021676e-003
3.158881e+003,2.951080e-003
3.160809e+003,2.868689e-003
3.162738e+003,2.813526e-003
3.164666e+003,2.818462e-003
3.166594e+003,2.821096e-003
3.168523e+003,2.757236e-003
3.170451e+003,2.675015e-003
3.172380e+003,2.625209e-003
3.174309e+003,2.569510e-003
3.176237e+003,2.501888e-003
3.178166e+003,2.489424e-003
3.180094e+003,2.514518e-003
3.182022e+003,2.494623e-003
3.183951e+003,2.419215e-003
3.185880e+003,2.333893e-003
3.187808e+003,2.274801e-003
3.189737e+003,2.249521e-003
3.191665e+003,2.244358e-003
3.193594e+003,2.222277e-003
3.195522e+003,2.168894e-003
3.197450e+003,2.129302e-003
3.199379e+003,2.131599e-003
3.201308e+003,2.149381e-003
3.203236e+003,2.149647e-003
3.205165e+003,2.114519e-003
3.207093e+003,2.050495e-003
3.209021e+003,1.978993e-003
3.210950e+003,1.930266e-003
3.212878e+003,1.936323e-003
3.214807e+003,1.975298e-003
3.216736e+003,1.973001e-003
3.218664e+003,1.925506e-003
3.220593e+003,1.897351e-003
3.222521e+003,1.866536e-003
3.224449e+003,1.788110e-003
3.226378e+003,1.713956e-003
3.228306e+003,1.669083e-003
3.230235e+003,1.600071e-003
3.232164e+003,1.505267e-003
3.234092e+003,1.456826e-003
3.236021e+003,1.492666e-003
3.237949e+003,1.549624e-003
3.239877e+003,1.554213e-003
3.241806e+003,1.511585e-003
3.243734e+003,1.447052e-003
3.245663e+003,1.378840e-003
3.247592e+003,1.313330e-003
3.249520e+003,1.232744e-003
3.251448e+003,1.155628e-003
3.253377e+003,1.114235e-003
3.255305e+003,1.102343e-003
3.257234e+003,1.110514e-003
3.259162e+003,1.124433e-003
3.261091e+003,1.117357e-003
3.263020e+003,1.074606e-003
3.264948e+003,9.969871e-004
3.266876e+003,9.225362e-004
3.268805e+003,8.960730e-004
3.270733e+003,8.890341e-004
3.272662e+003,8.673870e-004
3.274590e+003,8.624070e-004
3.276519e+003,8.861124e-004
3.278448e+003,8.874072e-004
3.280376e+003,8.309679e-004
3.282304e+003,7.607940e-004
3.284233e+003,7.266738e-004
3.286161e+003,7.122034e-004
3.288090e+003,6.836955e-004
3.290019e+003,6.540280e-004
3.291947e+003,6.468935e-004
3.293875e+003,6.332885e-004
3.295804e+003,6.059139e-004
3.297732e+003,6.122514e-004
3.299661e+003,6.411197e-004
3.301589e+003,6.250262e-004
3.303518e+003,5.509708e-004
3.305447e+003,4.698960e-004
3.307375e+003,4.204756e-004
3.309303e+003,3.935124e-004
3.311232e+003,3.764001e-004
3.313160e+003,3.774613e-004
3.315089e+003,3.711936e-004
3.317017e+003,3.263935e-004
3.318946e+003,2.808355e-004
3.320875e+003,2.723809e-004
3.322803e+003,2.773542e-004
3.324731e+003,2.508308e-004
3.326660e+003,1.889714e-004
3.328588e+003,1.204589e-004
3.330517e+003,5.759078e-005
3.332445e+003,3.084889e-005
3.334374e+003,4.821270e-005
3.336302e+003,5.010156e-005
3.338231e+003,2.809858e-005
3.340159e+003,6.461186e-006
3.342088e+003,-3.515379e-005
3.344016e+003,-8.090579e-005
3.345945e+003,-8.309222e-005
3.347873e+003,-7.030474e-005
3.349802e+003,-1.190012e-004
3.351730e+003,-2.411820e-004
3.353659e+003,-3.593556e-004
3.355587e+003,-3.778618e-004
3.357516e+003,-3.063155e-004
3.359444e+003,-2.447584e-004
3.361373e+003,-2.718128e-004
3.363301e+003,-3.854429e-004
3.365230e+003,-4.852419e-004
3.367158e+003,-4.811047e-004
3.369087e+003,-4.388705e-004
3.371015e+003,-4.499921e-004
3.372944e+003,-4.439348e-004
3.374872e+003,-3.997107e-004
3.376801e+003,-4.025907e-004
3.378729e+003,-4.081189e-004
3.380658e+003,-3.976252e-004
3.382586e+003,-4.619079e-004
3.384515e+003,-5.726755e-004
3.386443e+003,-6.273373e-004
3.388372e+003,-6.270396e-004
3.390300e+003,-6.341530e-004
3.392229e+003,-6.344508e-004
3.394157e+003,-5.999411e-004
3.396086e+003,-5.858121e-004
3.398014e+003,-5.983197e-004
3.399943e+003,-6.132093e-004
3.401871e+003,-6.495707e-004
3.403800e+003,-6.882779e-004
3.405728e+003,-7.028996e-004
3.407657e+003,-7.058107e-004
3.409585e+003,-7.007825e-004
3.411514e+003,-6.840765e-004
3.413442e+003,-6.796435e-004
3.415371e+003,-7.106735e-004
3.417299e+003,-7.749099e-004
3.419228e+003,-8.471065e-004
3.421156e+003,-8.617560e-004
3.423085e+003,-7.994508e-004
3.425013e+003,-7.357804e-004
3.426942e+003,-7.447114e-004
3.428870e+003,-8.285872e-004
3.430799e+003,-9.082146e-004
3.432727e+003,-9.147945e-004
3.434656e+003,-8.754131e-004
3.436584e+003,-8.332502e-004
3.438513e+003,-8.140358e-004
3.440441e+003,-8.597058e-004
3.442370e+003,-9.027258e-004
3.444298e+003,-8.626819e-004
3.446227e+003,-7.942913e-004
3.448155e+003,-6.963828e-004
3.450084e+003,-6.076506e-004
3.452012e+003,-6.161541e-004
3.453941e+003,-6.636314e-004
3.455869e+003,-6.930416e-004
3.457798e+003,-7.158670e-004
3.459726e+003,-7.449429e-004
3.461655e+003,-7.702132e-004
3.463583e+003,-7.237729e-004
3.465512e+003,-6.073197e-004
3.467440e+003,-5.276040e-004
3.469369e+003,-5.416025e-004
3.471297e+003,-5.955403e-004
3.473226e+003,-6.080476e-004
3.475154e+003,-5.682413e-004
3.477083e+003,-5.635424e-004
3.479011e+003,-6.844073e-004
3.480940e+003,-8.199556e-004
3.482868e+003,-7.757698e-004
3.484797e+003,-6.349802e-004
3.486725e+003,-5.412385e-004
3.488654e+003,-4.696860e-004
3.490582e+003,-4.639931e-004
3.492511e+003,-6.308444e-004
3.494439e+003,-8.626489e-004
3.496368e+003,-8.962780e-004
3.498296e+003,-7.530468e-004
3.500225e+003,-7.089534e-004
3.502153e+003,-7.482506e-004
3.504082e+003,-6.726300e-004
3.506010e+003,-6.408363e-004
3.507939e+003,-7.706762e-004
3.509867e+003,-7.958458e-004
3.511796e+003,-6.369984e-004
3.513724e+003,-5.147635e-004
3.515653e+003,-5.094021e-004
3.517581e+003,-5.373335e-004
3.519510e+003,-5.707893e-004
3.521438e+003,-7.055461e-004
3.523367e+003,-8.802739e-004
3.525295e+003,-9.132735e-004
3.527224e+003,-8.354328e-004
3.529152e+003,-6.937032e-004
3.531081e+003,-4.600543e-004
3.533009e+003,-2.741639e-004
3.534938e+003,-2.745613e-004
3.536866e+003,-3.208178e-004
3.538795e+003,-2.522093e-004
3.540723e+003,-1.795494e-004
3.542652e+003,-2.570772e-004
3.544580e+003,-4.667403e-004
3.546509e+003,-5.876651e-004
3.548437e+003,-5.374328e-004
3.550366e+003,-4.781260e-004
3.552294e+003,-4.009356e-004
3.554223e+003,-2.335322e-004
3.556151e+003,-7.328631e-005
3.558080e+003,-8.184031e-006
3.560008e+003,-5.685429e-005
3.561937e+003,-2.429040e-004
3.563865e+003,-6.023234e-004
3.565794e+003,-9.475930e-004
3.567722e+003,-7.469275e-004
3.569651e+003,-1.727928e-004
3.571579e+003,2.074023e-004
3.573508e+003,3.792521e-004
3.575436e+003,4.975938e-004
3.577365e+003,5.573075e-004
3.579293e+003,5.266534e-004
3.581222e+003,5.272505e-004
3.583150e+003,5.280136e-004
3.585079e+003,2.496042e-004
3.587007e+003,-1.161524e-004
3.588936e+003,6.160055e-005
3.590864e+003,4.078064e-004
3.592793e+003,4.826666e-004
3.594721e+003,5.128863e-004
3.596650e+003,6.096633e-004
3.598578e+003,6.216749e-004
3.600507e+003,7.200692e-004
3.602435e+003,9.977841e-004
3.604364e+003,1.118221e-003
3.606292e+003,9.279817e-004
3.608221e+003,7.902032e-004
3.610149e+003,9.345896e-004
3.612078e+003,1.076499e-003
3.614006e+003,1.144997e-003
3.615935e+003,1.125596e-003
3.617863e+003,1.041823e-003
3.619792e+003,1.320675e-003
3.621720e+003,1.944643e-003
3.623649e+003,2.386897e-003
3.625577e+003,2.330728e-003
3.627506e+003,1.821382e-003
3.629434e+003,1.856387e-003
3.631363e+003,2.654779e-003
3.633291e+003,3.354456e-003
3.635220e+003,3.863332e-003
3.637148e+003,4.243732e-003
3.639077e+003,4.547918e-003
3.641005e+003,4.836066e-003
3.642934e+003,5.023367e-003
3.644862e+003,4.851144e-003
3.646791e+003,4.146443e-003
3.648719e+003,3.778762e-003
3.650648e+003,5.020987e-003
3.652576e+003,6.445445e-003
3.654505e+003,7.226619e-003
3.656433e+003,7.802527e-003
3.658362e+003,8.428724e-003
3.660290e+003,8.851525e-003
3.662219e+003,9.036168e-003
3.664147e+003,9.055689e-003
3.666076e+003,8.777677e-003
3.668004e+003,8.085991e-003
3.669933e+003,7.501212e-003
3.671861e+003,7.532599e-003
3.673790e+003,7.519349e-003
3.675718e+003,7.258761e-003
3.677647e+003,7.211695e-003
3.679575e+003,7.450952e-003
3.681504e+003,7.862681e-003
3.683432e+003,8.112761e-003
3.685361e+003,7.887041e-003
3.687289e+003,7.205833e-003
3.689218e+003,6.586510e-003
3.691146e+003,6.579210e-003
3.693075e+003,6.759187e-003
3.695003e+003,6.702551e-003
3.696932e+003,6.361884e-003
3.698860e+003,5.797754e-003
3.700789e+003,5.106470e-003
3.702717e+003,4.583913e-003
3.704646e+003,4.269096e-003
3.706574e+003,3.817836e-003
3.708503e+003,3.006695e-003
3.710431e+003,2.094974e-003
3.712360e+003,2.011281e-003
3.714288e+003,2.613676e-003
3.716217e+003,3.058913e-003
3.718145e+003,3.118513e-003
3.720073e+003,2.863920e-003
3.722002e+003,2.511452e-003
3.723931e+003,2.331661e-003
3.725859e+003,2.386330e-003
3.727788e+003,2.484292e-003
3.729716e+003,2.304712e-003
3.731645e+003,1.734880e-003
3.733573e+003,1.097459e-003
3.735502e+003,9.806147e-004
3.737430e+003,1.451839e-003
3.739359e+003,1.881344e-003
3.741287e+003,1.883274e-003
3.743216e+003,1.399349e-003
3.745144e+003,9.175224e-004
3.747073e+003,7.395847e-004
3.749001e+003,4.267109e-004
3.750930e+003,4.850881e-004
3.752858e+003,1.324497e-003
3.754787e+003,1.967243e-003
3.756715e+003,2.122609e-003
3.758644e+003,2.211920e-003
3.760572e+003,2.563011e-003
3.762500e+003,2.803655e-003
3.764429e+003,2.729627e-003
3.766358e+003,2.601642e-003
3.768286e+003,2.535481e-003
3.770215e+003,2.628210e-003
3.772143e+003,2.964024e-003
3.774072e+003,3.247952e-003
3.776000e+003,3.252359e-003
3.777928e+003,3.054809e-003
3.779857e+003,2.988345e-003
3.781786e+003,3.040661e-003
3.783714e+003,3.006595e-003
3.785643e+003,3.042330e-003
3.787571e+003,3.184196e-003
3.789500e+003,3.275961e-003
3.791428e+003,3.268884e-003
3.793356e+003,3.088245e-003
3.795285e+003,2.726126e-003
3.797214e+003,2.408953e-003
3.799142e+003,2.103365e-003
3.801071e+003,1.837187e-003
3.802999e+003,2.037013e-003
3.804927e+003,2.278231e-003
3.806856e+003,2.454535e-003
3.808784e+003,2.878028e-003
3.810713e+003,3.202320e-003
3.812642e+003,3.124187e-003
3.814570e+003,2.679982e-003
3.816499e+003,2.203960e-003
3.818427e+003,1.848833e-003
3.820355e+003,1.614205e-003
3.822284e+003,1.929467e-003
3.824212e+003,2.373204e-003
3.826141e+003,2.585643e-003
3.828070e+003,2.751901e-003
3.829998e+003,2.856449e-003
3.831927e+003,2.773775e-003
3.833855e+003,2.458300e-003
3.835783e+003,1.926704e-003
3.837712e+003,1.549724e-003
3.839641e+003,1.806775e-003
3.841569e+003,2.363376e-003
3.843498e+003,2.828100e-003
3.845426e+003,3.141608e-003
3.847354e+003,3.187667e-003
3.849283e+003,2.843608e-003
3.851211e+003,2.075531e-003
3.853140e+003,1.472552e-003
3.855069e+003,1.949569e-003
3.856997e+003,2.610076e-003
3.858926e+003,2.876227e-003
3.860854e+003,2.722758e-003
3.862782e+003,2.474961e-003
3.864711e+003,2.564911e-003
3.866639e+003,2.706554e-003
3.868568e+003,2.456900e-003
3.870497e+003,2.185144e-003
3.872425e+003,2.332028e-003
3.874354e+003,2.698286e-003
3.876282e+003,2.996352e-003
3.878210e+003,2.952115e-003
3.880139e+003,2.716523e-003
3.882067e+003,2.660813e-003
3.883996e+003,2.700453e-003
3.885925e+003,2.856515e-003
3.887853e+003,3.008730e-003
3.889781e+003,2.859584e-003
3.891710e+003,2.711289e-003
3.893638e+003,2.924026e-003
3.895567e+003,3.114442e-003
3.897495e+003,2.987911e-003
3.899424e+003,2.690017e-003
3.901353e+003,2.443772e-003
3.903281e+003,2.339756e-003
3.905209e+003,2.590209e-003
3.907138e+003,3.050037e-003
3.909066e+003,3.379801e-003
3.910995e+003,3.505944e-003
3.912923e+003,3.434268e-003
3.914852e+003,3.190604e-003
3.916781e+003,2.979137e-003
3.918709e+003,2.965125e-003
3.920637e+003,2.982473e-003
3.922566e+003,2.856482e-003
3.924494e+003,2.736629e-003
3.926423e+003,2.821296e-003
3.928352e+003,2.933267e-003
3.930280e+003,2.919790e-003
3.932208e+003,2.880563e-003
3.934137e+003,2.901044e-003
3.936065e+003,2.962189e-003
3.937994e+003,3.016704e-003
3.939922e+003,2.978904e-003
3.941851e+003,2.858983e-003
3.943780e+003,2.847410e-003
3.945708e+003,2.899542e-003
3.947636e+003,2.875994e-003
3.949565e+003,2.912585e-003
3.951493e+003,3.049570e-003
3.953422e+003,3.152655e-003
3.955350e+003,3.199650e-003
3.957279e+003,3.214504e-003
3.959208e+003,3.179756e-003
3.961136e+003,3.139338e-003
3.963064e+003,3.171512e-003
3.964993e+003,3.227322e-003
3.966921e+003,3.219211e-003
3.968850e+003,3.159497e-003
3.970778e+003,3.106866e-003
3.972707e+003,3.073829e-003
3.974635e+003,3.083106e-003
3.976564e+003,3.190604e-003
3.978492e+003,3.313754e-003
3.980421e+003,3.359565e-003
3.982349e+003,3.397299e-003
