3.991992e+002,6.669005e-001
4.011277e+002,5.047622e-001
4.030562e+002,3.121373e-001
4.049847e+002,3.205723e-001
4.069132e+002,4.375961e-001
4.088417e+002,4.844652e-001
4.107702e+002,4.267220e-001
4.126987e+002,3.193663e-001
4.146272e+002,3.116459e-001
4.165557e+002,4.661153e-001
4.184842e+002,6.415167e-001
4.204127e+002,6.620027e-001
4.223412e+002,5.174190e-001
4.242697e+002,3.154643e-001
4.261982e+002,1.550561e-001
4.281267e+002,1.573706e-001
4.300552e+002,5.702161e-001
4.319837e+002,1.596178e+000
4.339122e+002,6.000000e+000
4.358407e+002,6.000000e+000
4.377692e+002,1.020892e+000
4.396977e+002,4.197104e-001
4.416262e+002,2.448825e-001
4.435547e+002,3.711295e-001
4.454832e+002,5.811331e-001
4.474117e+002,6.561782e-001
4.493401e+002,6.055892e-001
4.512686e+002,5.826834e-001
4.531971e+002,6.402586e-001
4.551256e+002,7.007467e-001
4.570541e+002,9.371114e-001
4.589826e+002,6.000000e+000
4.609111e+002,6.000000e+000
4.628396e+002,6.000000e+000
4.647681e+002,6.000000e+000
4.666966e+002,1.182838e+000
4.686251e+002,1.008192e+000
4.705536e+002,8.365335e-001
4.724821e+002,6.420986e-001
4.744106e+002,6.341193e-001
4.763391e+002,1.135828e+000
4.782676e+002,6.000000e+000
4.801961e+002,2.111301e+000
4.821246e+002,1.174153e+000
4.840531e+002,9.156886e-001
4.859816e+002,7.004151e-001
4.879101e+002,6.092451e-001
4.898386e+002,6.701574e-001
4.917671e+002,8.978689e-001
4.936956e+002,1.045682e+000
4.956241e+002,8.505538e-001
4.975526e+002,7.388554e-001
4.994811e+002,1.137509e+000
5.014096e+002,6.000000e+000
5.033381e+002,6.000000e+000
5.052666e+002,1.249458e+000
5.071951e+002,5.852784e-001
5.091236e+002,3.341658e-001
5.110521e+002,2.322845e-001
5.129806e+002,2.190607e-001
5.149091e+002,2.134645e-001
5.168376e+002,1.937848e-001
5.187661e+002,1.532417e-001
5.206946e+002,1.125266e-001
5.226231e+002,8.606571e-002
5.245516e+002,7.597324e-002
5.264801e+002,8.085497e-002
5.284086e+002,8.418921e-002
5.303371e+002,7.995842e-002
5.322656e+002,7.707382e-002
5.341941e+002,7.621121e-002
5.361226e+002,7.275280e-002
5.380511e+002,6.848940e-002
5.399796e+002,6.581771e-002
5.419081e+002,6.408357e-002
5.438365e+002,6.258696e-002
5.457651e+002,6.176470e-002
5.476935e+002,6.224355e-002
5.496221e+002,6.298722e-002
5.515505e+002,6.195176e-002
5.534791e+002,5.908303e-002
5.554075e+002,5.663682e-002
5.573361e+002,5.674072e-002
5.592645e+002,5.847271e-002
5.611931e+002,5.912187e-002
5.631215e+002,5.890062e-002
5.650500e+002,5.984451e-002
5.669786e+002,6.105957e-002
5.689070e+002,6.019555e-002
5.708356e+002,5.839959e-002
5.727640e+002,5.832815e-002
5.746926e+002,5.965627e-002
5.766210e+002,5.984576e-002
5.785496e+002,5.841142e-002
5.804780e+002,5.672905e-002
5.824066e+002,5.523010e-002
5.843350e+002,5.435494e-002
5.862635e+002,5.423194e-002
5.881920e+002,5.437995e-002
5.901205e+002,5.440241e-002
5.920490e+002,5.366458e-002
5.939775e+002,5.225013e-002
5.959060e+002,5.146118e-002
5.978345e+002,5.161176e-002
5.997630e+002,5.188775e-002
6.016915e+002,5.187898e-002
6.036200e+002,5.169185e-002
6.055485e+002,5.143018e-002
6.074770e+002,5.144484e-002
6.094055e+002,5.211263e-002
6.113340e+002,5.254942e-002
6.132625e+002,5.185094e-002
6.151910e+002,5.068405e-002
6.171195e+002,4.986801e-002
6.190480e+002,4.958880e-002
6.209765e+002,4.950231e-002
6.229050e+002,4.907629e-002
6.248335e+002,4.828767e-002
6.267620e+002,4.747106e-002
6.286905e+002,4.704470e-002
6.306190e+002,4.728951e-002
6.325475e+002,4.785286e-002
6.344760e+002,4.790095e-002
6.364045e+002,4.717507e-002
6.383330e+002,4.629883e-002
6.402615e+002,4.579508e-002
6.421900e+002,4.566045e-002
6.441185e+002,4.552227e-002
6.460470e+002,4.510061e-002
6.479755e+002,4.461271e-002
6.499040e+002,4.433616e-002
6.518325e+002,4.420727e-002
6.537610e+002,4.407442e-002
6.556895e+002,4.392936e-002
6.576180e+002,4.381547e-002
6.595464e+002,4.373705e-002
6.614750e+002,4.360060e-002
6.634034e+002,4.337160e-002
6.653320e+002,4.321250e-002
6.672604e+002,4.307644e-002
6.691890e+002,4.268837e-002
6.711174e+002,4.232351e-002
6.730460e+002,4.210565e-002
6.749745e+002,4.192118e-002
6.769030e+002,4.181420e-002
6.788315e+002,4.178031e-002
6.807599e+002,4.168551e-002
6.826885e+002,4.152801e-002
6.846169e+002,4.141267e-002
6.865455e+002,4.131518e-002
6.884739e+002,4.115673e-002
6.904025e+002,4.097390e-002
6.923309e+002,4.082223e-002
6.942595e+002,4.066247e-002
6.961879e+002,4.044482e-002
6.981165e+002,4.014646e-002
7.000449e+002,3.980613e-002
7.019734e+002,3.952714e-002
7.039019e+002,3.933796e-002
7.058304e+002,3.917101e-002
7.077589e+002,3.901516e-002
7.096874e+002,3.891179e-002
7.116159e+002,3.879873e-002
7.135444e+002,3.862338e-002
7.154729e+002,3.848571e-002
7.174014e+002,3.849548e-002
7.193299e+002,3.856688e-002
7.212584e+002,3.850743e-002
7.231869e+002,3.834070e-002
7.251154e+002,3.821853e-002
7.270439e+002,3.818864e-002
7.289724e+002,3.829162e-002
7.309009e+002,3.850247e-002
7.328294e+002,3.867756e-002
7.347579e+002,3.879805e-002
7.366864e+002,3.901269e-002
7.386149e+002,3.936001e-002
7.405434e+002,3.965382e-002
7.424719e+002,3.982345e-002
7.444004e+002,4.000496e-002
7.463289e+002,4.022198e-002
7.482574e+002,4.039402e-002
7.501859e+002,4.053684e-002
7.521144e+002,4.068794e-002
7.540429e+002,4.076749e-002
7.559714e+002,4.076061e-002
7.578999e+002,4.076094e-002
7.598284e+002,4.071552e-002
7.617569e+002,4.056318e-002
7.636854e+002,4.038460e-002
7.656139e+002,4.017815e-002
7.675424e+002,3.987549e-002
7.694709e+002,3.955704e-002
7.713994e+002,3.935508e-002
7.733279e+002,3.929570e-002
7.752563e+002,3.935584e-002
7.771849e+002,3.942724e-002
7.791133e+002,3.931532e-002
7.810419e+002,3.891313e-002
7.829703e+002,3.824965e-002
7.848989e+002,3.750138e-002
7.868274e+002,3.693091e-002
7.887559e+002,3.659421e-002
7.906844e+002,3.638666e-002
7.926129e+002,3.631821e-002
7.945414e+002,3.632946e-002
7.964698e+002,3.624365e-002
7.983984e+002,3.604635e-002
8.003268e+002,3.580528e-002
8.022554e+002,3.551968e-002
8.041838e+002,3.519572e-002
8.061124e+002,3.486822e-002
8.080408e+002,3.459264e-002
8.099694e+002,3.441377e-002
8.118978e+002,3.429704e-002
8.138264e+002,3.419884e-002
8.157548e+002,3.413471e-002
8.176833e+002,3.407110e-002
8.196118e+002,3.394600e-002
8.215403e+002,3.377796e-002
8.234688e+002,3.356936e-002
8.253973e+002,3.330365e-002
8.273258e+002,3.304086e-002
8.292543e+002,3.277554e-002
8.311828e+002,3.242855e-002
8.331113e+002,3.209243e-002
8.350398e+002,3.186841e-002
8.369683e+002,3.161643e-002
8.388969e+002,3.126623e-002
8.408253e+002,3.095453e-002
8.427538e+002,3.069646e-002
8.446823e+002,3.037333e-002
8.466108e+002,3.000457e-002
8.485393e+002,2.966451e-002
8.504678e+002,2.929386e-002
8.523963e+002,2.887435e-002
8.543248e+002,2.856468e-002
8.562533e+002,2.844668e-002
8.581818e+002,2.843829e-002
8.601103e+002,2.849232e-002
8.620388e+002,2.859932e-002
8.639673e+002,2.870487e-002
8.658958e+002,2.874469e-002
8.678243e+002,2.874717e-002
8.697528e+002,2.884322e-002
8.716813e+002,2.909166e-002
8.736098e+002,2.934494e-002
8.755383e+002,2.947117e-002
8.774668e+002,2.955610e-002
8.793953e+002,2.965734e-002
8.813238e+002,2.971371e-002
8.832523e+002,2.974408e-002
8.851808e+002,2.976002e-002
8.871093e+002,2.969196e-002
8.890378e+002,2.954390e-002
8.909662e+002,2.939061e-002
8.928948e+002,2.928064e-002
8.948233e+002,2.923407e-002
8.967518e+002,2.922599e-002
8.986803e+002,2.914420e-002
9.006088e+002,2.892425e-002
9.025373e+002,2.865340e-002
9.044658e+002,2.840890e-002
9.063943e+002,2.819748e-002
9.083228e+002,2.800204e-002
9.102513e+002,2.775427e-002
9.121797e+002,2.747839e-002
9.141083e+002,2.727777e-002
9.160367e+002,2.709621e-002
9.179653e+002,2.685780e-002
9.198937e+002,2.661956e-002
9.218223e+002,2.640950e-002
9.237507e+002,2.622451e-002
9.256793e+002,2.607540e-002
9.276077e+002,2.593314e-002
9.295363e+002,2.579311e-002
9.314647e+002,2.566057e-002
9.333932e+002,2.548422e-002
9.353217e+002,2.526506e-002
9.372502e+002,2.511376e-002
9.391787e+002,2.507886e-002
9.411072e+002,2.510923e-002
9.430357e+002,2.518647e-002
9.449642e+002,2.529572e-002
9.468927e+002,2.535072e-002
9.488212e+002,2.527752e-002
9.507498e+002,2.520294e-002
9.526782e+002,2.529326e-002
9.546068e+002,2.544033e-002
9.565352e+002,2.549191e-002
9.584637e+002,2.550207e-002
9.603922e+002,2.552621e-002
9.623207e+002,2.554494e-002
9.642492e+002,2.559850e-002
9.661777e+002,2.569938e-002
9.681062e+002,2.579121e-002
9.700347e+002,2.586414e-002
9.719632e+002,2.592544e-002
9.738917e+002,2.596775e-002
9.758202e+002,2.601588e-002
9.777487e+002,2.611122e-002
9.796772e+002,2.624021e-002
9.816057e+002,2.635423e-002
9.835342e+002,2.645947e-002
9.854627e+002,2.658412e-002
9.873912e+002,2.669009e-002
9.893197e+002,2.672765e-002
9.912482e+002,2.676194e-002
9.931767e+002,2.687765e-002
9.951052e+002,2.704977e-002
9.970337e+002,2.721607e-002
9.989622e+002,2.733472e-002
1.000891e+003,2.744158e-002
1.002819e+003,2.759871e-002
1.004748e+003,2.776836e-002
1.006676e+003,2.791822e-002
1.008605e+003,2.808665e-002
1.010533e+003,2.828192e-002
1.012462e+003,2.847820e-002
1.014390e+003,2.863931e-002
1.016319e+003,2.876667e-002
1.018247e+003,2.889276e-002
1.020176e+003,2.902229e-002
1.022104e+003,2.916086e-002
1.024033e+003,2.931329e-002
1.025961e+003,2.949113e-002
1.027890e+003,2.971361e-002
1.029818e+003,2.994646e-002
1.031747e+003,3.011021e-002
1.033675e+003,3.019435e-002
1.035604e+003,3.027456e-002
1.037532e+003,3.036569e-002
1.039461e+003,3.041850e-002
1.041389e+003,3.045240e-002
1.043318e+003,3.054102e-002
1.045246e+003,3.070229e-002
1.047175e+003,3.085466e-002
1.049103e+003,3.090828e-002
1.051032e+003,3.089227e-002
1.052960e+003,3.092379e-002
1.054889e+003,3.105865e-002
1.056817e+003,3.125288e-002
1.058746e+003,3.145471e-002
1.060674e+003,3.163724e-002
1.062603e+003,3.177561e-002
1.064531e+003,3.187198e-002
1.066460e+003,3.194790e-002
1.068388e+003,3.202205e-002
1.070317e+003,3.212954e-002
1.072245e+003,3.226103e-002
1.074174e+003,3.238925e-002
1.076102e+003,3.254539e-002
1.078031e+003,3.273781e-002
1.079959e+003,3.294094e-002
1.081888e+003,3.312220e-002
1.083816e+003,3.324717e-002
1.085745e+003,3.332658e-002
1.087673e+003,3.341160e-002
1.089602e+003,3.351410e-002
1.091530e+003,3.359743e-002
1.093459e+003,3.366101e-002
1.095387e+003,3.372668e-002
1.097316e+003,3.378205e-002
1.099244e+003,3.383004e-002
1.101173e+003,3.389731e-002
1.103101e+003,3.398369e-002
1.105030e+003,3.406726e-002
1.106958e+003,3.410339e-002
1.108887e+003,3.404715e-002
1.110815e+003,3.392966e-002
1.112744e+003,3.383398e-002
1.114672e+003,3.379397e-002
1.116601e+003,3.376840e-002
1.118529e+003,3.371855e-002
1.120458e+003,3.365213e-002
1.122386e+003,3.360226e-002
1.124315e+003,3.359804e-002
1.126243e+003,3.362270e-002
1.128172e+003,3.365467e-002
1.130100e+003,3.368450e-002
1.132029e+003,3.370731e-002
1.133957e+003,3.374624e-002
1.135886e+003,3.377299e-002
1.137814e+003,3.374967e-002
1.139743e+003,3.374484e-002
1.141671e+003,3.380572e-002
1.143600e+003,3.386618e-002
1.145528e+003,3.390104e-002
1.147457e+003,3.397155e-002
1.149385e+003,3.410235e-002
1.151314e+003,3.425326e-002
1.153242e+003,3.438289e-002
1.155171e+003,3.447654e-002
1.157099e+003,3.453035e-002
1.159028e+003,3.458744e-002
1.160956e+003,3.470517e-002
1.162885e+003,3.483699e-002
1.164813e+003,3.491321e-002
1.166742e+003,3.494068e-002
1.168670e+003,3.494794e-002
1.170599e+003,3.498898e-002
1.172527e+003,3.510166e-002
1.174456e+003,3.521293e-002
1.176384e+003,3.524006e-002
1.178313e+003,3.520247e-002
1.180241e+003,3.517624e-002
1.182170e+003,3.520995e-002
1.184098e+003,3.527351e-002
1.186026e+003,3.529975e-002
1.187955e+003,3.528696e-002
1.189884e+003,3.530747e-002
1.191812e+003,3.537541e-002
1.193740e+003,3.542466e-002
1.195669e+003,3.543993e-002
1.197598e+003,3.544511e-002
1.199526e+003,3.542207e-002
1.201454e+003,3.537347e-002
1.203383e+003,3.534820e-002
1.205312e+003,3.535255e-002
1.207240e+003,3.537994e-002
1.209168e+003,3.544932e-002
1.211097e+003,3.552335e-002
1.213026e+003,3.554604e-002
1.214954e+003,3.553187e-002
1.216882e+003,3.550609e-002
1.218811e+003,3.548222e-002
1.220740e+003,3.547920e-002
1.222668e+003,3.550620e-002
1.224597e+003,3.553878e-002
1.226525e+003,3.551709e-002
1.228453e+003,3.545086e-002
1.230382e+003,3.540370e-002
1.232311e+003,3.538213e-002
1.234239e+003,3.536563e-002
1.236167e+003,3.533907e-002
1.238096e+003,3.527049e-002
1.240025e+003,3.516198e-002
1.241953e+003,3.508305e-002
1.243881e+003,3.505248e-002
1.245810e+003,3.499940e-002
1.247739e+003,3.489684e-002
1.249667e+003,3.477761e-002
1.251595e+003,3.467395e-002
1.253524e+003,3.459619e-002
1.255453e+003,3.452142e-002
1.257381e+003,3.445261e-002
1.259309e+003,3.439272e-002
1.261238e+003,3.427209e-002
1.263167e+003,3.407636e-002
1.265095e+003,3.389670e-002
1.267023e+003,3.379637e-002
1.268952e+003,3.375880e-002
1.270880e+003,3.367874e-002
1.272809e+003,3.345447e-002
1.274737e+003,3.314710e-002
1.276666e+003,3.288472e-002
1.278594e+003,3.270019e-002
1.280523e+003,3.254149e-002
1.282451e+003,3.236704e-002
1.284380e+003,3.220700e-002
1.286308e+003,3.207021e-002
1.288237e+003,3.185904e-002
1.290165e+003,3.152029e-002
1.292094e+003,3.116412e-002
1.294022e+003,3.090831e-002
1.295951e+003,3.073458e-002
1.297879e+003,3.055751e-002
1.299808e+003,3.035326e-002
1.301736e+003,3.015531e-002
1.303665e+003,3.003042e-002
1.305593e+003,3.001661e-002
1.307522e+003,3.007928e-002
1.309450e+003,3.027033e-002
1.311379e+003,3.065841e-002
1.313307e+003,3.101880e-002
1.315236e+003,3.114746e-002
1.317164e+003,3.111265e-002
1.319093e+003,3.081141e-002
1.321021e+003,3.022859e-002
1.322950e+003,2.969587e-002
1.324878e+003,2.936689e-002
1.326807e+003,2.916528e-002
1.328735e+003,2.899792e-002
1.330664e+003,2.880413e-002
1.332592e+003,2.866296e-002
1.334521e+003,2.880622e-002
1.336449e+003,2.939497e-002
1.338378e+003,2.996864e-002
1.340306e+003,2.953312e-002
1.342235e+003,2.845627e-002
1.344163e+003,2.778379e-002
1.346092e+003,2.761029e-002
1.348020e+003,2.763673e-002
1.349949e+003,2.765217e-002
1.351877e+003,2.764712e-002
1.353806e+003,2.767561e-002
1.355734e+003,2.767346e-002
1.357663e+003,2.778097e-002
1.359591e+003,2.829243e-002
1.361520e+003,2.888444e-002
1.363448e+003,2.862427e-002
1.365377e+003,2.791493e-002
1.367305e+003,2.765111e-002
1.369234e+003,2.770277e-002
1.371162e+003,2.799787e-002
1.373091e+003,2.851599e-002
1.375019e+003,2.849476e-002
1.376948e+003,2.787123e-002
1.378876e+003,2.731436e-002
1.380805e+003,2.690627e-002
1.382733e+003,2.676130e-002
1.384662e+003,2.712905e-002
1.386590e+003,2.758105e-002
1.388519e+003,2.732092e-002
1.390447e+003,2.693718e-002
1.392376e+003,2.730737e-002
1.394304e+003,2.817920e-002
1.396233e+003,2.855700e-002
1.398161e+003,2.804127e-002
1.400090e+003,2.704800e-002
1.402018e+003,2.642602e-002
1.403947e+003,2.634377e-002
1.405875e+003,2.613061e-002
1.407804e+003,2.576617e-002
1.409732e+003,2.565769e-002
1.411661e+003,2.564503e-002
1.413589e+003,2.577932e-002
1.415518e+003,2.651276e-002
1.417446e+003,2.755496e-002
1.419375e+003,2.750406e-002
1.421303e+003,2.669002e-002
1.423232e+003,2.618227e-002
1.425160e+003,2.571323e-002
1.427089e+003,2.549521e-002
1.429017e+003,2.565906e-002
1.430946e+003,2.568897e-002
1.432874e+003,2.576086e-002
1.434803e+003,2.619786e-002
1.436731e+003,2.602918e-002
1.438660e+003,2.487313e-002
1.440588e+003,2.399488e-002
1.442517e+003,2.367383e-002
1.444445e+003,2.382928e-002
1.446374e+003,2.427731e-002
1.448302e+003,2.435538e-002
1.450231e+003,2.406541e-002
1.452159e+003,2.430201e-002
1.454088e+003,2.559330e-002
1.456016e+003,2.764796e-002
1.457945e+003,2.719568e-002
1.459873e+003,2.462300e-002
1.461802e+003,2.346673e-002
1.463730e+003,2.343396e-002
1.465659e+003,2.310138e-002
1.467587e+003,2.254287e-002
1.469516e+003,2.307730e-002
1.471444e+003,2.480963e-002
1.473373e+003,2.553359e-002
1.475301e+003,2.395864e-002
1.477230e+003,2.229341e-002
1.479158e+003,2.148848e-002
1.481087e+003,2.123191e-002
1.483015e+003,2.122206e-002
1.484944e+003,2.189684e-002
1.486872e+003,2.353536e-002
1.488801e+003,2.479974e-002
1.490729e+003,2.372880e-002
1.492658e+003,2.243446e-002
1.494586e+003,2.268661e-002
1.496515e+003,2.373412e-002
1.498443e+003,2.367348e-002
1.500372e+003,2.286875e-002
1.502300e+003,2.287168e-002
1.504229e+003,2.441952e-002
1.506157e+003,2.776532e-002
1.508086e+003,2.824161e-002
1.510014e+003,2.566303e-002
1.511943e+003,2.422941e-002
1.513871e+003,2.435377e-002
1.515800e+003,2.555499e-002
1.517728e+003,2.669682e-002
1.519657e+003,2.772477e-002
1.521585e+003,2.850106e-002
1.523514e+003,2.785328e-002
1.525442e+003,2.668121e-002
1.527371e+003,2.540608e-002
1.529299e+003,2.458783e-002
1.531228e+003,2.494622e-002
1.533156e+003,2.580358e-002
1.535085e+003,2.598109e-002
1.537013e+003,2.671602e-002
1.538942e+003,2.965397e-002
1.540870e+003,3.263025e-002
1.542799e+003,3.105994e-002
1.544727e+003,2.823397e-002
1.546656e+003,2.652012e-002
1.548584e+003,2.631726e-002
1.550513e+003,2.690563e-002
1.552441e+003,2.783191e-002
1.554370e+003,2.936249e-002
1.556298e+003,3.146062e-002
1.558227e+003,3.295027e-002
1.560155e+003,3.099374e-002
1.562084e+003,2.937072e-002
1.564012e+003,2.903462e-002
1.565941e+003,2.935540e-002
1.567869e+003,3.015279e-002
1.569798e+003,3.053785e-002
1.571726e+003,3.028511e-002
1.573655e+003,3.081543e-002
1.575583e+003,3.188107e-002
1.577512e+003,3.137104e-002
1.579440e+003,3.011408e-002
1.581369e+003,2.950244e-002
1.583297e+003,2.939085e-002
1.585226e+003,2.947634e-002
1.587154e+003,2.968160e-002
1.589083e+003,2.995927e-002
1.591011e+003,3.023374e-002
1.592940e+003,3.047927e-002
1.594868e+003,3.055456e-002
1.596797e+003,3.038609e-002
1.598725e+003,3.030209e-002
1.600654e+003,3.049655e-002
1.602582e+003,3.068803e-002
1.604511e+003,3.075621e-002
1.606439e+003,3.093749e-002
1.608368e+003,3.105360e-002
1.610296e+003,3.081262e-002
1.612225e+003,3.077676e-002
1.614153e+003,3.155582e-002
1.616082e+003,3.243948e-002
1.618010e+003,3.196702e-002
1.619939e+003,3.145022e-002
1.621867e+003,3.168304e-002
1.623796e+003,3.152318e-002
1.625724e+003,3.066268e-002
1.627653e+003,2.969374e-002
1.629581e+003,2.875198e-002
1.631510e+003,2.850123e-002
1.633438e+003,2.941443e-002
1.635367e+003,3.059683e-002
1.637295e+003,2.950507e-002
1.639224e+003,2.763666e-002
1.641152e+003,2.670915e-002
1.643081e+003,2.700647e-002
1.645009e+003,2.858885e-002
1.646938e+003,2.986339e-002
1.648866e+003,2.923669e-002
1.650795e+003,2.910462e-002
1.652723e+003,2.931538e-002
1.654652e+003,2.697431e-002
1.656580e+003,2.484176e-002
1.658509e+003,2.409920e-002
1.660437e+003,2.438261e-002
1.662366e+003,2.465877e-002
1.664294e+003,2.418544e-002
1.666223e+003,2.427885e-002
1.668151e+003,2.553229e-002
1.670080e+003,2.633616e-002
1.672008e+003,2.574606e-002
1.673937e+003,2.506815e-002
1.675865e+003,2.442916e-002
1.677794e+003,2.424038e-002
1.679722e+003,2.501979e-002
1.681651e+003,2.658359e-002
1.683579e+003,2.782226e-002
1.685508e+003,2.688054e-002
1.687436e+003,2.558075e-002
1.689365e+003,2.473158e-002
1.691293e+003,2.431129e-002
1.693222e+003,2.496939e-002
1.695150e+003,2.698316e-002
1.697079e+003,2.898003e-002
1.699007e+003,2.905722e-002
1.700936e+003,2.776889e-002
1.702864e+003,2.704670e-002
1.704793e+003,2.671518e-002
1.706721e+003,2.569611e-002
1.708650e+003,2.457601e-002
1.710578e+003,2.429500e-002
1.712507e+003,2.512253e-002
1.714435e+003,2.694060e-002
1.716364e+003,2.800550e-002
1.718292e+003,2.579986e-002
1.720221e+003,2.327781e-002
1.722149e+003,2.203416e-002
1.724078e+003,2.126969e-002
1.726006e+003,2.082650e-002
1.727935e+003,2.108913e-002
1.729863e+003,2.201813e-002
1.731792e+003,2.312556e-002
1.733720e+003,2.307859e-002
1.735649e+003,2.150412e-002
1.737577e+003,2.053085e-002
1.739506e+003,2.017372e-002
1.741434e+003,1.984344e-002
1.743363e+003,1.965401e-002
1.745291e+003,1.981143e-002
1.747220e+003,2.023450e-002
1.749148e+003,1.999132e-002
1.751077e+003,1.827900e-002
1.753005e+003,1.662508e-002
1.754934e+003,1.606862e-002
1.756862e+003,1.604534e-002
1.758791e+003,1.599924e-002
1.760719e+003,1.588364e-002
1.762648e+003,1.532304e-002
1.764576e+003,1.472231e-002
1.766505e+003,1.485330e-002
1.768433e+003,1.570496e-002
1.770362e+003,1.678399e-002
1.772290e+003,1.677869e-002
1.774219e+003,1.522660e-002
1.776147e+003,1.384739e-002
1.778076e+003,1.326273e-002
1.780004e+003,1.296317e-002
1.781932e+003,1.241138e-002
1.783861e+003,1.176518e-002
1.785790e+003,1.121885e-002
1.787718e+003,1.111696e-002
1.789646e+003,1.182027e-002
1.791575e+003,1.260804e-002
1.793504e+003,1.224700e-002
1.795432e+003,1.149111e-002
1.797360e+003,1.116982e-002
1.799289e+003,1.111159e-002
1.801218e+003,1.072329e-002
1.803146e+003,9.957068e-003
1.805074e+003,9.481574e-003
1.807003e+003,9.562757e-003
1.808932e+003,9.916929e-003
1.810860e+003,9.934421e-003
1.812788e+003,9.422178e-003
1.814717e+003,8.971624e-003
1.816646e+003,8.849767e-003
1.818574e+003,8.846555e-003
1.820502e+003,8.981941e-003
1.822431e+003,9.427968e-003
1.824359e+003,9.968289e-003
1.826288e+003,1.038428e-002
1.828217e+003,1.079747e-002
1.830145e+003,1.059935e-002
1.832073e+003,9.697351e-003
1.834002e+003,9.176250e-003
1.835931e+003,9.161596e-003
1.837859e+003,9.191547e-003
1.839787e+003,9.363434e-003
1.841716e+003,1.006462e-002
1.843645e+003,1.081860e-002
1.845573e+003,1.058730e-002
1.847501e+003,9.752785e-003
1.849430e+003,9.027880e-003
1.851359e+003,8.605042e-003
1.853287e+003,8.449467e-003
1.855215e+003,8.442710e-003
1.857144e+003,8.531742e-003
1.859073e+003,8.614572e-003
1.861001e+003,8.615011e-003
1.862929e+003,8.745930e-003
1.864858e+003,9.405146e-003
1.866786e+003,1.048494e-002
1.868715e+003,1.074133e-002
1.870643e+003,9.696944e-003
1.872572e+003,8.751407e-003
1.874500e+003,8.422305e-003
1.876429e+003,8.400854e-003
1.878357e+003,8.414265e-003
1.880286e+003,8.415041e-003
1.882214e+003,8.470246e-003
1.884143e+003,8.575706e-003
1.886071e+003,8.766215e-003
1.888000e+003,9.099504e-003
1.889928e+003,9.231348e-003
1.891857e+003,9.075447e-003
1.893785e+003,9.019186e-003
1.895714e+003,8.923865e-003
1.897642e+003,8.641206e-003
1.899571e+003,8.464333e-003
1.901499e+003,8.497140e-003
1.903428e+003,8.623393e-003
1.905356e+003,8.837357e-003
1.907285e+003,9.151851e-003
1.909213e+003,9.285504e-003
1.911142e+003,9.034714e-003
1.913070e+003,8.798775e-003
1.914999e+003,8.991480e-003
1.916927e+003,9.413882e-003
1.918856e+003,9.589788e-003
1.920784e+003,9.613500e-003
1.922713e+003,9.519369e-003
1.924641e+003,9.096865e-003
1.926570e+003,8.704010e-003
1.928498e+003,8.603757e-003
1.930427e+003,8.658748e-003
1.932355e+003,8.709352e-003
1.934284e+003,8.692720e-003
1.936212e+003,8.667638e-003
1.938141e+003,8.802325e-003
1.940069e+003,9.233446e-003
1.941998e+003,9.654559e-003
1.943926e+003,9.566246e-003
1.945855e+003,9.171512e-003
1.947783e+003,8.840569e-003
1.949712e+003,8.664258e-003
1.951640e+003,8.673249e-003
1.953569e+003,8.785725e-003
1.955497e+003,8.843342e-003
1.957426e+003,8.813788e-003
1.959354e+003,8.776899e-003
1.961283e+003,8.770476e-003
1.963211e+003,8.861029e-003
1.965140e+003,9.090875e-003
1.967068e+003,9.208874e-003
1.968997e+003,9.031195e-003
1.970925e+003,8.819131e-003
1.972854e+003,8.758237e-003
1.974782e+003,8.771625e-003
1.976711e+003,8.762835e-003
1.978639e+003,8.719561e-003
1.980568e+003,8.673520e-003
1.982496e+003,8.659356e-003
1.984425e+003,8.730649e-003
1.986353e+003,8.907833e-003
1.988282e+003,9.155370e-003
1.990210e+003,9.419368e-003
1.992139e+003,9.457937e-003
1.994067e+003,9.142511e-003
1.995996e+003,8.840840e-003
1.997924e+003,8.767196e-003
1.999853e+003,8.773620e-003
2.001781e+003,8.756478e-003
2.003710e+003,8.740488e-003
2.005638e+003,8.749277e-003
2.007567e+003,8.770070e-003
2.009495e+003,8.775344e-003
2.011424e+003,8.769360e-003
2.013352e+003,8.848245e-003
2.015281e+003,9.048685e-003
2.017209e+003,9.143526e-003
2.019138e+003,8.997129e-003
2.021066e+003,8.825657e-003
2.022995e+003,8.773147e-003
2.024923e+003,8.793636e-003
2.026852e+003,8.810373e-003
2.028780e+003,8.774668e-003
2.030709e+003,8.714050e-003
2.032637e+003,8.692821e-003
2.034566e+003,8.722265e-003
2.036494e+003,8.783290e-003
2.038423e+003,8.882130e-003
2.040351e+003,8.959582e-003
2.042280e+003,8.914800e-003
2.044208e+003,8.801751e-003
2.046137e+003,8.732441e-003
2.048065e+003,8.719291e-003
2.049994e+003,8.739777e-003
2.051922e+003,8.763206e-003
2.053851e+003,8.757561e-003
2.055779e+003,8.738459e-003
2.057708e+003,8.741840e-003
2.059636e+003,8.768785e-003
2.061565e+003,8.838303e-003
2.063493e+003,8.955117e-003
2.065422e+003,8.980419e-003
2.067350e+003,8.863801e-003
2.069279e+003,8.778150e-003
2.071207e+003,8.802901e-003
2.073136e+003,8.860420e-003
2.075064e+003,8.878681e-003
2.076993e+003,8.843275e-003
2.078921e+003,8.805538e-003
2.080850e+003,8.805301e-003
2.082778e+003,8.815242e-003
2.084707e+003,8.832386e-003
2.086635e+003,8.895151e-003
2.088564e+003,8.973991e-003
2.090492e+003,8.967565e-003
2.092421e+003,8.874251e-003
2.094349e+003,8.814837e-003
2.096278e+003,8.833942e-003
2.098206e+003,8.855821e-003
2.100135e+003,8.838574e-003
2.102063e+003,8.821363e-003
2.103992e+003,8.829986e-003
2.105920e+003,8.853487e-003
2.107849e+003,8.867893e-003
2.109777e+003,8.853656e-003
2.111706e+003,8.851323e-003
2.113634e+003,8.892073e-003
2.115563e+003,8.919705e-003
2.117491e+003,8.913312e-003
2.119420e+003,8.917304e-003
2.121348e+003,8.922884e-003
2.123277e+003,8.906176e-003
2.125205e+003,8.901611e-003
2.127134e+003,8.911689e-003
2.129062e+003,8.906514e-003
2.130991e+003,8.911114e-003
2.132919e+003,8.941080e-003
2.134848e+003,8.970812e-003
2.136776e+003,8.985527e-003
2.138705e+003,8.977476e-003
2.140633e+003,8.955084e-003
2.142562e+003,8.943854e-003
2.144490e+003,8.955455e-003
2.146419e+003,8.959346e-003
2.148347e+003,8.926672e-003
2.150276e+003,8.904519e-003
2.152204e+003,8.930494e-003
2.154133e+003,8.954137e-003
2.156061e+003,8.960732e-003
2.157990e+003,8.990263e-003
2.159918e+003,9.013773e-003
2.161847e+003,9.000884e-003
2.163775e+003,8.995235e-003
2.165704e+003,9.013468e-003
2.167632e+003,9.030417e-003
2.169561e+003,9.032312e-003
2.171489e+003,9.018948e-003
2.173418e+003,9.000951e-003
2.175346e+003,8.979032e-003
2.177275e+003,8.958127e-003
2.179203e+003,8.958804e-003
2.181132e+003,8.979573e-003
2.183060e+003,8.995979e-003
2.184989e+003,8.986677e-003
2.186917e+003,8.954035e-003
2.188846e+003,8.924237e-003
2.190774e+003,8.913312e-003
2.192703e+003,8.911013e-003
2.194631e+003,8.908713e-003
2.196560e+003,8.921836e-003
2.198488e+003,8.958568e-003
2.200417e+003,8.981840e-003
2.202345e+003,8.963337e-003
2.204274e+003,8.942467e-003
2.206202e+003,8.956132e-003
2.208131e+003,8.975480e-003
2.210059e+003,8.961138e-003
2.211988e+003,8.938137e-003
2.213916e+003,8.953731e-003
2.215845e+003,8.994761e-003
2.217773e+003,9.006195e-003
2.219702e+003,8.968377e-003
2.221630e+003,8.935432e-003
2.223559e+003,8.947304e-003
2.225487e+003,8.969798e-003
2.227416e+003,8.973721e-003
2.229344e+003,8.982246e-003
2.231273e+003,9.014788e-003
2.233201e+003,9.029672e-003
2.235130e+003,8.993003e-003
2.237058e+003,8.946627e-003
2.238987e+003,8.932117e-003
2.240915e+003,8.951363e-003
2.242844e+003,8.980317e-003
2.244772e+003,8.991243e-003
2.246701e+003,9.001019e-003
2.248629e+003,9.001730e-003
2.250558e+003,8.966550e-003
2.252486e+003,8.947338e-003
2.254415e+003,8.984715e-003
2.256343e+003,9.048753e-003
2.258272e+003,9.092839e-003
2.260200e+003,9.094057e-003
2.262129e+003,9.076462e-003
2.264057e+003,9.053219e-003
2.265986e+003,9.008394e-003
2.267914e+003,8.965231e-003
2.269843e+003,8.970812e-003
2.271771e+003,9.014077e-003
2.273700e+003,9.037352e-003
2.275628e+003,9.030553e-003
2.277557e+003,9.025546e-003
2.279485e+003,9.044592e-003
2.281414e+003,9.088846e-003
2.283342e+003,9.120042e-003
2.285271e+003,9.110703e-003
2.287199e+003,9.087864e-003
2.289128e+003,9.084312e-003
2.291056e+003,9.100383e-003
2.292985e+003,9.123765e-003
2.294913e+003,9.150362e-003
2.296842e+003,9.156757e-003
2.298770e+003,9.120009e-003
2.300698e+003,9.064079e-003
2.302627e+003,9.026290e-003
2.304556e+003,9.012758e-003
2.306484e+003,9.007887e-003
2.308413e+003,9.004436e-003
2.310341e+003,8.995032e-003
2.312270e+003,8.957519e-003
2.314198e+003,8.892073e-003
2.316126e+003,8.834483e-003
2.318055e+003,8.811827e-003
2.319984e+003,8.825589e-003
2.321912e+003,8.850072e-003
2.323841e+003,8.834821e-003
2.325769e+003,8.769224e-003
2.327698e+003,8.716349e-003
2.329626e+003,8.712732e-003
2.331555e+003,8.692111e-003
2.333483e+003,8.621534e-003
2.335412e+003,8.588076e-003
2.337340e+003,8.627449e-003
2.339269e+003,8.649453e-003
2.341197e+003,8.618831e-003
2.343125e+003,8.567291e-003
2.345054e+003,8.558843e-003
2.346983e+003,8.672911e-003
2.348911e+003,8.815682e-003
2.350840e+003,8.801311e-003
2.352768e+003,8.575031e-003
2.354697e+003,8.353157e-003
2.356625e+003,8.333297e-003
2.358553e+003,8.405549e-003
2.360482e+003,8.412542e-003
2.362411e+003,8.373593e-003
2.364339e+003,8.367918e-003
2.366268e+003,8.433082e-003
2.368196e+003,8.554484e-003
2.370125e+003,8.677171e-003
2.372053e+003,8.800365e-003
2.373981e+003,8.933335e-003
2.375910e+003,9.037961e-003
2.377839e+003,9.124882e-003
2.379767e+003,9.222514e-003
2.381696e+003,9.308117e-003
2.383624e+003,9.363908e-003
2.385552e+003,9.394447e-003
2.387481e+003,9.406298e-003
2.389409e+003,9.417980e-003
2.391338e+003,9.444155e-003
2.393267e+003,9.470094e-003
2.395195e+003,9.471821e-003
2.397124e+003,9.453501e-003
2.399052e+003,9.451604e-003
2.400980e+003,9.482963e-003
2.402909e+003,9.510632e-003
2.404837e+003,9.511242e-003
2.406766e+003,9.515034e-003
2.408695e+003,9.527396e-003
2.410623e+003,9.520588e-003
2.412552e+003,9.510665e-003
2.414480e+003,9.525466e-003
2.416408e+003,9.532510e-003
2.418337e+003,9.497186e-003
2.420265e+003,9.449708e-003
2.422194e+003,9.443681e-003
2.424123e+003,9.495053e-003
2.426051e+003,9.574578e-003
2.427979e+003,9.615532e-003
2.429908e+003,9.591379e-003
2.431836e+003,9.572749e-003
2.433765e+003,9.593412e-003
2.435694e+003,9.594259e-003
2.437622e+003,9.559777e-003
2.439551e+003,9.557066e-003
2.441479e+003,9.604556e-003
2.443407e+003,9.638162e-003
2.445336e+003,9.643312e-003
2.447264e+003,9.657642e-003
2.449193e+003,9.662250e-003
2.451122e+003,9.637315e-003
2.453050e+003,9.619529e-003
2.454979e+003,9.625899e-003
2.456907e+003,9.626000e-003
2.458835e+003,9.612585e-003
2.460764e+003,9.617565e-003
2.462692e+003,9.651477e-003
2.464621e+003,9.682477e-003
2.466550e+003,9.667908e-003
2.468478e+003,9.628744e-003
2.470406e+003,9.628642e-003
2.472335e+003,9.653509e-003
2.474263e+003,9.663740e-003
2.476192e+003,9.670516e-003
2.478120e+003,9.682138e-003
2.480049e+003,9.693691e-003
2.481978e+003,9.704737e-003
2.483906e+003,9.700162e-003
2.485834e+003,9.660894e-003
2.487763e+003,9.607809e-003
2.489691e+003,9.580168e-003
2.491620e+003,9.577661e-003
2.493548e+003,9.585418e-003
2.495477e+003,9.600526e-003
2.497406e+003,9.610180e-003
2.499334e+003,9.615668e-003
2.501262e+003,9.635893e-003
2.503191e+003,9.668551e-003
2.505119e+003,9.690438e-003
2.507048e+003,9.683255e-003
2.508976e+003,9.646259e-003
2.510905e+003,9.611636e-003
2.512833e+003,9.608554e-003
2.514762e+003,9.616922e-003
2.516690e+003,9.632877e-003
2.518619e+003,9.668077e-003
2.520547e+003,9.694369e-003
2.522476e+003,9.700840e-003
2.524404e+003,9.696266e-003
2.526333e+003,9.666857e-003
2.528261e+003,9.624238e-003
2.530190e+003,9.606996e-003
2.532118e+003,9.618649e-003
2.534047e+003,9.638026e-003
2.535975e+003,9.652832e-003
2.537904e+003,9.656727e-003
2.539833e+003,9.648393e-003
2.541761e+003,9.644971e-003
2.543689e+003,9.657439e-003
2.545618e+003,9.664791e-003
2.547546e+003,9.663165e-003
2.549475e+003,9.670245e-003
2.551403e+003,9.690879e-003
2.553332e+003,9.721441e-003
2.555260e+003,9.740789e-003
2.557189e+003,9.738620e-003
2.559117e+003,9.733437e-003
2.561046e+003,9.728591e-003
2.562974e+003,9.722695e-003
2.564903e+003,9.728523e-003
2.566831e+003,9.741569e-003
2.568760e+003,9.748549e-003
2.570688e+003,9.762646e-003
2.572617e+003,9.791248e-003
2.574545e+003,9.816259e-003
2.576474e+003,9.833375e-003
2.578402e+003,9.837374e-003
2.580331e+003,9.820903e-003
2.582259e+003,9.807413e-003
2.584188e+003,9.812463e-003
2.586116e+003,9.818259e-003
2.588045e+003,9.801144e-003
2.589973e+003,9.767017e-003
2.591902e+003,9.753395e-003
2.593830e+003,9.774710e-003
2.595759e+003,9.795891e-003
2.597687e+003,9.776472e-003
2.599616e+003,9.729167e-003
2.601544e+003,9.704737e-003
2.603473e+003,9.712936e-003
2.605401e+003,9.726151e-003
2.607330e+003,9.727675e-003
2.609258e+003,9.724897e-003
2.611187e+003,9.746483e-003
2.613115e+003,9.785318e-003
2.615044e+003,9.801449e-003
2.616972e+003,9.801449e-003
2.618901e+003,9.803584e-003
2.620829e+003,9.790502e-003
2.622758e+003,9.755361e-003
2.624686e+003,9.724016e-003
2.626615e+003,9.712597e-003
2.628543e+003,9.695554e-003
2.630472e+003,9.650426e-003
2.632400e+003,9.604184e-003
2.634329e+003,9.603304e-003
2.636257e+003,9.655711e-003
2.638186e+003,9.712800e-003
2.640114e+003,9.727608e-003
2.642043e+003,9.697113e-003
2.643971e+003,9.656592e-003
2.645900e+003,9.657642e-003
2.647828e+003,9.691590e-003
2.649757e+003,9.704974e-003
2.651685e+003,9.707143e-003
2.653614e+003,9.718426e-003
2.655542e+003,9.723542e-003
2.657471e+003,9.737232e-003
2.659399e+003,9.744890e-003
2.661328e+003,9.707549e-003
2.663256e+003,9.660691e-003
2.665185e+003,9.646225e-003
2.667113e+003,9.643210e-003
2.669042e+003,9.637451e-003
2.670970e+003,9.656694e-003
2.672899e+003,9.693657e-003
2.674827e+003,9.709650e-003
2.676756e+003,9.708396e-003
2.678684e+003,9.708667e-003
2.680613e+003,9.708701e-003
2.682541e+003,9.703110e-003
2.684470e+003,9.676513e-003
2.686398e+003,9.633250e-003
2.688327e+003,9.620004e-003
2.690255e+003,9.634435e-003
2.692184e+003,9.617565e-003
2.694112e+003,9.572173e-003
2.696041e+003,9.569396e-003
2.697969e+003,9.624747e-003
2.699898e+003,9.658184e-003
2.701826e+003,9.635655e-003
2.703755e+003,9.631048e-003
2.705683e+003,9.676648e-003
2.707612e+003,9.726320e-003
2.709540e+003,9.763561e-003
2.711469e+003,9.786910e-003
2.713397e+003,9.782708e-003
2.715326e+003,9.767458e-003
2.717254e+003,9.763189e-003
2.719183e+003,9.774981e-003
2.721111e+003,9.788096e-003
2.723040e+003,9.762205e-003
2.724968e+003,9.698570e-003
2.726897e+003,9.652865e-003
2.728825e+003,9.653780e-003
2.730754e+003,9.680578e-003
2.732682e+003,9.717274e-003
2.734611e+003,9.751091e-003
2.736539e+003,9.761596e-003
2.738468e+003,9.762680e-003
2.740396e+003,9.771761e-003
2.742325e+003,9.776371e-003
2.744253e+003,9.788943e-003
2.746182e+003,9.829138e-003
2.748110e+003,9.852219e-003
2.750039e+003,9.823918e-003
2.751967e+003,9.780742e-003
2.753896e+003,9.752141e-003
2.755824e+003,9.735706e-003
2.757753e+003,9.722729e-003
2.759681e+003,9.721340e-003
2.761610e+003,9.744178e-003
2.763538e+003,9.762646e-003
2.765467e+003,9.763799e-003
2.767395e+003,9.765086e-003
2.769324e+003,9.770102e-003
2.771252e+003,9.798840e-003
2.773181e+003,9.844255e-003
2.775109e+003,9.864422e-003
2.777038e+003,9.853270e-003
2.778966e+003,9.831816e-003
2.780895e+003,9.821749e-003
2.782823e+003,9.816056e-003
2.784752e+003,9.804465e-003
2.786680e+003,9.819716e-003
2.788609e+003,9.858523e-003
2.790537e+003,9.870896e-003
2.792466e+003,9.860354e-003
2.794394e+003,9.885335e-003
2.796323e+003,9.948389e-003
2.798251e+003,9.973510e-003
2.800180e+003,9.920895e-003
2.802108e+003,9.855880e-003
2.804037e+003,9.850525e-003
2.805965e+003,9.878116e-003
2.807894e+003,9.910353e-003
2.809822e+003,9.962221e-003
2.811751e+003,9.996904e-003
2.813679e+003,9.977884e-003
2.815608e+003,9.935913e-003
2.817536e+003,9.904691e-003
2.819465e+003,9.887268e-003
2.821393e+003,9.878726e-003
2.823322e+003,9.882590e-003
2.825250e+003,9.880760e-003
2.827179e+003,9.852999e-003
2.829107e+003,9.840730e-003
2.831036e+003,9.867167e-003
2.832964e+003,9.898623e-003
2.834893e+003,9.912352e-003
2.836821e+003,9.916658e-003
2.838750e+003,9.925505e-003
2.840678e+003,9.923403e-003
2.842607e+003,9.897844e-003
2.844535e+003,9.873235e-003
2.846464e+003,9.851880e-003
2.848392e+003,9.822326e-003
2.850321e+003,9.815616e-003
2.852249e+003,9.837510e-003
2.854178e+003,9.858693e-003
2.856106e+003,9.892285e-003
2.858035e+003,9.939879e-003
2.859963e+003,9.952253e-003
2.861892e+003,9.936557e-003
2.863820e+003,9.939675e-003
2.865749e+003,9.931302e-003
2.867677e+003,9.900860e-003
2.869606e+003,9.910047e-003
2.871534e+003,9.943947e-003
2.873463e+003,9.929980e-003
2.875391e+003,9.870896e-003
2.877320e+003,9.824224e-003
2.879248e+003,9.800906e-003
2.881177e+003,9.767391e-003
2.883105e+003,9.741467e-003
2.885034e+003,9.763528e-003
2.886962e+003,9.823749e-003
2.888891e+003,9.890013e-003
2.890819e+003,9.925505e-003
2.892748e+003,9.920929e-003
2.894676e+003,9.906589e-003
2.896604e+003,9.889810e-003
2.898533e+003,9.846559e-003
2.900462e+003,9.798263e-003
2.902390e+003,9.797958e-003
2.904319e+003,9.824732e-003
2.906247e+003,9.833849e-003
2.908176e+003,9.843542e-003
2.910104e+003,9.858930e-003
2.912032e+003,9.871540e-003
2.913961e+003,9.887607e-003
2.915890e+003,9.881335e-003
2.917818e+003,9.865811e-003
2.919747e+003,9.885810e-003
2.921675e+003,9.918488e-003
2.923604e+003,9.935303e-003
2.925532e+003,9.955880e-003
2.927461e+003,9.992090e-003
2.929389e+003,1.002759e-002
2.931318e+003,1.004922e-002
2.933246e+003,1.006584e-002
2.935175e+003,1.009270e-002
2.937103e+003,1.009266e-002
2.939031e+003,1.003824e-002
2.940960e+003,9.991107e-003
2.942889e+003,1.000050e-002
2.944817e+003,1.004902e-002
2.946746e+003,1.008174e-002
2.948674e+003,1.004112e-002
2.950603e+003,9.962390e-003
2.952531e+003,9.946151e-003
2.954459e+003,9.975714e-003
2.956388e+003,9.961950e-003
2.958317e+003,9.914827e-003
2.960245e+003,9.899369e-003
2.962174e+003,9.925811e-003
2.964102e+003,9.938862e-003
2.966031e+003,9.904081e-003
2.967959e+003,9.866421e-003
2.969887e+003,9.871709e-003
2.971816e+003,9.898996e-003
2.973745e+003,9.911335e-003
2.975673e+003,9.921200e-003
2.977602e+003,9.953033e-003
2.979530e+003,9.998532e-003
2.981458e+003,1.004536e-002
2.983387e+003,1.007900e-002
2.985315e+003,1.007923e-002
2.987244e+003,1.005078e-002
2.989173e+003,1.004332e-002
2.991101e+003,1.010921e-002
2.993030e+003,1.021338e-002
2.994958e+003,1.027468e-002
2.996886e+003,1.026942e-002
2.998815e+003,1.024754e-002
3.000743e+003,1.027200e-002
3.002672e+003,1.030600e-002
3.004601e+003,1.028075e-002
3.006529e+003,1.026538e-002
3.008458e+003,1.035408e-002
3.010386e+003,1.048006e-002
3.012314e+003,1.052290e-002
3.014243e+003,1.049309e-002
3.016171e+003,1.047962e-002
3.018100e+003,1.051431e-002
3.020029e+003,1.055029e-002
3.021957e+003,1.053865e-002
3.023885e+003,1.048230e-002
3.025814e+003,1.042365e-002
3.027742e+003,1.045915e-002
3.029671e+003,1.062105e-002
3.031599e+003,1.075624e-002
3.033528e+003,1.073494e-002
3.035457e+003,1.062767e-002
3.037385e+003,1.058719e-002
3.039313e+003,1.064077e-002
3.041242e+003,1.066128e-002
3.043170e+003,1.061364e-002
3.045099e+003,1.058665e-002
3.047028e+003,1.060899e-002
3.048956e+003,1.063313e-002
3.050885e+003,1.063840e-002
3.052813e+003,1.068016e-002
3.054741e+003,1.076018e-002
3.056670e+003,1.077417e-002
3.058598e+003,1.072428e-002
3.060527e+003,1.072635e-002
3.062456e+003,1.077465e-002
3.064384e+003,1.078915e-002
3.066313e+003,1.074530e-002
3.068241e+003,1.066237e-002
3.070169e+003,1.059599e-002
3.072098e+003,1.058740e-002
3.074026e+003,1.064896e-002
3.075955e+003,1.076140e-002
3.077884e+003,1.083987e-002
3.079812e+003,1.081395e-002
3.081740e+003,1.071008e-002
3.083669e+003,1.062526e-002
3.085597e+003,1.062298e-002
3.087526e+003,1.066139e-002
3.089454e+003,1.068407e-002
3.091383e+003,1.069365e-002
3.093312e+003,1.072027e-002
3.095240e+003,1.075332e-002
3.097168e+003,1.077529e-002
3.099097e+003,1.081436e-002
3.101025e+003,1.081106e-002
3.102954e+003,1.073151e-002
3.104882e+003,1.068947e-002
3.106811e+003,1.072299e-002
3.108740e+003,1.075125e-002
3.110668e+003,1.073053e-002
3.112596e+003,1.071355e-002
3.114525e+003,1.077017e-002
3.116453e+003,1.087129e-002
3.118382e+003,1.093048e-002
3.120310e+003,1.089976e-002
3.122239e+003,1.080913e-002
3.124167e+003,1.072859e-002
3.126096e+003,1.064661e-002
3.128024e+003,1.055457e-002
3.129953e+003,1.055698e-002
3.131881e+003,1.064149e-002
3.133810e+003,1.066149e-002
3.135738e+003,1.061711e-002
3.137667e+003,1.058244e-002
3.139595e+003,1.056462e-002
3.141524e+003,1.056985e-002
3.143452e+003,1.058852e-002
3.145381e+003,1.058434e-002
3.147309e+003,1.055402e-002
3.149238e+003,1.053624e-002
3.151167e+003,1.054676e-002
3.153095e+003,1.056109e-002
3.155023e+003,1.058119e-002
3.156952e+003,1.061395e-002
3.158880e+003,1.061707e-002
3.160809e+003,1.056947e-002
3.162737e+003,1.051451e-002
3.164666e+003,1.049964e-002
3.166594e+003,1.054445e-002
3.168523e+003,1.061181e-002
3.170451e+003,1.062767e-002
3.172380e+003,1.060064e-002
3.174308e+003,1.063789e-002
3.176237e+003,1.075638e-002
3.178165e+003,1.079601e-002
3.180094e+003,1.070091e-002
3.182022e+003,1.062784e-002
3.183951e+003,1.062403e-002
3.185879e+003,1.059093e-002
3.187808e+003,1.054082e-002
3.189736e+003,1.052972e-002
3.191665e+003,1.054920e-002
3.193593e+003,1.062481e-002
3.195522e+003,1.074320e-002
3.197450e+003,1.078800e-002
3.199379e+003,1.071226e-002
3.201307e+003,1.062780e-002
3.203236e+003,1.062743e-002
3.205164e+003,1.067150e-002
3.207093e+003,1.072207e-002
3.209021e+003,1.077900e-002
3.210950e+003,1.081860e-002
3.212878e+003,1.083192e-002
3.214807e+003,1.081538e-002
3.216735e+003,1.079404e-002
3.218664e+003,1.078317e-002
3.220592e+003,1.073104e-002
3.222521e+003,1.063772e-002
3.224449e+003,1.057945e-002
3.226378e+003,1.060319e-002
3.228306e+003,1.067195e-002
3.230235e+003,1.073545e-002
3.232163e+003,1.077954e-002
3.234092e+003,1.080614e-002
3.236020e+003,1.080644e-002
3.237949e+003,1.075787e-002
3.239877e+003,1.071976e-002
3.241806e+003,1.076680e-002
3.243734e+003,1.083015e-002
3.245663e+003,1.080084e-002
3.247591e+003,1.073318e-002
3.249520e+003,1.074690e-002
3.251448e+003,1.083314e-002
3.253377e+003,1.090435e-002
3.255305e+003,1.088577e-002
3.257234e+003,1.077051e-002
3.259162e+003,1.064773e-002
3.261091e+003,1.061127e-002
3.263019e+003,1.065660e-002
3.264948e+003,1.070363e-002
3.266876e+003,1.070859e-002
3.268805e+003,1.071426e-002
3.270733e+003,1.075719e-002
3.272662e+003,1.081334e-002
3.274590e+003,1.082519e-002
3.276519e+003,1.074659e-002
3.278447e+003,1.062346e-002
3.280376e+003,1.056397e-002
3.282304e+003,1.057759e-002
3.284233e+003,1.057117e-002
3.286161e+003,1.055661e-002
3.288090e+003,1.063470e-002
3.290018e+003,1.075807e-002
3.291947e+003,1.078416e-002
3.293875e+003,1.071912e-002
3.295804e+003,1.065863e-002
3.297732e+003,1.060621e-002
3.299661e+003,1.055036e-002
3.301589e+003,1.054174e-002
3.303518e+003,1.059942e-002
3.305446e+003,1.069718e-002
3.307375e+003,1.077665e-002
3.309303e+003,1.077217e-002
3.311232e+003,1.072740e-002
3.313160e+003,1.068685e-002
3.315089e+003,1.062016e-002
3.317017e+003,1.056631e-002
3.318946e+003,1.058322e-002
3.320874e+003,1.062981e-002
3.322803e+003,1.064610e-002
3.324731e+003,1.066482e-002
3.326660e+003,1.071076e-002
3.328588e+003,1.075604e-002
3.330517e+003,1.080549e-002
3.332445e+003,1.085604e-002
3.334374e+003,1.090027e-002
3.336302e+003,1.091203e-002
3.338231e+003,1.086249e-002
3.340159e+003,1.080620e-002
3.342088e+003,1.075872e-002
3.344016e+003,1.070227e-002
3.345945e+003,1.069073e-002
3.347873e+003,1.071722e-002
3.349802e+003,1.071175e-002
3.351730e+003,1.069137e-002
3.353659e+003,1.072020e-002
3.355587e+003,1.078800e-002
3.357516e+003,1.085499e-002
3.359444e+003,1.091978e-002
3.361373e+003,1.097805e-002
3.363301e+003,1.102515e-002
3.365230e+003,1.104494e-002
3.367158e+003,1.100337e-002
3.369087e+003,1.091410e-002
3.371015e+003,1.082244e-002
3.372944e+003,1.075261e-002
3.374872e+003,1.072411e-002
3.376801e+003,1.074343e-002
3.378729e+003,1.077692e-002
3.380658e+003,1.079897e-002
3.382586e+003,1.081259e-002
3.384515e+003,1.080858e-002
3.386443e+003,1.078219e-002
3.388372e+003,1.081728e-002
3.390300e+003,1.094924e-002
3.392229e+003,1.102645e-002
3.394157e+003,1.100086e-002
3.396086e+003,1.097374e-002
3.398014e+003,1.092735e-002
3.399943e+003,1.084728e-002
3.401871e+003,1.076918e-002
3.403800e+003,1.069178e-002
3.405728e+003,1.065643e-002
3.407657e+003,1.067758e-002
3.409585e+003,1.070400e-002
3.411514e+003,1.069185e-002
3.413442e+003,1.062546e-002
3.415371e+003,1.061314e-002
3.417299e+003,1.079561e-002
3.419228e+003,1.103980e-002
3.421156e+003,1.102757e-002
3.423085e+003,1.078100e-002
3.425013e+003,1.061191e-002
3.426942e+003,1.061269e-002
3.428870e+003,1.068978e-002
3.430799e+003,1.072965e-002
3.432727e+003,1.067066e-002
3.434656e+003,1.059955e-002
3.436584e+003,1.057338e-002
3.438513e+003,1.059035e-002
3.440441e+003,1.068750e-002
3.442370e+003,1.083413e-002
3.444298e+003,1.101625e-002
3.446227e+003,1.111706e-002
3.448155e+003,1.090880e-002
3.450084e+003,1.061768e-002
3.452012e+003,1.053332e-002
3.453941e+003,1.054717e-002
3.455869e+003,1.053223e-002
3.457798e+003,1.051594e-002
3.459726e+003,1.054988e-002
3.461655e+003,1.060604e-002
3.463583e+003,1.063110e-002
3.465512e+003,1.062108e-002
3.467440e+003,1.055712e-002
3.469369e+003,1.045070e-002
3.471297e+003,1.038818e-002
3.473226e+003,1.042572e-002
3.475154e+003,1.049082e-002
3.477083e+003,1.054856e-002
3.479011e+003,1.069348e-002
3.480940e+003,1.077489e-002
3.482868e+003,1.057446e-002
3.484797e+003,1.041031e-002
3.486725e+003,1.048542e-002
3.488654e+003,1.047710e-002
3.490582e+003,1.031665e-002
3.492510e+003,1.029385e-002
3.494439e+003,1.042351e-002
3.496368e+003,1.045694e-002
3.498296e+003,1.049608e-002
3.500225e+003,1.085675e-002
3.502153e+003,1.121001e-002
3.504082e+003,1.096602e-002
3.506010e+003,1.056964e-002
3.507938e+003,1.057691e-002
3.509867e+003,1.060023e-002
3.511796e+003,1.030247e-002
3.513724e+003,9.996735e-003
3.515653e+003,9.900759e-003
3.517581e+003,9.981715e-003
3.519510e+003,1.030986e-002
3.521438e+003,1.091271e-002
3.523366e+003,1.134620e-002
3.525295e+003,1.134413e-002
3.527224e+003,1.115684e-002
3.529152e+003,1.073002e-002
3.531081e+003,1.013838e-002
3.533009e+003,9.858490e-003
3.534938e+003,9.953643e-003
3.536866e+003,9.965644e-003
3.538795e+003,9.833409e-003
3.540723e+003,1.003885e-002
3.542652e+003,1.072313e-002
3.544580e+003,1.133699e-002
3.546509e+003,1.120358e-002
3.548437e+003,1.073786e-002
3.550365e+003,1.062617e-002
3.552294e+003,1.055613e-002
3.554223e+003,1.015273e-002
3.556151e+003,9.843000e-003
3.558080e+003,9.926963e-003
3.560008e+003,1.028377e-002
3.561937e+003,1.093065e-002
3.563865e+003,1.208842e-002
3.565793e+003,1.316501e-002
3.567722e+003,1.247862e-002
3.569651e+003,1.087666e-002
3.571579e+003,9.999854e-003
3.573508e+003,9.811888e-003
3.575436e+003,9.862083e-003
3.577365e+003,9.871438e-003
3.579293e+003,9.823139e-003
3.581221e+003,9.886827e-003
3.583150e+003,1.037115e-002
3.585079e+003,1.135226e-002
3.587007e+003,1.181993e-002
3.588936e+003,1.091305e-002
3.590864e+003,1.024075e-002
3.592792e+003,1.049458e-002
3.594721e+003,1.092807e-002
3.596649e+003,1.104426e-002
3.598578e+003,1.101445e-002
3.600507e+003,1.068254e-002
3.602435e+003,1.014306e-002
3.604364e+003,1.009812e-002
3.606292e+003,1.072228e-002
3.608220e+003,1.136454e-002
3.610149e+003,1.175974e-002
3.612077e+003,1.224295e-002
3.614006e+003,1.245771e-002
3.615935e+003,1.251804e-002
3.617863e+003,1.268125e-002
3.619792e+003,1.189266e-002
3.621720e+003,1.046037e-002
3.623648e+003,9.957169e-003
3.625577e+003,1.081517e-002
3.627505e+003,1.233532e-002
3.629434e+003,1.227348e-002
3.631363e+003,1.090829e-002
3.633291e+003,9.912319e-003
3.635219e+003,9.234834e-003
3.637148e+003,8.865255e-003
3.639076e+003,8.853758e-003
3.641005e+003,9.126201e-003
3.642934e+003,9.722763e-003
3.644862e+003,1.108769e-002
3.646791e+003,1.356797e-002
3.648719e+003,1.494900e-002
3.650647e+003,1.255964e-002
3.652576e+003,1.047829e-002
3.654504e+003,9.806160e-003
3.656433e+003,9.209991e-003
3.658362e+003,8.273247e-003
3.660290e+003,7.597975e-003
3.662219e+003,7.297442e-003
3.664147e+003,7.487357e-003
3.666075e+003,8.495113e-003
3.668004e+003,1.030413e-002
3.669932e+003,1.153164e-002
3.671861e+003,1.153878e-002
3.673790e+003,1.203592e-002
3.675718e+003,1.210361e-002
3.677646e+003,1.047490e-002
3.679575e+003,8.835869e-003
3.681503e+003,7.902191e-003
3.683432e+003,7.859813e-003
3.685360e+003,8.758879e-003
3.687289e+003,1.045939e-002
3.689218e+003,1.148924e-002
3.691146e+003,1.022033e-002
3.693074e+003,8.594902e-003
3.695003e+003,7.701267e-003
3.696931e+003,7.397226e-003
3.698860e+003,7.666868e-003
3.700788e+003,8.130957e-003
3.702717e+003,8.061384e-003
3.704646e+003,7.918658e-003
3.706574e+003,8.562222e-003
3.708502e+003,1.010484e-002
3.710431e+003,1.136015e-002
3.712359e+003,1.048070e-002
3.714288e+003,8.997400e-003
3.716216e+003,8.412542e-003
3.718145e+003,8.578883e-003
3.720073e+003,9.137942e-003
3.722002e+003,9.717274e-003
3.723930e+003,9.944150e-003
3.725859e+003,9.684035e-003
3.727787e+003,9.378873e-003
3.729716e+003,9.827172e-003
3.731644e+003,1.134722e-002
3.733573e+003,1.325218e-002
3.735501e+003,1.353016e-002
3.737430e+003,1.215370e-002
3.739358e+003,1.122055e-002
3.741287e+003,1.121113e-002
3.743215e+003,1.184193e-002
3.745144e+003,1.263543e-002
3.747073e+003,1.352999e-002
3.749001e+003,1.467282e-002
3.750929e+003,1.419128e-002
3.752858e+003,1.188398e-002
3.754786e+003,1.057097e-002
3.756715e+003,1.035964e-002
3.758643e+003,1.004380e-002
3.760572e+003,9.169414e-003
3.762500e+003,8.671559e-003
3.764429e+003,8.760062e-003
3.766357e+003,8.982888e-003
3.768286e+003,9.134186e-003
3.770214e+003,8.720338e-003
3.772143e+003,7.791361e-003
3.774071e+003,7.295690e-003
3.776000e+003,7.600504e-003
3.777928e+003,8.305634e-003
3.779857e+003,8.470854e-003
3.781785e+003,8.203245e-003
3.783714e+003,8.130452e-003
3.785642e+003,7.862411e-003
3.787571e+003,7.335351e-003
3.789499e+003,7.070360e-003
3.791428e+003,7.230123e-003
3.793356e+003,7.850096e-003
3.795285e+003,8.909051e-003
3.797213e+003,1.005289e-002
3.799142e+003,1.109031e-002
3.801070e+003,1.150915e-002
3.802999e+003,1.079870e-002
3.804927e+003,1.017932e-002
3.806856e+003,9.474496e-003
3.808784e+003,8.383119e-003
3.810713e+003,7.923922e-003
3.812641e+003,8.483050e-003
3.814570e+003,9.770880e-003
3.816498e+003,1.100616e-002
3.818427e+003,1.185824e-002
3.820355e+003,1.208698e-002
3.822284e+003,1.101061e-002
3.824212e+003,1.002884e-002
3.826141e+003,9.550055e-003
3.828069e+003,9.205862e-003
3.829998e+003,9.310655e-003
3.831926e+003,9.938591e-003
3.833855e+003,1.082135e-002
3.835783e+003,1.201538e-002
3.837712e+003,1.300288e-002
3.839640e+003,1.247405e-002
3.841569e+003,1.091760e-002
3.843497e+003,9.468570e-003
3.845426e+003,8.620250e-003
3.847354e+003,8.769901e-003
3.849283e+003,1.005719e-002
3.851211e+003,1.210088e-002
3.853140e+003,1.279780e-002
3.855068e+003,1.095484e-002
3.856997e+003,9.495696e-003
3.858925e+003,9.079440e-003
3.860854e+003,9.744822e-003
3.862782e+003,1.088927e-002
3.864711e+003,1.111346e-002
3.866639e+003,1.083192e-002
3.868568e+003,1.110907e-002
3.870496e+003,1.120474e-002
3.872425e+003,1.042789e-002
3.874353e+003,9.239741e-003
3.876282e+003,8.514609e-003
3.878210e+003,8.905466e-003
3.880139e+003,9.814124e-003
3.882067e+003,1.014160e-002
3.883996e+003,9.928726e-003
3.885924e+003,9.287637e-003
3.887853e+003,8.834956e-003
3.889781e+003,9.130295e-003
3.891710e+003,9.316072e-003
3.893638e+003,8.779367e-003
3.895567e+003,8.593516e-003
3.897495e+003,9.302801e-003
3.899424e+003,1.040179e-002
3.901352e+003,1.110720e-002
3.903281e+003,1.084051e-002
3.905209e+003,9.418521e-003
3.907138e+003,7.972685e-003
3.909066e+003,7.258828e-003
3.910995e+003,7.126976e-003
3.912923e+003,7.404270e-003
3.914852e+003,8.021926e-003
3.916780e+003,8.537453e-003
3.918709e+003,8.535459e-003
3.920637e+003,8.428453e-003
3.922566e+003,8.566210e-003
3.924494e+003,8.566548e-003
3.926423e+003,8.348158e-003
3.928351e+003,8.449771e-003
3.930280e+003,8.692922e-003
3.932208e+003,8.412102e-003
3.934137e+003,7.776249e-003
3.936065e+003,7.353245e-003
3.937994e+003,7.276719e-003
3.939922e+003,7.543016e-003
3.941851e+003,7.916363e-003
3.943779e+003,8.001911e-003
3.945708e+003,8.023580e-003
3.947636e+003,8.113234e-003
3.949565e+003,7.868282e-003
3.951493e+003,7.391328e-003
3.953422e+003,7.129738e-003
3.955350e+003,7.137148e-003
3.957279e+003,7.238209e-003
3.959207e+003,7.337002e-003
3.961136e+003,7.357424e-003
3.963064e+003,7.228573e-003
3.964993e+003,7.097707e-003
3.966921e+003,7.126033e-003
3.968850e+003,7.236760e-003
3.970778e+003,7.328240e-003
3.972707e+003,7.360794e-003
3.974635e+003,7.251551e-003
3.976564e+003,7.091072e-003
3.978492e+003,7.053521e-003
3.980421e+003,7.055474e-003
3.982349e+003,6.973546e-003
3.984278e+003,6.860766e-003
3.986206e+003,6.803746e-003
3.988135e+003,6.845753e-003
3.990063e+003,6.913281e-003
3.991992e+003,6.906716e-003
3.993920e+003,6.856794e-003
3.995849e+003,6.791294e-003
3.997777e+003,6.758076e-003
3.999706e+003,6.825658e-003
4.001634e+003,0.000000e+000
