3.953422e+002,8.662332e-004
3.972707e+002,9.128841e-004
3.991992e+002,8.486563e-004
4.011277e+002,7.389367e-004
4.030562e+002,5.495335e-004
4.049847e+002,3.709625e-004
4.069132e+002,3.352723e-004
4.088417e+002,4.928632e-004
4.107702e+002,9.373593e-004
4.126987e+002,1.360515e-003
4.146272e+002,1.282636e-003
4.165557e+002,8.709048e-004
4.184842e+002,6.145427e-004
4.204127e+002,6.811946e-004
4.223412e+002,7.774067e-004
4.242697e+002,6.349874e-004
4.261982e+002,5.415506e-004
4.281267e+002,6.952804e-004
4.300552e+002,8.580000e-004
4.319837e+002,9.880795e-004
4.339122e+002,1.137977e-003
4.358407e+002,1.234813e-003
4.377692e+002,1.194400e-003
4.396977e+002,9.982822e-004
4.416262e+002,9.180398e-004
4.435547e+002,1.089225e-003
4.454832e+002,1.149399e-003
4.474117e+002,1.001460e-003
4.493401e+002,9.617016e-004
4.512686e+002,8.922723e-004
4.531971e+002,4.643930e-004
4.551256e+002,-2.512084e-005
4.570541e+002,-1.750247e-004
4.589826e+002,-6.091766e-005
4.609111e+002,8.828681e-005
4.628396e+002,1.914735e-004
4.647681e+002,3.159043e-004
4.666966e+002,3.498427e-004
4.686251e+002,1.423862e-004
4.705536e+002,6.376033e-006
4.724821e+002,2.501490e-004
4.744106e+002,6.157376e-004
4.763391e+002,7.135871e-004
4.782676e+002,5.337496e-004
4.801961e+002,3.390461e-004
4.821246e+002,3.743299e-004
4.840531e+002,6.066072e-004
4.859816e+002,7.650834e-004
4.879101e+002,7.673227e-004
4.898386e+002,7.575118e-004
4.917671e+002,7.878637e-004
4.936956e+002,7.753294e-004
4.956241e+002,7.545495e-004
4.975526e+002,8.297322e-004
4.994811e+002,8.635906e-004
5.014096e+002,7.328866e-004
5.033381e+002,5.673229e-004
5.052666e+002,5.106599e-004
5.071951e+002,6.891609e-004
5.091236e+002,1.090298e-003
5.110521e+002,1.587312e-003
5.129806e+002,2.217761e-003
5.149091e+002,2.931577e-003
5.168376e+002,3.704293e-003
5.187661e+002,4.923827e-003
5.206946e+002,6.892817e-003
5.226231e+002,9.234954e-003
5.245516e+002,1.152232e-002
5.264801e+002,1.418936e-002
5.284086e+002,1.761651e-002
5.303371e+002,2.140027e-002
5.322656e+002,2.529864e-002
5.341941e+002,2.925216e-002
5.361226e+002,3.308050e-002
5.380511e+002,3.681545e-002
5.399796e+002,4.054530e-002
5.419081e+002,4.414297e-002
5.438366e+002,4.729328e-002
5.457651e+002,5.006557e-002
5.476936e+002,5.290184e-002
5.496221e+002,5.587431e-002
5.515506e+002,5.872352e-002
5.534791e+002,6.102467e-002
5.554076e+002,6.247672e-002
5.573361e+002,6.309438e-002
5.592646e+002,6.307061e-002
5.611931e+002,6.272832e-002
5.631216e+002,6.222133e-002
5.650500e+002,6.138390e-002
5.669786e+002,6.016299e-002
5.689070e+002,5.910371e-002
5.708356e+002,5.878334e-002
5.727640e+002,5.894957e-002
5.746926e+002,5.947015e-002
5.766210e+002,6.135475e-002
5.785496e+002,6.511887e-002
5.804780e+002,7.038823e-002
5.824066e+002,7.691652e-002
5.843350e+002,8.401901e-002
5.862635e+002,9.095529e-002
5.881920e+002,9.704108e-002
5.901205e+002,1.019391e-001
5.920490e+002,1.072968e-001
5.939775e+002,1.142929e-001
5.959061e+002,1.211516e-001
5.978345e+002,1.259145e-001
5.997631e+002,1.286023e-001
6.016915e+002,1.299288e-001
6.036201e+002,1.295871e-001
6.055485e+002,1.272532e-001
6.074771e+002,1.234874e-001
6.094055e+002,1.189583e-001
6.113340e+002,1.144330e-001
6.132625e+002,1.106575e-001
6.151910e+002,1.084394e-001
6.171195e+002,1.091708e-001
6.190480e+002,1.135569e-001
6.209765e+002,1.207859e-001
6.229050e+002,1.299922e-001
6.248335e+002,1.413231e-001
6.267620e+002,1.549266e-001
6.286905e+002,1.688879e-001
6.306190e+002,1.803383e-001
6.325475e+002,1.884785e-001
6.344760e+002,1.953372e-001
6.364045e+002,2.038077e-001
6.383330e+002,2.148829e-001
6.402615e+002,2.281931e-001
6.421900e+002,2.429510e-001
6.441185e+002,2.574420e-001
6.460470e+002,2.700130e-001
6.479755e+002,2.805931e-001
6.499040e+002,2.908061e-001
6.518325e+002,3.019294e-001
6.537610e+002,3.140413e-001
6.556895e+002,3.272285e-001
6.576180e+002,3.420707e-001
6.595465e+002,3.596553e-001
6.614750e+002,3.792940e-001
6.634035e+002,3.877630e-001
6.653320e+002,3.577330e-001
6.672605e+002,3.120399e-001
6.691890e+002,3.260772e-001
6.711175e+002,3.921544e-001
6.730460e+002,4.381424e-001
6.749745e+002,4.518442e-001
6.769030e+002,4.565629e-001
6.788315e+002,4.615341e-001
6.807599e+002,4.680133e-001
6.826885e+002,4.758595e-001
6.846169e+002,4.840719e-001
6.865455e+002,4.917766e-001
6.884739e+002,5.004382e-001
6.904025e+002,5.117884e-001
6.923310e+002,5.239241e-001
6.942595e+002,5.345446e-001
6.961880e+002,5.440867e-001
6.981165e+002,5.537105e-001
7.000450e+002,5.630270e-001
7.019734e+002,5.703400e-001
7.039020e+002,5.758001e-001
7.058304e+002,5.815256e-001
7.077590e+002,5.881314e-001
7.096874e+002,5.941006e-001
7.116160e+002,5.984234e-001
7.135444e+002,6.019098e-001
7.154730e+002,6.045895e-001
7.174014e+002,6.040279e-001
7.193300e+002,6.017024e-001
7.212584e+002,6.041648e-001
7.231870e+002,6.112292e-001
7.251154e+002,6.169780e-001
7.270439e+002,6.201295e-001
7.289724e+002,6.223851e-001
7.309009e+002,6.247315e-001
7.328294e+002,6.272635e-001
7.347579e+002,6.293796e-001
7.366864e+002,6.307539e-001
7.386149e+002,6.315409e-001
7.405434e+002,6.322480e-001
7.424719e+002,6.334994e-001
7.444005e+002,6.356477e-001
7.463289e+002,6.386285e-001
7.482574e+002,6.418162e-001
7.501859e+002,6.444694e-001
7.521144e+002,6.464984e-001
7.540429e+002,6.484736e-001
7.559714e+002,6.507087e-001
7.578999e+002,6.529416e-001
7.598284e+002,6.550573e-001
7.617569e+002,6.569923e-001
7.636854e+002,6.586027e-001
7.656139e+002,6.600150e-001
7.675424e+002,6.614777e-001
7.694709e+002,6.631312e-001
7.713994e+002,6.648555e-001
7.733279e+002,6.663042e-001
7.752564e+002,6.674768e-001
7.771849e+002,6.687590e-001
7.791134e+002,6.702166e-001
7.810419e+002,6.715865e-001
7.829704e+002,6.728639e-001
7.848989e+002,6.742827e-001
7.868274e+002,6.758398e-001
7.887559e+002,6.771486e-001
7.906844e+002,6.779009e-001
7.926129e+002,6.782222e-001
7.945414e+002,6.784466e-001
7.964699e+002,6.788085e-001
7.983984e+002,6.796201e-001
8.003269e+002,6.809117e-001
8.022554e+002,6.822014e-001
8.041839e+002,6.834568e-001
8.061124e+002,6.848834e-001
8.080409e+002,6.862831e-001
8.099694e+002,6.874993e-001
8.118979e+002,6.884446e-001
8.138264e+002,6.891603e-001
8.157549e+002,6.898755e-001
8.176833e+002,6.905686e-001
8.196119e+002,6.911155e-001
8.215403e+002,6.916172e-001
8.234689e+002,6.921886e-001
8.253973e+002,6.928539e-001
8.273259e+002,6.936058e-001
8.292543e+002,6.943963e-001
8.311829e+002,6.951698e-001
8.331113e+002,6.958960e-001
8.350399e+002,6.965610e-001
8.369683e+002,6.972874e-001
8.388969e+002,6.981530e-001
8.408254e+002,6.989842e-001
8.427538e+002,6.997400e-001
8.446824e+002,7.006275e-001
8.466108e+002,7.015935e-001
8.485394e+002,7.024590e-001
8.504678e+002,7.033921e-001
8.523964e+002,7.045147e-001
8.543248e+002,7.057002e-001
8.562534e+002,7.068964e-001
8.581818e+002,7.080601e-001
8.601104e+002,7.091999e-001
8.620388e+002,7.103638e-001
8.639673e+002,7.115011e-001
8.658958e+002,7.126936e-001
8.678243e+002,7.140059e-001
8.697528e+002,7.152852e-001
8.716813e+002,7.166051e-001
8.736098e+002,7.181290e-001
8.755383e+002,7.196774e-001
8.774668e+002,7.210997e-001
8.793953e+002,7.225841e-001
8.813238e+002,7.242432e-001
8.832523e+002,7.259175e-001
8.851808e+002,7.275173e-001
8.871093e+002,7.292220e-001
8.890378e+002,7.313108e-001
8.909663e+002,7.339211e-001
8.928948e+002,7.370650e-001
8.948233e+002,7.408059e-001
8.967518e+002,7.451445e-001
8.986803e+002,7.498980e-001
9.006088e+002,7.548487e-001
9.025373e+002,7.596247e-001
9.044658e+002,7.638778e-001
9.063943e+002,7.677433e-001
9.083228e+002,7.714755e-001
9.102513e+002,7.752578e-001
9.121798e+002,7.792363e-001
9.141083e+002,7.832236e-001
9.160368e+002,7.869737e-001
9.179653e+002,7.906098e-001
9.198938e+002,7.942721e-001
9.218223e+002,7.979038e-001
9.237508e+002,8.015334e-001
9.256793e+002,8.051615e-001
9.276078e+002,8.086728e-001
9.295363e+002,8.121327e-001
9.314648e+002,8.157392e-001
9.333932e+002,8.196504e-001
9.353218e+002,8.239461e-001
9.372502e+002,8.286123e-001
9.391788e+002,8.336608e-001
9.411073e+002,8.391623e-001
9.430358e+002,8.449764e-001
9.449643e+002,8.506604e-001
9.468928e+002,8.559173e-001
9.488213e+002,8.609771e-001
9.507498e+002,8.661221e-001
9.526783e+002,8.712798e-001
9.546068e+002,8.763562e-001
9.565353e+002,8.812978e-001
9.584637e+002,8.860480e-001
9.603923e+002,8.907130e-001
9.623207e+002,8.953955e-001
9.642493e+002,9.000708e-001
9.661777e+002,9.047138e-001
9.681063e+002,9.093542e-001
9.700347e+002,9.138827e-001
9.719633e+002,9.181763e-001
9.738917e+002,9.224128e-001
9.758203e+002,9.267564e-001
9.777487e+002,9.310493e-001
9.796772e+002,9.351170e-001
9.816057e+002,9.388911e-001
9.835342e+002,9.423491e-001
9.854627e+002,9.455630e-001
9.873912e+002,9.484767e-001
9.893198e+002,9.510173e-001
9.912482e+002,9.533532e-001
9.931768e+002,9.555228e-001
9.951052e+002,9.574312e-001
9.970338e+002,9.591137e-001
9.989622e+002,9.605820e-001
1.000891e+003,9.617882e-001
1.002819e+003,9.626267e-001
1.004748e+003,9.628359e-001
1.006676e+003,9.623569e-001
1.008605e+003,9.614005e-001
1.010533e+003,9.600598e-001
1.012462e+003,9.583890e-001
1.014390e+003,9.564489e-001
1.016319e+003,9.542133e-001
1.018247e+003,9.519086e-001
1.020176e+003,9.498762e-001
1.022104e+003,9.480773e-001
1.024033e+003,9.463279e-001
1.025961e+003,9.447080e-001
1.027890e+003,9.435068e-001
1.029818e+003,9.427138e-001
1.031747e+003,9.418164e-001
1.033675e+003,9.404579e-001
1.035604e+003,9.387635e-001
1.037532e+003,9.370255e-001
1.039461e+003,9.353375e-001
1.041389e+003,9.335861e-001
1.043318e+003,9.315994e-001
1.045246e+003,9.293792e-001
1.047175e+003,9.273079e-001
1.049103e+003,9.256490e-001
1.051032e+003,9.242673e-001
1.052960e+003,9.230276e-001
1.054889e+003,9.218559e-001
1.056817e+003,9.208839e-001
1.058746e+003,9.202877e-001
1.060674e+003,9.196193e-001
1.062603e+003,9.182072e-001
1.064531e+003,9.163017e-001
1.066460e+003,9.149417e-001
1.068388e+003,9.144258e-001
1.070317e+003,9.140052e-001
1.072245e+003,9.132200e-001
1.074174e+003,9.123064e-001
1.076102e+003,9.115450e-001
1.078031e+003,9.108431e-001
1.079959e+003,9.100543e-001
1.081888e+003,9.092454e-001
1.083816e+003,9.084167e-001
1.085745e+003,9.077044e-001
1.087673e+003,9.077132e-001
1.089602e+003,9.091114e-001
1.091530e+003,9.120336e-001
1.093459e+003,9.158713e-001
1.095387e+003,9.199671e-001
1.097316e+003,9.242877e-001
1.099244e+003,9.290912e-001
1.101173e+003,9.344637e-001
1.103101e+003,9.401771e-001
1.105030e+003,9.459473e-001
1.106958e+003,9.518167e-001
1.108887e+003,9.578197e-001
1.110815e+003,9.638233e-001
1.112744e+003,9.698559e-001
1.114672e+003,9.759476e-001
1.116601e+003,9.819524e-001
1.118529e+003,9.877784e-001
1.120458e+003,9.936443e-001
1.122386e+003,9.998045e-001
1.124315e+003,1.006011e+000
1.126243e+003,1.011948e+000
1.128172e+003,1.017725e+000
1.130100e+003,1.023489e+000
1.132029e+003,1.028988e+000
1.133957e+003,1.033934e+000
1.135886e+003,1.038825e+000
1.137814e+003,1.044104e+000
1.139743e+003,1.049146e+000
1.141671e+003,1.053554e+000
1.143600e+003,1.057665e+000
1.145528e+003,1.061502e+000
1.147457e+003,1.064905e+000
1.149385e+003,1.068287e+000
1.151314e+003,1.072297e+000
1.153242e+003,1.077057e+000
1.155171e+003,1.082101e+000
1.157099e+003,1.087028e+000
1.159028e+003,1.091852e+000
1.160956e+003,1.096603e+000
1.162885e+003,1.101290e+000
1.164813e+003,1.106294e+000
1.166742e+003,1.111769e+000
1.168670e+003,1.117145e+000
1.170599e+003,1.121599e+000
1.172527e+003,1.124969e+000
1.174456e+003,1.128837e+000
1.176384e+003,1.134030e+000
1.178313e+003,1.138942e+000
1.180241e+003,1.143669e+000
1.182170e+003,1.149733e+000
1.184098e+003,1.155985e+000
1.186027e+003,1.161195e+000
1.187955e+003,1.166767e+000
1.189884e+003,1.173048e+000
1.191812e+003,1.178685e+000
1.193741e+003,1.183381e+000
1.195669e+003,1.187480e+000
1.197598e+003,1.191633e+000
1.199526e+003,1.196621e+000
1.201455e+003,1.201960e+000
1.203383e+003,1.206758e+000
1.205312e+003,1.211029e+000
1.207240e+003,1.214783e+000
1.209169e+003,1.217333e+000
1.211097e+003,1.219279e+000
1.213026e+003,1.222828e+000
1.214954e+003,1.227623e+000
1.216883e+003,1.231426e+000
1.218811e+003,1.234433e+000
1.220740e+003,1.237345e+000
1.222668e+003,1.239189e+000
1.224597e+003,1.240564e+000
1.226525e+003,1.243502e+000
1.228453e+003,1.247092e+000
1.230382e+003,1.249210e+000
1.232311e+003,1.249913e+000
1.234239e+003,1.250438e+000
1.236168e+003,1.252021e+000
1.238096e+003,1.255487e+000
1.240025e+003,1.260421e+000
1.241953e+003,1.265450e+000
1.243882e+003,1.270880e+000
1.245810e+003,1.277568e+000
1.247739e+003,1.283801e+000
1.249667e+003,1.288317e+000
1.251596e+003,1.291861e+000
1.253524e+003,1.294742e+000
1.255453e+003,1.295747e+000
1.257381e+003,1.292676e+000
1.259310e+003,1.288741e+000
1.261238e+003,1.292183e+000
1.263167e+003,1.301225e+000
1.265095e+003,1.307255e+000
1.267024e+003,1.308819e+000
1.268952e+003,1.308710e+000
1.270880e+003,1.312651e+000
1.272809e+003,1.325458e+000
1.274738e+003,1.340558e+000
1.276666e+003,1.349105e+000
1.278594e+003,1.352131e+000
1.280523e+003,1.354604e+000
1.282452e+003,1.357300e+000
1.284380e+003,1.355958e+000
1.286308e+003,1.349921e+000
1.288237e+003,1.348080e+000
1.290166e+003,1.355306e+000
1.292094e+003,1.364207e+000
1.294022e+003,1.367731e+000
1.295951e+003,1.368008e+000
1.297880e+003,1.370444e+000
1.299808e+003,1.374487e+000
1.301736e+003,1.376481e+000
1.303665e+003,1.375525e+000
1.305594e+003,1.372127e+000
1.307522e+003,1.368159e+000
1.309450e+003,1.360503e+000
1.311379e+003,1.343658e+000
1.313307e+003,1.327704e+000
1.315236e+003,1.317817e+000
1.317164e+003,1.306162e+000
1.319093e+003,1.308354e+000
1.321021e+003,1.336382e+000
1.322950e+003,1.366362e+000
1.324878e+003,1.380482e+000
1.326807e+003,1.383964e+000
1.328735e+003,1.384122e+000
1.330664e+003,1.384071e+000
1.332592e+003,1.376400e+000
1.334521e+003,1.339211e+000
1.336449e+003,1.262912e+000
1.338378e+003,1.195987e+000
1.340307e+003,1.214191e+000
1.342235e+003,1.300325e+000
1.344163e+003,1.363794e+000
1.346092e+003,1.376631e+000
1.348021e+003,1.369441e+000
1.349949e+003,1.365205e+000
1.351877e+003,1.361839e+000
1.353806e+003,1.352534e+000
1.355734e+003,1.345257e+000
1.357663e+003,1.324750e+000
1.359591e+003,1.254468e+000
1.361520e+003,1.173995e+000
1.363448e+003,1.182920e+000
1.365377e+003,1.259149e+000
1.367305e+003,1.297870e+000
1.369234e+003,1.290329e+000
1.371162e+003,1.246461e+000
1.373091e+003,1.177690e+000
1.375019e+003,1.170237e+000
1.376948e+003,1.234563e+000
1.378876e+003,1.291683e+000
1.380805e+003,1.317846e+000
1.382733e+003,1.308845e+000
1.384662e+003,1.241740e+000
1.386590e+003,1.170484e+000
1.388519e+003,1.188135e+000
1.390447e+003,1.231869e+000
1.392376e+003,1.171675e+000
1.394304e+003,1.057978e+000
1.396233e+003,1.011686e+000
1.398161e+003,1.044812e+000
1.400090e+003,1.132044e+000
1.402018e+003,1.203748e+000
1.403947e+003,1.210104e+000
1.405875e+003,1.228071e+000
1.407804e+003,1.278247e+000
1.409732e+003,1.300438e+000
1.411661e+003,1.297869e+000
1.413589e+003,1.267160e+000
1.415518e+003,1.151305e+000
1.417446e+003,9.911700e-001
1.419375e+003,9.551359e-001
1.421303e+003,1.059031e+000
1.423232e+003,1.157647e+000
1.425160e+003,1.218248e+000
1.427089e+003,1.235588e+000
1.429017e+003,1.202470e+000
1.430946e+003,1.190422e+000
1.432874e+003,1.167451e+000
1.434803e+003,1.063718e+000
1.436731e+003,1.020587e+000
1.438660e+003,1.148114e+000
1.440588e+003,1.295289e+000
1.442517e+003,1.339855e+000
1.444445e+003,1.297288e+000
1.446374e+003,1.214458e+000
1.448302e+003,1.178946e+000
1.450231e+003,1.199127e+000
1.452159e+003,1.153321e+000
1.454088e+003,9.584054e-001
1.456016e+003,7.329279e-001
1.457945e+003,7.282869e-001
1.459873e+003,9.474661e-001
1.461802e+003,1.099988e+000
1.463730e+003,1.087145e+000
1.465659e+003,1.099075e+000
1.467587e+003,1.161112e+000
1.469516e+003,1.082652e+000
1.471444e+003,8.887112e-001
1.473373e+003,8.193403e-001
1.475301e+003,9.384654e-001
1.477230e+003,1.118569e+000
1.479158e+003,1.242157e+000
1.481087e+003,1.287709e+000
1.483015e+003,1.284657e+000
1.484944e+003,1.194458e+000
1.486872e+003,1.017244e+000
1.488801e+003,8.970652e-001
1.490729e+003,9.586846e-001
1.492658e+003,1.081890e+000
1.494586e+003,1.054344e+000
1.496515e+003,9.512823e-001
1.498443e+003,9.706884e-001
1.500372e+003,1.077407e+000
1.502300e+003,1.062454e+000
1.504229e+003,8.210371e-001
1.506157e+003,5.679004e-001
1.508086e+003,5.809510e-001
1.510014e+003,7.885435e-001
1.511943e+003,9.448113e-001
1.513871e+003,9.405023e-001
1.515800e+003,8.329316e-001
1.517728e+003,7.351936e-001
1.519657e+003,6.581615e-001
1.521585e+003,6.302031e-001
1.523514e+003,7.000676e-001
1.525442e+003,7.994127e-001
1.527371e+003,8.989196e-001
1.529299e+003,9.705536e-001
1.531228e+003,9.228465e-001
1.533156e+003,8.326324e-001
1.535085e+003,8.018222e-001
1.537013e+003,6.939994e-001
1.538942e+003,4.956262e-001
1.540870e+003,4.304560e-001
1.542799e+003,5.550994e-001
1.544727e+003,7.652816e-001
1.546656e+003,9.492097e-001
1.548584e+003,1.016626e+000
1.550513e+003,1.000459e+000
1.552441e+003,9.408240e-001
1.554370e+003,8.089793e-001
1.556298e+003,6.065362e-001
1.558227e+003,4.651734e-001
1.560155e+003,5.875412e-001
1.562084e+003,8.728054e-001
1.564012e+003,1.044741e+000
1.565941e+003,1.054248e+000
1.567869e+003,9.805000e-001
1.569798e+003,9.618616e-001
1.571726e+003,1.030155e+000
1.573655e+003,9.977607e-001
1.575583e+003,8.989304e-001
1.577512e+003,9.706534e-001
1.579440e+003,1.158450e+000
1.581369e+003,1.270047e+000
1.583297e+003,1.298040e+000
1.585226e+003,1.301930e+000
1.587154e+003,1.295235e+000
1.589083e+003,1.280340e+000
1.591011e+003,1.262541e+000
1.592940e+003,1.243170e+000
1.594868e+003,1.236912e+000
1.596797e+003,1.254170e+000
1.598725e+003,1.265993e+000
1.600654e+003,1.251553e+000
1.602582e+003,1.234310e+000
1.604511e+003,1.224651e+000
1.606439e+003,1.202951e+000
1.608368e+003,1.184456e+000
1.610296e+003,1.195909e+000
1.612225e+003,1.177220e+000
1.614153e+003,1.046256e+000
1.616082e+003,9.137804e-001
1.618010e+003,9.501172e-001
1.619939e+003,1.032668e+000
1.621867e+003,1.001243e+000
1.623796e+003,9.706909e-001
1.625724e+003,1.014593e+000
1.627653e+003,1.075628e+000
1.629581e+003,1.139096e+000
1.631510e+003,1.113709e+000
1.633438e+003,9.222556e-001
1.635367e+003,7.601214e-001
1.637295e+003,8.396744e-001
1.639224e+003,1.042626e+000
1.641152e+003,1.141602e+000
1.643081e+003,1.051792e+000
1.645009e+003,8.416757e-001
1.646938e+003,7.245767e-001
1.648866e+003,7.432000e-001
1.650795e+003,6.702386e-001
1.652723e+003,5.589156e-001
1.654652e+003,6.986390e-001
1.656580e+003,9.989015e-001
1.658509e+003,1.155597e+000
1.660437e+003,1.113566e+000
1.662366e+003,1.052350e+000
1.664294e+003,1.082195e+000
1.666223e+003,1.059505e+000
1.668151e+003,9.181170e-001
1.670080e+003,8.458743e-001
1.672008e+003,8.859115e-001
1.673937e+003,9.132465e-001
1.675865e+003,9.593773e-001
1.677794e+003,1.031561e+000
1.679722e+003,9.892751e-001
1.681651e+003,8.021712e-001
1.683579e+003,6.529862e-001
1.685508e+003,7.303495e-001
1.687436e+003,9.286361e-001
1.689365e+003,1.065167e+000
1.691293e+003,1.107152e+000
1.693222e+003,9.995751e-001
1.695150e+003,7.965321e-001
1.697079e+003,6.589509e-001
1.699007e+003,6.123623e-001
1.700936e+003,6.784896e-001
1.702864e+003,8.150437e-001
1.704793e+003,9.021381e-001
1.706721e+003,9.903240e-001
1.708650e+003,1.106124e+000
1.710578e+003,1.142423e+000
1.712507e+003,1.038652e+000
1.714435e+003,8.447080e-001
1.716364e+003,7.116421e-001
1.718292e+003,7.871011e-001
1.720221e+003,1.011983e+000
1.722149e+003,1.179992e+000
1.724078e+003,1.243311e+000
1.726006e+003,1.249512e+000
1.727935e+003,1.177163e+000
1.729863e+003,1.028520e+000
1.731792e+003,8.481183e-001
1.733720e+003,7.616012e-001
1.735649e+003,8.581183e-001
1.737577e+003,9.686997e-001
1.739506e+003,9.834083e-001
1.741434e+003,9.951790e-001
1.743363e+003,1.017182e+000
1.745291e+003,9.955389e-001
1.747220e+003,9.240662e-001
1.749148e+003,8.746074e-001
1.751077e+003,9.418303e-001
1.753005e+003,1.084431e+000
1.754934e+003,1.155257e+000
1.756862e+003,1.149688e+000
1.758791e+003,1.135045e+000
1.760719e+003,1.114325e+000
1.762648e+003,1.145950e+000
1.764576e+003,1.204804e+000
1.766505e+003,1.168958e+000
1.768433e+003,1.048287e+000
1.770362e+003,9.202482e-001
1.772290e+003,8.884920e-001
1.774219e+003,1.009785e+000
1.776147e+003,1.157850e+000
1.778076e+003,1.206471e+000
1.780004e+003,1.194930e+000
1.781933e+003,1.202379e+000
1.783861e+003,1.227375e+000
1.785790e+003,1.254460e+000
1.787718e+003,1.239164e+000
1.789647e+003,1.121216e+000
1.791575e+003,1.004080e+000
1.793504e+003,1.030849e+000
1.795432e+003,1.130899e+000
1.797361e+003,1.163209e+000
1.799289e+003,1.135745e+000
1.801218e+003,1.147388e+000
1.803146e+003,1.222502e+000
1.805075e+003,1.284953e+000
1.807003e+003,1.280427e+000
1.808932e+003,1.236267e+000
1.810860e+003,1.224237e+000
1.812789e+003,1.271093e+000
1.814717e+003,1.317848e+000
1.816646e+003,1.329360e+000
1.818574e+003,1.331208e+000
1.820503e+003,1.316642e+000
1.822431e+003,1.252512e+000
1.824360e+003,1.174039e+000
1.826288e+003,1.126753e+000
1.828217e+003,1.086867e+000
1.830145e+003,1.099396e+000
1.832074e+003,1.201128e+000
1.834002e+003,1.284003e+000
1.835931e+003,1.297529e+000
1.837859e+003,1.295487e+000
1.839788e+003,1.267652e+000
1.841716e+003,1.161645e+000
1.843645e+003,1.059239e+000
1.845573e+003,1.086527e+000
1.847502e+003,1.195439e+000
1.849430e+003,1.282592e+000
1.851359e+003,1.326607e+000
1.853287e+003,1.339752e+000
1.855216e+003,1.336698e+000
1.857144e+003,1.326905e+000
1.859073e+003,1.318994e+000
1.861001e+003,1.316609e+000
1.862930e+003,1.298262e+000
1.864858e+003,1.222983e+000
1.866786e+003,1.106341e+000
1.868715e+003,1.064520e+000
1.870644e+003,1.154342e+000
1.872572e+003,1.269718e+000
1.874500e+003,1.320566e+000
1.876429e+003,1.327153e+000
1.878358e+003,1.324772e+000
1.880286e+003,1.322004e+000
1.882215e+003,1.315521e+000
1.884143e+003,1.303297e+000
1.886072e+003,1.274071e+000
1.888000e+003,1.226651e+000
1.889929e+003,1.212972e+000
1.891857e+003,1.242939e+000
1.893786e+003,1.260092e+000
1.895714e+003,1.269002e+000
1.897643e+003,1.293151e+000
1.899571e+003,1.310341e+000
1.901500e+003,1.310830e+000
1.903428e+003,1.303603e+000
1.905357e+003,1.286410e+000
1.907285e+003,1.257875e+000
1.909214e+003,1.243776e+000
1.911142e+003,1.263174e+000
1.913071e+003,1.281093e+000
1.914999e+003,1.249647e+000
1.916927e+003,1.193398e+000
1.918856e+003,1.178812e+000
1.920785e+003,1.191675e+000
1.922713e+003,1.204716e+000
1.924641e+003,1.242939e+000
1.926570e+003,1.285771e+000
1.928499e+003,1.301291e+000
1.930427e+003,1.300306e+000
1.932355e+003,1.297161e+000
1.934284e+003,1.296871e+000
1.936213e+003,1.296555e+000
1.938141e+003,1.280187e+000
1.940069e+003,1.231550e+000
1.941998e+003,1.185861e+000
1.943927e+003,1.196049e+000
1.945855e+003,1.240349e+000
1.947783e+003,1.273038e+000
1.949712e+003,1.287033e+000
1.951641e+003,1.287887e+000
1.953569e+003,1.282147e+000
1.955497e+003,1.278647e+000
1.957426e+003,1.279368e+000
1.959354e+003,1.279740e+000
1.961283e+003,1.278082e+000
1.963211e+003,1.266794e+000
1.965140e+003,1.240496e+000
1.967068e+003,1.226720e+000
1.968997e+003,1.246197e+000
1.970925e+003,1.271426e+000
1.972854e+003,1.279958e+000
1.974782e+003,1.279502e+000
1.976711e+003,1.278284e+000
1.978640e+003,1.277440e+000
1.980568e+003,1.276403e+000
1.982496e+003,1.274527e+000
1.984425e+003,1.268574e+000
1.986354e+003,1.254403e+000
1.988282e+003,1.231326e+000
1.990210e+003,1.204782e+000
1.992139e+003,1.199462e+000
1.994068e+003,1.226612e+000
1.995996e+003,1.253245e+000
1.997924e+003,1.259969e+000
1.999853e+003,1.259948e+000
2.001781e+003,1.260564e+000
2.003710e+003,1.259745e+000
2.005638e+003,1.256784e+000
2.007567e+003,1.253858e+000
2.009495e+003,1.253000e+000
2.011424e+003,1.251689e+000
2.013352e+003,1.241694e+000
2.015281e+003,1.221841e+000
2.017209e+003,1.211398e+000
2.019138e+003,1.221847e+000
2.021066e+003,1.235975e+000
2.022995e+003,1.240860e+000
2.024923e+003,1.240788e+000
2.026852e+003,1.240081e+000
2.028780e+003,1.239616e+000
2.030709e+003,1.239146e+000
2.032637e+003,1.238071e+000
2.034566e+003,1.236349e+000
2.036494e+003,1.233216e+000
2.038423e+003,1.226226e+000
2.040351e+003,1.217881e+000
2.042280e+003,1.216449e+000
2.044208e+003,1.221505e+000
2.046137e+003,1.225487e+000
2.048065e+003,1.226475e+000
2.049994e+003,1.226015e+000
2.051922e+003,1.224903e+000
2.053851e+003,1.223583e+000
2.055779e+003,1.222016e+000
2.057708e+003,1.219631e+000
2.059636e+003,1.216165e+000
2.061565e+003,1.209892e+000
2.063493e+003,1.200967e+000
2.065422e+003,1.198376e+000
2.067350e+003,1.205137e+000
2.069279e+003,1.211077e+000
2.071207e+003,1.211446e+000
2.073136e+003,1.209667e+000
2.075064e+003,1.208169e+000
2.076993e+003,1.207138e+000
2.078921e+003,1.206367e+000
2.080850e+003,1.205768e+000
2.082778e+003,1.204882e+000
2.084707e+003,1.202938e+000
2.086635e+003,1.199128e+000
2.088564e+003,1.194716e+000
2.090492e+003,1.193595e+000
2.092421e+003,1.195884e+000
2.094349e+003,1.197316e+000
2.096278e+003,1.196695e+000
2.098206e+003,1.195534e+000
2.100135e+003,1.194502e+000
2.102063e+003,1.193532e+000
2.103992e+003,1.192421e+000
2.105920e+003,1.191207e+000
2.107849e+003,1.190131e+000
2.109777e+003,1.188943e+000
2.111706e+003,1.186880e+000
2.113634e+003,1.184354e+000
2.115563e+003,1.183225e+000
2.117491e+003,1.183553e+000
2.119420e+003,1.183502e+000
2.121348e+003,1.182589e+000
2.123277e+003,1.181444e+000
2.125205e+003,1.180447e+000
2.127134e+003,1.179595e+000
2.129062e+003,1.178759e+000
2.130991e+003,1.177760e+000
2.132919e+003,1.176042e+000
2.134848e+003,1.173647e+000
2.136776e+003,1.172068e+000
2.138705e+003,1.171923e+000
2.140633e+003,1.172072e+000
2.142562e+003,1.171600e+000
2.144490e+003,1.170519e+000
2.146419e+003,1.169364e+000
2.148347e+003,1.168381e+000
2.150276e+003,1.167360e+000
2.152204e+003,1.166299e+000
2.154133e+003,1.165330e+000
2.156061e+003,1.164337e+000
2.157990e+003,1.163081e+000
2.159918e+003,1.161527e+000
2.161847e+003,1.160207e+000
2.163775e+003,1.159502e+000
2.165704e+003,1.158899e+000
2.167632e+003,1.157985e+000
2.169561e+003,1.156953e+000
2.171489e+003,1.155968e+000
2.173418e+003,1.154997e+000
2.175346e+003,1.154024e+000
2.177275e+003,1.153019e+000
2.179203e+003,1.151958e+000
2.181132e+003,1.150901e+000
2.183060e+003,1.149828e+000
2.184989e+003,1.148722e+000
2.186917e+003,1.147727e+000
2.188846e+003,1.146801e+000
2.190774e+003,1.145788e+000
2.192703e+003,1.144779e+000
2.194631e+003,1.143859e+000
2.196560e+003,1.142926e+000
2.198488e+003,1.141876e+000
2.200417e+003,1.140729e+000
2.202345e+003,1.139538e+000
2.204274e+003,1.138372e+000
2.206202e+003,1.137353e+000
2.208131e+003,1.136394e+000
2.210059e+003,1.135317e+000
2.211988e+003,1.134215e+000
2.213916e+003,1.133242e+000
2.215845e+003,1.132362e+000
2.217773e+003,1.131505e+000
2.219702e+003,1.130642e+000
2.221630e+003,1.129697e+000
2.223559e+003,1.128596e+000
2.225487e+003,1.127355e+000
2.227416e+003,1.126042e+000
2.229344e+003,1.124644e+000
2.231273e+003,1.123155e+000
2.233201e+003,1.121661e+000
2.235130e+003,1.120191e+000
2.237058e+003,1.118713e+000
2.238987e+003,1.117176e+000
2.240915e+003,1.115502e+000
2.242844e+003,1.113685e+000
2.244772e+003,1.111743e+000
2.246701e+003,1.109696e+000
2.248629e+003,1.107545e+000
2.250558e+003,1.105184e+000
2.252486e+003,1.102494e+000
2.254415e+003,1.099504e+000
2.256343e+003,1.096412e+000
2.258272e+003,1.093386e+000
2.260200e+003,1.090364e+000
2.262129e+003,1.087285e+000
2.264057e+003,1.084323e+000
2.265986e+003,1.081710e+000
2.267914e+003,1.079566e+000
2.269843e+003,1.077887e+000
2.271771e+003,1.076649e+000
2.273700e+003,1.075954e+000
2.275628e+003,1.076026e+000
2.277557e+003,1.077051e+000
2.279485e+003,1.078813e+000
2.281414e+003,1.079968e+000
2.283342e+003,1.077922e+000
2.285271e+003,1.071134e+000
2.287199e+003,1.060868e+000
2.289128e+003,1.049181e+000
2.291056e+003,1.036910e+000
2.292985e+003,1.024003e+000
2.294913e+003,1.010206e+000
2.296842e+003,9.951688e-001
2.298770e+003,9.784278e-001
2.300699e+003,9.594739e-001
2.302627e+003,9.372278e-001
2.304556e+003,9.100582e-001
2.306484e+003,8.777082e-001
2.308413e+003,8.419425e-001
2.310341e+003,8.053102e-001
2.312270e+003,7.705268e-001
2.314198e+003,7.375534e-001
2.316127e+003,7.012463e-001
2.318055e+003,6.583003e-001
2.319984e+003,6.140823e-001
2.321912e+003,5.770749e-001
2.323841e+003,5.498403e-001
2.325769e+003,5.268407e-001
2.327698e+003,5.022867e-001
2.329626e+003,4.793383e-001
2.331555e+003,4.645721e-001
2.333483e+003,4.564385e-001
2.335412e+003,4.485720e-001
2.337340e+003,4.399148e-001
2.339269e+003,4.339786e-001
2.341197e+003,4.354233e-001
2.343126e+003,4.533589e-001
2.345054e+003,5.021722e-001
2.346983e+003,5.703773e-001
2.348911e+003,5.966464e-001
2.350840e+003,5.443128e-001
2.352768e+003,4.569459e-001
2.354697e+003,3.863101e-001
2.356625e+003,3.425574e-001
2.358554e+003,3.194697e-001
2.360482e+003,3.122860e-001
2.362411e+003,3.179257e-001
2.364339e+003,3.350455e-001
2.366268e+003,3.637005e-001
2.368196e+003,4.039588e-001
2.370125e+003,4.557899e-001
2.372053e+003,5.190712e-001
2.373982e+003,5.931550e-001
2.375910e+003,6.762153e-001
2.377839e+003,7.639672e-001
2.379767e+003,8.487769e-001
2.381696e+003,9.213480e-001
2.383624e+003,9.749200e-001
2.385553e+003,1.008512e+000
2.387481e+003,1.026220e+000
2.389410e+003,1.033883e+000
2.391338e+003,1.036357e+000
2.393267e+003,1.036610e+000
2.395195e+003,1.036018e+000
2.397124e+003,1.035124e+000
2.399052e+003,1.034176e+000
2.400981e+003,1.033224e+000
2.402909e+003,1.032259e+000
2.404838e+003,1.031338e+000
2.406766e+003,1.030454e+000
2.408695e+003,1.029538e+000
2.410623e+003,1.028613e+000
2.412552e+003,1.027706e+000
2.414480e+003,1.026801e+000
2.416409e+003,1.025885e+000
2.418337e+003,1.024900e+000
2.420266e+003,1.023847e+000
2.422194e+003,1.022820e+000
2.424123e+003,1.021842e+000
2.426051e+003,1.020876e+000
2.427980e+003,1.019940e+000
2.429908e+003,1.019058e+000
2.431837e+003,1.018191e+000
2.433765e+003,1.017265e+000
2.435694e+003,1.016292e+000
2.437622e+003,1.015340e+000
2.439551e+003,1.014407e+000
2.441479e+003,1.013444e+000
2.443408e+003,1.012480e+000
2.445336e+003,1.011581e+000
2.447265e+003,1.010742e+000
2.449193e+003,1.009907e+000
2.451122e+003,1.009015e+000
2.453050e+003,1.008049e+000
2.454979e+003,1.007051e+000
2.456907e+003,1.006027e+000
2.458836e+003,1.005026e+000
2.460764e+003,1.004121e+000
2.462693e+003,1.003241e+000
2.464621e+003,1.002308e+000
2.466550e+003,1.001349e+000
2.468478e+003,1.000357e+000
2.470406e+003,9.993281e-001
2.472335e+003,9.983267e-001
2.474264e+003,9.973701e-001
2.476192e+003,9.964465e-001
2.478121e+003,9.955205e-001
2.480049e+003,9.945064e-001
2.481978e+003,9.934584e-001
2.483906e+003,9.925032e-001
2.485834e+003,9.916216e-001
2.487763e+003,9.907036e-001
2.489692e+003,9.896962e-001
2.491620e+003,9.887046e-001
2.493549e+003,9.878266e-001
2.495477e+003,9.869596e-001
2.497406e+003,9.860007e-001
2.499334e+003,9.850188e-001
2.501262e+003,9.840856e-001
2.503191e+003,9.831803e-001
2.505120e+003,9.822649e-001
2.507048e+003,9.812927e-001
2.508977e+003,9.802610e-001
2.510905e+003,9.792470e-001
2.512833e+003,9.782901e-001
2.514762e+003,9.773328e-001
2.516690e+003,9.763480e-001
2.518619e+003,9.753883e-001
2.520548e+003,9.744496e-001
2.522476e+003,9.734837e-001
2.524405e+003,9.724653e-001
2.526333e+003,9.714018e-001
2.528261e+003,9.703594e-001
2.530190e+003,9.693803e-001
2.532119e+003,9.684174e-001
2.534047e+003,9.674326e-001
2.535976e+003,9.664696e-001
2.537904e+003,9.655570e-001
2.539833e+003,9.646368e-001
2.541761e+003,9.636697e-001
2.543689e+003,9.627019e-001
2.545618e+003,9.617359e-001
2.547547e+003,9.607168e-001
2.549475e+003,9.596692e-001
2.551404e+003,9.586559e-001
2.553332e+003,9.576689e-001
2.555260e+003,9.566613e-001
2.557189e+003,9.556322e-001
2.559117e+003,9.546162e-001
2.561046e+003,9.536201e-001
2.562975e+003,9.526263e-001
2.564903e+003,9.516365e-001
2.566832e+003,9.506664e-001
2.568760e+003,9.496853e-001
2.570688e+003,9.486511e-001
2.572617e+003,9.476246e-001
2.574545e+003,9.466751e-001
2.576474e+003,9.457245e-001
2.578403e+003,9.446749e-001
2.580331e+003,9.435648e-001
2.582260e+003,9.424767e-001
2.584188e+003,9.414412e-001
2.586116e+003,9.404500e-001
2.588045e+003,9.394540e-001
2.589973e+003,9.384377e-001
2.591902e+003,9.374717e-001
2.593831e+003,9.365258e-001
2.595759e+003,9.354948e-001
2.597688e+003,9.344261e-001
2.599616e+003,9.333832e-001
2.601544e+003,9.323442e-001
2.603473e+003,9.312648e-001
2.605401e+003,9.301265e-001
2.607330e+003,9.290080e-001
2.609259e+003,9.279642e-001
2.611187e+003,9.269599e-001
2.613115e+003,9.259809e-001
2.615044e+003,9.249870e-001
2.616972e+003,9.239205e-001
2.618901e+003,9.228188e-001
2.620830e+003,9.217357e-001
2.622758e+003,9.206973e-001
2.624687e+003,9.196911e-001
2.626615e+003,9.186538e-001
2.628543e+003,9.175762e-001
2.630472e+003,9.165135e-001
2.632400e+003,9.155043e-001
2.634329e+003,9.145138e-001
2.636258e+003,9.134841e-001
2.638186e+003,9.124047e-001
2.640115e+003,9.112796e-001
2.642043e+003,9.101177e-001
2.643971e+003,9.089404e-001
2.645900e+003,9.077752e-001
2.647828e+003,9.066538e-001
2.649757e+003,9.056042e-001
2.651686e+003,9.046106e-001
2.653614e+003,9.035848e-001
2.655542e+003,9.024901e-001
2.657471e+003,9.014241e-001
2.659399e+003,9.004250e-001
2.661328e+003,8.994088e-001
2.663256e+003,8.983409e-001
2.665185e+003,8.972461e-001
2.667114e+003,8.961504e-001
2.669042e+003,8.950989e-001
2.670970e+003,8.941199e-001
2.672899e+003,8.931478e-001
2.674827e+003,8.921582e-001
2.676756e+003,8.912433e-001
2.678684e+003,8.903312e-001
2.680613e+003,8.892037e-001
2.682542e+003,8.879083e-001
2.684470e+003,8.867221e-001
2.686398e+003,8.856924e-001
2.688327e+003,8.846348e-001
2.690255e+003,8.835119e-001
2.692184e+003,8.824047e-001
2.694112e+003,8.813138e-001
2.696041e+003,8.802465e-001
2.697969e+003,8.792138e-001
2.699898e+003,8.781717e-001
2.701826e+003,8.771342e-001
2.703755e+003,8.761234e-001
2.705683e+003,8.751222e-001
2.707612e+003,8.741648e-001
2.709540e+003,8.731970e-001
2.711469e+003,8.720669e-001
2.713397e+003,8.708152e-001
2.715326e+003,8.695943e-001
2.717254e+003,8.684086e-001
2.719183e+003,8.672572e-001
2.721111e+003,8.662342e-001
2.723040e+003,8.654013e-001
2.724969e+003,8.646176e-001
2.726897e+003,8.635625e-001
2.728825e+003,8.622599e-001
2.730754e+003,8.610363e-001
2.732682e+003,8.599561e-001
2.734611e+003,8.589251e-001
2.736539e+003,8.578858e-001
2.738468e+003,8.567705e-001
2.740396e+003,8.556042e-001
2.742325e+003,8.545167e-001
2.744253e+003,8.536155e-001
2.746182e+003,8.528475e-001
2.748110e+003,8.519483e-001
2.750039e+003,8.507466e-001
2.751967e+003,8.494110e-001
2.753896e+003,8.482116e-001
2.755824e+003,8.471655e-001
2.757753e+003,8.461148e-001
2.759681e+003,8.450267e-001
2.761610e+003,8.439497e-001
2.763538e+003,8.428606e-001
2.765467e+003,8.417328e-001
2.767395e+003,8.406407e-001
2.769324e+003,8.396724e-001
2.771252e+003,8.388258e-001
2.773181e+003,8.379460e-001
2.775109e+003,8.367593e-001
2.777038e+003,8.352681e-001
2.778966e+003,8.338100e-001
2.780895e+003,8.325560e-001
2.782823e+003,8.314443e-001
2.784752e+003,8.304436e-001
2.786680e+003,8.295897e-001
2.788609e+003,8.287420e-001
2.790537e+003,8.276131e-001
2.792466e+003,8.262868e-001
2.794394e+003,8.251173e-001
2.796323e+003,8.241012e-001
2.798251e+003,8.228778e-001
2.800180e+003,8.213537e-001
2.802108e+003,8.198763e-001
2.804037e+003,8.186552e-001
2.805965e+003,8.176265e-001
2.807894e+003,8.166773e-001
2.809822e+003,8.155460e-001
2.811751e+003,8.141279e-001
2.813679e+003,8.126961e-001
2.815608e+003,8.113800e-001
2.817536e+003,8.100584e-001
2.819465e+003,8.087089e-001
2.821393e+003,8.073555e-001
2.823322e+003,8.059148e-001
2.825250e+003,8.043258e-001
2.827179e+003,8.026451e-001
2.829107e+003,8.009275e-001
2.831036e+003,7.991496e-001
2.832964e+003,7.971699e-001
2.834893e+003,7.947454e-001
2.836821e+003,7.915341e-001
2.838750e+003,7.868471e-001
2.840678e+003,7.796340e-001
2.842607e+003,7.687644e-001
2.844535e+003,7.544156e-001
2.846464e+003,7.408170e-001
2.848392e+003,7.345669e-001
2.850321e+003,7.373928e-001
2.852249e+003,7.444352e-001
2.854178e+003,7.507054e-001
2.856106e+003,7.549055e-001
2.858035e+003,7.575739e-001
2.859963e+003,7.590997e-001
2.861892e+003,7.597719e-001
2.863820e+003,7.601039e-001
2.865749e+003,7.603491e-001
2.867677e+003,7.604117e-001
2.869606e+003,7.603439e-001
2.871534e+003,7.602341e-001
2.873463e+003,7.598394e-001
2.875391e+003,7.589913e-001
2.877320e+003,7.579103e-001
2.879248e+003,7.567354e-001
2.881177e+003,7.553702e-001
2.883105e+003,7.537804e-001
2.885034e+003,7.520064e-001
2.886962e+003,7.500261e-001
2.888891e+003,7.478246e-001
2.890819e+003,7.454863e-001
2.892748e+003,7.431480e-001
2.894676e+003,7.407653e-001
2.896605e+003,7.380189e-001
2.898533e+003,7.348177e-001
2.900462e+003,7.314980e-001
2.902390e+003,7.281354e-001
2.904319e+003,7.242515e-001
2.906247e+003,7.194199e-001
2.908176e+003,7.131377e-001
2.910104e+003,7.040589e-001
2.912033e+003,6.907912e-001
2.913961e+003,6.747040e-001
2.915890e+003,6.615331e-001
2.917818e+003,6.568007e-001
2.919747e+003,6.597886e-001
2.921675e+003,6.657076e-001
2.923604e+003,6.714714e-001
2.925532e+003,6.767441e-001
2.927461e+003,6.819186e-001
2.929389e+003,6.867171e-001
2.931318e+003,6.906270e-001
2.933246e+003,6.938962e-001
2.935175e+003,6.970707e-001
2.937103e+003,7.001845e-001
2.939032e+003,7.029775e-001
2.940960e+003,7.052150e-001
2.942889e+003,7.065895e-001
2.944817e+003,7.067941e-001
2.946746e+003,7.059240e-001
2.948674e+003,7.045282e-001
2.950603e+003,7.029609e-001
2.952531e+003,7.010576e-001
2.954460e+003,6.990303e-001
2.956388e+003,6.976510e-001
2.958317e+003,6.972327e-001
2.960245e+003,6.975116e-001
2.962174e+003,6.980267e-001
2.964102e+003,6.984112e-001
2.966031e+003,6.988755e-001
2.967959e+003,6.998132e-001
2.969888e+003,7.009179e-001
2.971816e+003,7.017183e-001
2.973745e+003,7.024934e-001
2.975673e+003,7.034996e-001
2.977602e+003,7.044054e-001
2.979530e+003,7.050641e-001
2.981459e+003,7.054179e-001
2.983387e+003,7.050725e-001
2.985316e+003,7.039626e-001
2.987244e+003,7.030663e-001
2.989173e+003,7.032504e-001
2.991101e+003,7.035155e-001
2.993030e+003,7.029769e-001
2.994958e+003,7.028192e-001
2.996887e+003,7.033717e-001
2.998815e+003,7.032514e-001
3.000744e+003,7.018721e-001
3.002672e+003,6.999179e-001
3.004601e+003,6.987837e-001
3.006529e+003,6.984246e-001
3.008458e+003,6.967665e-001
3.010386e+003,6.937283e-001
3.012315e+003,6.918308e-001
3.014243e+003,6.921018e-001
3.016172e+003,6.934648e-001
3.018100e+003,6.947364e-001
3.020029e+003,6.949092e-001
3.021957e+003,6.938022e-001
3.023886e+003,6.921854e-001
3.025814e+003,6.905893e-001
3.027743e+003,6.878328e-001
3.029671e+003,6.831682e-001
3.031600e+003,6.802282e-001
3.033528e+003,6.815142e-001
3.035457e+003,6.843619e-001
3.037385e+003,6.862942e-001
3.039314e+003,6.869714e-001
3.041242e+003,6.866944e-001
3.043171e+003,6.856448e-001
3.045099e+003,6.833895e-001
3.047028e+003,6.802489e-001
3.048956e+003,6.785240e-001
3.050885e+003,6.786130e-001
3.052813e+003,6.772687e-001
3.054742e+003,6.736942e-001
3.056670e+003,6.714268e-001
3.058599e+003,6.716449e-001
3.060527e+003,6.711639e-001
3.062456e+003,6.679349e-001
3.064384e+003,6.642776e-001
3.066313e+003,6.638444e-001
3.068241e+003,6.663326e-001
3.070170e+003,6.683012e-001
3.072098e+003,6.682176e-001
3.074027e+003,6.666595e-001
3.075955e+003,6.636618e-001
3.077884e+003,6.598445e-001
3.079812e+003,6.575744e-001
3.081741e+003,6.580371e-001
3.083669e+003,6.594113e-001
3.085598e+003,6.596879e-001
3.087526e+003,6.591381e-001
3.089455e+003,6.581626e-001
3.091383e+003,6.555659e-001
3.093312e+003,6.509740e-001
3.095240e+003,6.470333e-001
3.097169e+003,6.454240e-001
3.099097e+003,6.438555e-001
3.101026e+003,6.424070e-001
3.102954e+003,6.434612e-001
3.104883e+003,6.452923e-001
3.106811e+003,6.453977e-001
3.108740e+003,6.441577e-001
3.110668e+003,6.422234e-001
3.112597e+003,6.393383e-001
3.114525e+003,6.359445e-001
3.116454e+003,6.337669e-001
3.118382e+003,6.331087e-001
3.120311e+003,6.321021e-001
3.122239e+003,6.307144e-001
3.124167e+003,6.304871e-001
3.126096e+003,6.313246e-001
3.128025e+003,6.322221e-001
3.129953e+003,6.311215e-001
3.131882e+003,6.282092e-001
3.133810e+003,6.275966e-001
3.135739e+003,6.296176e-001
3.137667e+003,6.306992e-001
3.139595e+003,6.297591e-001
3.141524e+003,6.280364e-001
3.143453e+003,6.267065e-001
3.145381e+003,6.258615e-001
3.147310e+003,6.250072e-001
3.149238e+003,6.241286e-001
3.151167e+003,6.233401e-001
3.153095e+003,6.224298e-001
3.155023e+003,6.211807e-001
3.156952e+003,6.197249e-001
3.158881e+003,6.183740e-001
3.160809e+003,6.171849e-001
3.162738e+003,6.159798e-001
3.164666e+003,6.146615e-001
3.166594e+003,6.132874e-001
3.168523e+003,6.120802e-001
3.170452e+003,6.111612e-001
3.172380e+003,6.100885e-001
3.174309e+003,6.077045e-001
3.176237e+003,6.039520e-001
3.178166e+003,6.019188e-001
3.180094e+003,6.028382e-001
3.182022e+003,6.031159e-001
3.183951e+003,6.015838e-001
3.185880e+003,6.009282e-001
3.187808e+003,6.014277e-001
3.189737e+003,6.012375e-001
3.191665e+003,5.998964e-001
3.193594e+003,5.972260e-001
3.195522e+003,5.933166e-001
3.197450e+003,5.907948e-001
3.199379e+003,5.915376e-001
3.201308e+003,5.932033e-001
3.203236e+003,5.933737e-001
3.205165e+003,5.919222e-001
3.207093e+003,5.889691e-001
3.209021e+003,5.858108e-001
3.210950e+003,5.837911e-001
3.212878e+003,5.822713e-001
3.214807e+003,5.815288e-001
3.216736e+003,5.811264e-001
3.218664e+003,5.799571e-001
3.220593e+003,5.798137e-001
3.222521e+003,5.808944e-001
3.224449e+003,5.806235e-001
3.226378e+003,5.786054e-001
3.228306e+003,5.767558e-001
3.230235e+003,5.761361e-001
3.232164e+003,5.760840e-001
3.234092e+003,5.755016e-001
3.236021e+003,5.742880e-001
3.237949e+003,5.732021e-001
3.239877e+003,5.721091e-001
3.241806e+003,5.697478e-001
3.243734e+003,5.668948e-001
3.245663e+003,5.668466e-001
3.247592e+003,5.690314e-001
3.249520e+003,5.693387e-001
3.251448e+003,5.666928e-001
3.253377e+003,5.635188e-001
3.255305e+003,5.622388e-001
3.257234e+003,5.623696e-001
3.259163e+003,5.623961e-001
3.261091e+003,5.620733e-001
3.263020e+003,5.615014e-001
3.264948e+003,5.610817e-001
3.266876e+003,5.610681e-001
3.268805e+003,5.602131e-001
3.270733e+003,5.569924e-001
3.272662e+003,5.524809e-001
3.274591e+003,5.498120e-001
3.276519e+003,5.501314e-001
3.278448e+003,5.515652e-001
3.280376e+003,5.520610e-001
3.282304e+003,5.516093e-001
3.284233e+003,5.511604e-001
3.286161e+003,5.503322e-001
3.288090e+003,5.485210e-001
3.290019e+003,5.465217e-001
3.291947e+003,5.456844e-001
3.293875e+003,5.460560e-001
3.295804e+003,5.459718e-001
3.297732e+003,5.452259e-001
3.299661e+003,5.450027e-001
3.301589e+003,5.451201e-001
3.303518e+003,5.447102e-001
3.305447e+003,5.426186e-001
3.307375e+003,5.389438e-001
3.309303e+003,5.362586e-001
3.311232e+003,5.356131e-001
3.313160e+003,5.360156e-001
3.315089e+003,5.367829e-001
3.317017e+003,5.370795e-001
3.318946e+003,5.365779e-001
3.320875e+003,5.354301e-001
3.322803e+003,5.337611e-001
3.324731e+003,5.320819e-001
3.326660e+003,5.310422e-001
3.328588e+003,5.307857e-001
3.330517e+003,5.303000e-001
3.332445e+003,5.282825e-001
3.334374e+003,5.253558e-001
3.336302e+003,5.241406e-001
3.338231e+003,5.252994e-001
3.340159e+003,5.264733e-001
3.342088e+003,5.264503e-001
3.344016e+003,5.257558e-001
3.345945e+003,5.248394e-001
3.347873e+003,5.240695e-001
3.349802e+003,5.231731e-001
3.351730e+003,5.212237e-001
3.353659e+003,5.182038e-001
3.355587e+003,5.157856e-001
3.357516e+003,5.148117e-001
3.359444e+003,5.137138e-001
3.361373e+003,5.116551e-001
3.363302e+003,5.094951e-001
3.365230e+003,5.084335e-001
3.367158e+003,5.094944e-001
3.369087e+003,5.117190e-001
3.371015e+003,5.128912e-001
3.372944e+003,5.124693e-001
3.374872e+003,5.114199e-001
3.376801e+003,5.103395e-001
3.378729e+003,5.091146e-001
3.380658e+003,5.070359e-001
3.382586e+003,5.038611e-001
3.384515e+003,5.018860e-001
3.386443e+003,5.028113e-001
3.388372e+003,5.034328e-001
3.390300e+003,5.003629e-001
3.392229e+003,4.965937e-001
3.394157e+003,4.956397e-001
3.396086e+003,4.959682e-001
3.398014e+003,4.970018e-001
3.399943e+003,4.983278e-001
3.401871e+003,4.981859e-001
3.403800e+003,4.976021e-001
3.405728e+003,4.976723e-001
3.407657e+003,4.976351e-001
3.409585e+003,4.970341e-001
3.411514e+003,4.959832e-001
3.413442e+003,4.946589e-001
3.415371e+003,4.922476e-001
3.417299e+003,4.864375e-001
3.419228e+003,4.787570e-001
3.421156e+003,4.764893e-001
3.423085e+003,4.812475e-001
3.425013e+003,4.860125e-001
3.426942e+003,4.868191e-001
3.428870e+003,4.854128e-001
3.430799e+003,4.841815e-001
3.432727e+003,4.841852e-001
3.434656e+003,4.843519e-001
3.436584e+003,4.831217e-001
3.438513e+003,4.797589e-001
3.440441e+003,4.742007e-001
3.442370e+003,4.679948e-001
3.444298e+003,4.606452e-001
3.446227e+003,4.551426e-001
3.448155e+003,4.602475e-001
3.450084e+003,4.714780e-001
3.452012e+003,4.771350e-001
3.453941e+003,4.770063e-001
3.455869e+003,4.753490e-001
3.457798e+003,4.728757e-001
3.459726e+003,4.689288e-001
3.461655e+003,4.660092e-001
3.463583e+003,4.666463e-001
3.465512e+003,4.684900e-001
3.467440e+003,4.699585e-001
3.469369e+003,4.711140e-001
3.471297e+003,4.702717e-001
3.473226e+003,4.678294e-001
3.475154e+003,4.668997e-001
3.477083e+003,4.657443e-001
3.479011e+003,4.589044e-001
3.480940e+003,4.511861e-001
3.482868e+003,4.520364e-001
3.484797e+003,4.566997e-001
3.486725e+003,4.577948e-001
3.488654e+003,4.596925e-001
3.490582e+003,4.639007e-001
3.492511e+003,4.641922e-001
3.494439e+003,4.599786e-001
3.496368e+003,4.573170e-001
3.498296e+003,4.546603e-001
3.500225e+003,4.435012e-001
3.502153e+003,4.308876e-001
3.504082e+003,4.329094e-001
3.506010e+003,4.418237e-001
3.507939e+003,4.419631e-001
3.509867e+003,4.421279e-001
3.511796e+003,4.513939e-001
3.513724e+003,4.604549e-001
3.515653e+003,4.619722e-001
3.517581e+003,4.577119e-001
3.519510e+003,4.482401e-001
3.521438e+003,4.327826e-001
3.523367e+003,4.189966e-001
3.525295e+003,4.129946e-001
3.527224e+003,4.139346e-001
3.529152e+003,4.246981e-001
3.531081e+003,4.414749e-001
3.533009e+003,4.500980e-001
3.534938e+003,4.477594e-001
3.536866e+003,4.474935e-001
3.538795e+003,4.516892e-001
3.540723e+003,4.454445e-001
3.542652e+003,4.223466e-001
3.544580e+003,3.990208e-001
3.546509e+003,3.977684e-001
3.548437e+003,4.124363e-001
3.550366e+003,4.185356e-001
3.552294e+003,4.198058e-001
3.554223e+003,4.311542e-001
3.556151e+003,4.408579e-001
3.558080e+003,4.361524e-001
3.560008e+003,4.223970e-001
3.561937e+003,3.997003e-001
3.563865e+003,3.583976e-001
3.565794e+003,3.188905e-001
3.567722e+003,3.276747e-001
3.569651e+003,3.800408e-001
3.571579e+003,4.220634e-001
3.573508e+003,4.327467e-001
3.575436e+003,4.302129e-001
3.577365e+003,4.278654e-001
3.579293e+003,4.270946e-001
3.581222e+003,4.228143e-001
3.583150e+003,3.997078e-001
3.585079e+003,3.536305e-001
3.587007e+003,3.240169e-001
3.588936e+003,3.443105e-001
3.590864e+003,3.759323e-001
3.592793e+003,3.765680e-001
3.594721e+003,3.665854e-001
3.596650e+003,3.686972e-001
3.598578e+003,3.742336e-001
3.600507e+003,3.823479e-001
3.602435e+003,3.946873e-001
3.604364e+003,3.881433e-001
3.606292e+003,3.547455e-001
3.608221e+003,3.277182e-001
3.610149e+003,3.216923e-001
3.612078e+003,3.197383e-001
3.614006e+003,3.195453e-001
3.615935e+003,3.143437e-001
3.617863e+003,3.017974e-001
3.619792e+003,3.154827e-001
3.621720e+003,3.577918e-001
3.623649e+003,3.753724e-001
3.625577e+003,3.339745e-001
3.627506e+003,2.724298e-001
3.629434e+003,2.670349e-001
3.631363e+003,3.187032e-001
3.633291e+003,3.665645e-001
3.635220e+003,3.934662e-001
3.637148e+003,4.079998e-001
3.639077e+003,4.115927e-001
3.641005e+003,4.065628e-001
3.642934e+003,3.844041e-001
3.644862e+003,3.262991e-001
3.646791e+003,2.478534e-001
3.648719e+003,2.097277e-001
3.650648e+003,2.469519e-001
3.652576e+003,3.131462e-001
3.654505e+003,3.429053e-001
3.656433e+003,3.554316e-001
3.658362e+003,3.882990e-001
3.660290e+003,4.191321e-001
3.662219e+003,4.292796e-001
3.664147e+003,4.186255e-001
3.666076e+003,3.742232e-001
3.668004e+003,3.050699e-001
3.669933e+003,2.637590e-001
3.671861e+003,2.556916e-001
3.673790e+003,2.358106e-001
3.675718e+003,2.323279e-001
3.677647e+003,2.819818e-001
3.679575e+003,3.457274e-001
3.681504e+003,3.867156e-001
3.683432e+003,3.914495e-001
3.685361e+003,3.508959e-001
3.687289e+003,2.871136e-001
3.689218e+003,2.573529e-001
3.691146e+003,2.899433e-001
3.693075e+003,3.485089e-001
3.695003e+003,3.867130e-001
3.696932e+003,3.942873e-001
3.698860e+003,3.770351e-001
3.700789e+003,3.547642e-001
3.702717e+003,3.582942e-001
3.704646e+003,3.725249e-001
3.706574e+003,3.531671e-001
3.708503e+003,2.997891e-001
3.710431e+003,2.608946e-001
3.712360e+003,2.792909e-001
3.714288e+003,3.348320e-001
3.716217e+003,3.685260e-001
3.718145e+003,3.612611e-001
3.720074e+003,3.356929e-001
3.722002e+003,3.138466e-001
3.723931e+003,3.052901e-001
3.725859e+003,3.122572e-001
3.727788e+003,3.233748e-001
3.729716e+003,3.057830e-001
3.731645e+003,2.547988e-001
3.733573e+003,2.102704e-001
3.735502e+003,2.076505e-001
3.737430e+003,2.463661e-001
3.739359e+003,2.811597e-001
3.741287e+003,2.671399e-001
3.743216e+003,2.242664e-001
3.745144e+003,2.087557e-001
3.747073e+003,2.119452e-001
3.749001e+003,1.987690e-001
3.750930e+003,2.017350e-001
3.752858e+003,2.495297e-001
3.754787e+003,3.008013e-001
3.756715e+003,3.159701e-001
3.758644e+003,3.190270e-001
3.760572e+003,3.421736e-001
3.762500e+003,3.627264e-001
3.764429e+003,3.566678e-001
3.766358e+003,3.418856e-001
3.768286e+003,3.334472e-001
3.770215e+003,3.461577e-001
3.772143e+003,3.825794e-001
3.774072e+003,4.067850e-001
3.776000e+003,3.947572e-001
3.777928e+003,3.662639e-001
3.779857e+003,3.594250e-001
3.781786e+003,3.727824e-001
3.783714e+003,3.800150e-001
3.785643e+003,3.883833e-001
3.787571e+003,4.047429e-001
3.789500e+003,4.148691e-001
3.791428e+003,4.101153e-001
3.793356e+003,3.841507e-001
3.795285e+003,3.448761e-001
3.797214e+003,3.113346e-001
3.799142e+003,2.775210e-001
3.801071e+003,2.567949e-001
3.802999e+003,2.737318e-001
3.804927e+003,2.947351e-001
3.806856e+003,3.115263e-001
3.808785e+003,3.504575e-001
3.810713e+003,3.794328e-001
3.812642e+003,3.569005e-001
3.814570e+003,3.039759e-001
3.816499e+003,2.704210e-001
3.818427e+003,2.532743e-001
3.820355e+003,2.424420e-001
3.822284e+003,2.683012e-001
3.824213e+003,3.106248e-001
3.826141e+003,3.311082e-001
3.828070e+003,3.358128e-001
3.829998e+003,3.262379e-001
3.831927e+003,3.050682e-001
3.833855e+003,2.794106e-001
3.835783e+003,2.479075e-001
3.837712e+003,2.283459e-001
3.839641e+003,2.409486e-001
3.841569e+003,2.750898e-001
3.843498e+003,3.141284e-001
3.845426e+003,3.478109e-001
3.847354e+003,3.495272e-001
3.849283e+003,2.982336e-001
3.851211e+003,2.200911e-001
3.853140e+003,1.843184e-001
3.855069e+003,2.256417e-001
3.856997e+003,2.944835e-001
3.858926e+003,3.269240e-001
3.860854e+003,3.119397e-001
3.862782e+003,2.835712e-001
3.864711e+003,2.759009e-001
3.866639e+003,2.756619e-001
3.868568e+003,2.607600e-001
3.870497e+003,2.578185e-001
3.872425e+003,2.797632e-001
3.874354e+003,3.105258e-001
3.876282e+003,3.323147e-001
3.878210e+003,3.204822e-001
3.880139e+003,2.967944e-001
3.882067e+003,2.916255e-001
3.883996e+003,2.910790e-001
3.885925e+003,3.006133e-001
3.887853e+003,3.177266e-001
3.889781e+003,3.137656e-001
3.891710e+003,3.117263e-001
3.893638e+003,3.335332e-001
3.895567e+003,3.400355e-001
3.897495e+003,3.084308e-001
3.899424e+003,2.687045e-001
3.901353e+003,2.485230e-001
3.903281e+003,2.552233e-001
3.905209e+003,2.931214e-001
3.907138e+003,3.444496e-001
3.909066e+003,3.773958e-001
3.910995e+003,3.848216e-001
3.912924e+003,3.737033e-001
3.914852e+003,3.489127e-001
3.916781e+003,3.286031e-001
3.918709e+003,3.288131e-001
3.920637e+003,3.378342e-001
3.922566e+003,3.384597e-001
3.924494e+003,3.382596e-001
3.926423e+003,3.454043e-001
3.928352e+003,3.442049e-001
3.930280e+003,3.327383e-001
3.932208e+003,3.336279e-001
3.934137e+003,3.522873e-001
3.936065e+003,3.690051e-001
3.937994e+003,3.703707e-001
3.939922e+003,3.580966e-001
3.941851e+003,3.448105e-001
3.943780e+003,3.439294e-001
3.945708e+003,3.463313e-001
3.947636e+003,3.426730e-001
3.949565e+003,3.445999e-001
3.951493e+003,3.556517e-001
3.953422e+003,3.650350e-001
3.955350e+003,3.678927e-001
3.957279e+003,3.671151e-001
3.959208e+003,3.647736e-001
3.961136e+003,3.633808e-001
3.963064e+003,3.663677e-001
3.964993e+003,3.704221e-001
3.966921e+003,3.702166e-001
3.968850e+003,3.671530e-001
3.970778e+003,3.642088e-001
3.972707e+003,3.620923e-001
3.974635e+003,3.622702e-001
3.976564e+003,3.652166e-001
3.978492e+003,3.677351e-001
3.980421e+003,3.678731e-001
3.982349e+003,3.677438e-001
3.984278e+003,3.684777e-001
3.986206e+003,3.682033e-001
3.988135e+003,3.658064e-001
3.990063e+003,3.634076e-001
3.991992e+003,3.627764e-001
3.993920e+003,3.631278e-001
3.995849e+003,3.644086e-001
3.997777e+003,3.660550e-001
3.999706e+003,3.663965e-001
