3.953422e+002,5.516199e-004
3.972707e+002,3.311858e-004
3.991992e+002,1.594138e-004
4.011277e+002,2.577110e-004
4.030562e+002,4.475674e-004
4.049847e+002,6.111207e-004
4.069132e+002,6.551511e-004
4.088417e+002,5.740282e-004
4.107702e+002,4.819777e-004
4.126987e+002,3.853854e-004
4.146272e+002,2.810856e-004
4.165557e+002,2.659187e-004
4.184842e+002,3.893166e-004
4.204127e+002,4.597917e-004
4.223412e+002,4.545564e-004
4.242697e+002,4.698744e-004
4.261982e+002,3.507840e-004
4.281267e+002,1.491305e-004
4.300552e+002,9.338058e-005
4.319837e+002,1.382936e-004
4.339122e+002,1.886931e-004
4.358407e+002,2.105238e-004
4.377692e+002,1.040206e-004
4.396977e+002,-1.173370e-005
4.416262e+002,5.057172e-005
4.435547e+002,2.002273e-004
4.454832e+002,3.145565e-004
4.474117e+002,3.315348e-004
4.493401e+002,2.667851e-004
4.512686e+002,2.535464e-004
4.531971e+002,3.487547e-004
4.551256e+002,4.057399e-004
4.570541e+002,3.772863e-004
4.589826e+002,3.996823e-004
4.609111e+002,4.324187e-004
4.628396e+002,3.439914e-004
4.647681e+002,1.829017e-004
4.666966e+002,1.111185e-004
4.686251e+002,2.122879e-004
4.705536e+002,3.366668e-004
4.724821e+002,2.952800e-004
4.744106e+002,1.576228e-004
4.763391e+002,5.809269e-005
4.782676e+002,-2.569134e-005
4.801961e+002,-1.091247e-004
4.821246e+002,-2.085367e-004
4.840531e+002,-3.306229e-004
4.859816e+002,-3.820209e-004
4.879101e+002,-3.572828e-004
4.898386e+002,-2.848512e-004
4.917671e+002,-2.253734e-004
4.936956e+002,-2.686220e-004
4.956241e+002,-2.488244e-004
4.975526e+002,-4.965762e-005
4.994811e+002,1.565399e-004
5.014096e+002,3.142944e-004
5.033381e+002,4.380651e-004
5.052666e+002,4.262812e-004
5.071951e+002,4.325710e-004
5.091236e+002,7.514965e-004
5.110521e+002,1.375251e-003
5.129806e+002,2.192754e-003
5.149091e+002,3.092487e-003
5.168376e+002,4.032303e-003
5.187661e+002,5.240997e-003
5.206946e+002,6.929396e-003
5.226231e+002,8.914699e-003
5.245516e+002,1.102442e-002
5.264801e+002,1.377528e-002
5.284086e+002,1.745239e-002
5.303371e+002,2.141814e-002
5.322656e+002,2.522792e-002
5.341941e+002,2.892722e-002
5.361226e+002,3.255711e-002
5.380511e+002,3.614975e-002
5.399796e+002,3.983106e-002
5.419081e+002,4.357027e-002
5.438366e+002,4.692368e-002
5.457651e+002,4.980533e-002
5.476936e+002,5.268189e-002
5.496221e+002,5.570526e-002
5.515506e+002,5.856894e-002
5.534791e+002,6.074442e-002
5.554076e+002,6.202079e-002
5.573361e+002,6.261239e-002
5.592646e+002,6.265113e-002
5.611931e+002,6.230042e-002
5.631216e+002,6.172890e-002
5.650500e+002,6.073952e-002
5.669786e+002,5.936019e-002
5.689070e+002,5.840223e-002
5.708356e+002,5.835427e-002
5.727640e+002,5.857906e-002
5.746926e+002,5.887834e-002
5.766210e+002,6.058837e-002
5.785496e+002,6.439462e-002
5.804780e+002,6.973241e-002
5.824066e+002,7.614955e-002
5.843350e+002,8.307511e-002
5.862635e+002,8.997002e-002
5.881920e+002,9.603900e-002
5.901205e+002,1.008953e-001
5.920490e+002,1.062778e-001
5.939775e+002,1.133330e-001
5.959061e+002,1.202136e-001
5.978345e+002,1.249640e-001
5.997631e+002,1.276596e-001
6.016915e+002,1.289724e-001
6.036201e+002,1.285675e-001
6.055485e+002,1.260746e-001
6.074771e+002,1.220289e-001
6.094055e+002,1.173430e-001
6.113340e+002,1.129361e-001
6.132625e+002,1.093630e-001
6.151910e+002,1.070652e-001
6.171195e+002,1.074126e-001
6.190480e+002,1.116450e-001
6.209765e+002,1.189558e-001
6.229050e+002,1.279578e-001
6.248335e+002,1.388168e-001
6.267620e+002,1.518883e-001
6.286905e+002,1.653643e-001
6.306190e+002,1.766269e-001
6.325475e+002,1.850295e-001
6.344760e+002,1.923977e-001
6.364045e+002,2.012648e-001
6.383330e+002,2.125654e-001
6.402615e+002,2.259929e-001
6.421900e+002,2.408281e-001
6.441185e+002,2.555768e-001
6.460470e+002,2.684927e-001
6.479755e+002,2.792864e-001
6.499040e+002,2.896771e-001
6.518325e+002,3.009823e-001
6.537610e+002,3.132414e-001
6.556895e+002,3.265662e-001
6.576180e+002,3.414738e-001
6.595465e+002,3.589839e-001
6.614750e+002,3.785713e-001
6.634035e+002,3.871923e-001
6.653320e+002,3.575058e-001
6.672605e+002,3.121819e-001
6.691890e+002,3.262902e-001
6.711175e+002,3.921710e-001
6.730460e+002,4.380869e-001
6.749745e+002,4.518661e-001
6.769030e+002,4.566722e-001
6.788315e+002,4.618547e-001
6.807599e+002,4.686516e-001
6.826885e+002,4.766630e-001
6.846169e+002,4.848133e-001
6.865455e+002,4.923490e-001
6.884739e+002,5.007716e-001
6.904025e+002,5.118816e-001
6.923310e+002,5.238749e-001
6.942595e+002,5.343934e-001
6.961880e+002,5.438312e-001
6.981165e+002,5.533898e-001
7.000450e+002,5.626748e-001
7.019734e+002,5.699314e-001
7.039020e+002,5.752625e-001
7.058304e+002,5.807483e-001
7.077590e+002,5.870851e-001
7.096874e+002,5.930256e-001
7.116160e+002,5.975928e-001
7.135444e+002,6.012404e-001
7.154730e+002,6.038095e-001
7.174014e+002,6.030953e-001
7.193300e+002,6.007684e-001
7.212584e+002,6.032376e-001
7.231870e+002,6.101947e-001
7.251154e+002,6.157677e-001
7.270439e+002,6.186635e-001
7.289724e+002,6.206163e-001
7.309009e+002,6.227303e-001
7.328294e+002,6.251138e-001
7.347579e+002,6.271390e-001
7.366864e+002,6.285282e-001
7.386149e+002,6.293745e-001
7.405434e+002,6.300439e-001
7.424719e+002,6.311768e-001
7.444005e+002,6.331551e-001
7.463289e+002,6.358460e-001
7.482574e+002,6.386809e-001
7.501859e+002,6.411265e-001
7.521144e+002,6.431121e-001
7.540429e+002,6.450315e-001
7.559714e+002,6.471332e-001
7.578999e+002,6.492394e-001
7.598284e+002,6.512729e-001
7.617569e+002,6.530698e-001
7.636854e+002,6.544856e-001
7.656139e+002,6.557655e-001
7.675424e+002,6.569705e-001
7.694709e+002,6.580694e-001
7.713994e+002,6.593187e-001
7.733279e+002,6.605963e-001
7.752564e+002,6.615794e-001
7.771849e+002,6.624528e-001
7.791134e+002,6.634327e-001
7.810419e+002,6.644081e-001
7.829704e+002,6.653791e-001
7.848989e+002,6.665213e-001
7.868274e+002,6.676959e-001
7.887559e+002,6.685559e-001
7.906844e+002,6.690815e-001
7.926129e+002,6.693575e-001
7.945414e+002,6.693431e-001
7.964699e+002,6.691601e-001
7.983984e+002,6.693294e-001
8.003269e+002,6.700669e-001
8.022554e+002,6.709038e-001
8.041839e+002,6.716653e-001
8.061124e+002,6.724957e-001
8.080409e+002,6.733486e-001
8.099694e+002,6.741943e-001
8.118979e+002,6.748741e-001
8.138264e+002,6.752300e-001
8.157549e+002,6.754250e-001
8.176833e+002,6.755434e-001
8.196119e+002,6.755261e-001
8.215403e+002,6.755711e-001
8.234689e+002,6.758614e-001
8.253973e+002,6.763121e-001
8.273259e+002,6.768259e-001
8.292543e+002,6.772968e-001
8.311829e+002,6.775997e-001
8.331113e+002,6.778209e-001
8.350399e+002,6.781200e-001
8.369683e+002,6.785535e-001
8.388969e+002,6.791342e-001
8.408254e+002,6.797438e-001
8.427538e+002,6.802244e-001
8.446824e+002,6.806841e-001
8.466108e+002,6.812239e-001
8.485394e+002,6.817745e-001
8.504678e+002,6.823811e-001
8.523964e+002,6.831430e-001
8.543248e+002,6.840919e-001
8.562534e+002,6.851420e-001
8.581818e+002,6.860534e-001
8.601104e+002,6.867583e-001
8.620388e+002,6.874779e-001
8.639673e+002,6.883776e-001
8.658958e+002,6.893791e-001
8.678243e+002,6.902756e-001
8.697528e+002,6.910444e-001
8.716813e+002,6.919901e-001
8.736098e+002,6.932507e-001
8.755383e+002,6.945375e-001
8.774668e+002,6.956936e-001
8.793953e+002,6.969866e-001
8.813238e+002,6.985265e-001
8.832523e+002,7.001873e-001
8.851808e+002,7.019485e-001
8.871093e+002,7.038320e-001
8.890378e+002,7.060324e-001
8.909663e+002,7.088845e-001
8.928948e+002,7.125508e-001
8.948233e+002,7.170315e-001
8.967518e+002,7.222008e-001
8.986803e+002,7.277893e-001
9.006088e+002,7.334279e-001
9.025373e+002,7.387843e-001
9.044658e+002,7.437745e-001
9.063943e+002,7.484398e-001
9.083228e+002,7.527401e-001
9.102513e+002,7.568353e-001
9.121798e+002,7.609718e-001
9.141083e+002,7.650893e-001
9.160368e+002,7.690649e-001
9.179653e+002,7.729452e-001
9.198938e+002,7.767960e-001
9.218223e+002,7.806851e-001
9.237508e+002,7.846201e-001
9.256793e+002,7.884350e-001
9.276078e+002,7.920489e-001
9.295363e+002,7.956756e-001
9.314648e+002,7.996184e-001
9.333932e+002,8.041542e-001
9.353218e+002,8.094370e-001
9.372502e+002,8.153040e-001
9.391788e+002,8.215058e-001
9.411073e+002,8.279584e-001
9.430358e+002,8.344629e-001
9.449643e+002,8.406658e-001
9.468928e+002,8.464381e-001
9.488213e+002,8.519818e-001
9.507498e+002,8.574724e-001
9.526783e+002,8.627895e-001
9.546068e+002,8.678182e-001
9.565353e+002,8.727673e-001
9.584637e+002,8.777443e-001
9.603923e+002,8.826168e-001
9.623207e+002,8.874478e-001
9.642493e+002,8.923314e-001
9.661777e+002,8.971962e-001
9.681063e+002,9.020616e-001
9.700347e+002,9.069001e-001
9.719633e+002,9.116294e-001
9.738917e+002,9.163393e-001
9.758203e+002,9.210801e-001
9.777487e+002,9.256995e-001
9.796772e+002,9.300888e-001
9.816057e+002,9.341921e-001
9.835342e+002,9.379102e-001
9.854627e+002,9.413031e-001
9.873912e+002,9.444577e-001
9.893198e+002,9.474044e-001
9.912482e+002,9.502792e-001
9.931768e+002,9.529644e-001
9.951052e+002,9.551542e-001
9.970338e+002,9.569262e-001
9.989622e+002,9.585074e-001
1.000891e+003,9.598361e-001
1.002819e+003,9.607115e-001
1.004748e+003,9.609427e-001
1.006676e+003,9.605321e-001
1.008605e+003,9.596320e-001
1.010533e+003,9.582527e-001
1.012462e+003,9.564255e-001
1.014390e+003,9.543092e-001
1.016319e+003,9.520380e-001
1.018247e+003,9.497959e-001
1.020176e+003,9.477131e-001
1.022104e+003,9.457368e-001
1.024033e+003,9.437912e-001
1.025961e+003,9.420455e-001
1.027890e+003,9.408860e-001
1.029818e+003,9.401872e-001
1.031747e+003,9.392195e-001
1.033675e+003,9.376084e-001
1.035604e+003,9.355484e-001
1.037532e+003,9.334412e-001
1.039461e+003,9.315051e-001
1.041389e+003,9.296248e-001
1.043318e+003,9.276261e-001
1.045246e+003,9.255117e-001
1.047175e+003,9.234682e-001
1.049103e+003,9.216138e-001
1.051032e+003,9.199587e-001
1.052960e+003,9.185359e-001
1.054889e+003,9.172215e-001
1.056817e+003,9.160244e-001
1.058746e+003,9.151480e-001
1.060674e+003,9.141620e-001
1.062603e+003,9.122540e-001
1.064531e+003,9.096126e-001
1.066460e+003,9.074847e-001
1.068388e+003,9.062854e-001
1.070317e+003,9.050289e-001
1.072245e+003,9.031075e-001
1.074174e+003,9.008465e-001
1.076102e+003,8.986378e-001
1.078031e+003,8.964552e-001
1.079959e+003,8.941790e-001
1.081888e+003,8.919491e-001
1.083816e+003,8.899081e-001
1.085745e+003,8.882849e-001
1.087673e+003,8.877598e-001
1.089602e+003,8.891025e-001
1.091530e+003,8.923815e-001
1.093459e+003,8.968127e-001
1.095387e+003,9.016766e-001
1.097316e+003,9.069623e-001
1.099244e+003,9.129496e-001
1.101173e+003,9.196827e-001
1.103101e+003,9.268686e-001
1.105030e+003,9.341667e-001
1.106958e+003,9.415115e-001
1.108887e+003,9.488310e-001
1.110815e+003,9.559366e-001
1.112744e+003,9.628388e-001
1.114672e+003,9.697046e-001
1.116601e+003,9.765407e-001
1.118529e+003,9.831711e-001
1.120458e+003,9.896575e-001
1.122386e+003,9.962853e-001
1.124315e+003,1.003011e+000
1.126243e+003,1.009596e+000
1.128172e+003,1.016025e+000
1.130100e+003,1.022365e+000
1.132029e+003,1.028436e+000
1.133957e+003,1.033999e+000
1.135886e+003,1.039490e+000
1.137814e+003,1.045394e+000
1.139743e+003,1.051054e+000
1.141671e+003,1.055823e+000
1.143600e+003,1.060097e+000
1.145528e+003,1.064186e+000
1.147457e+003,1.067931e+000
1.149385e+003,1.071607e+000
1.151314e+003,1.075872e+000
1.153242e+003,1.080804e+000
1.155171e+003,1.085873e+000
1.157099e+003,1.090807e+000
1.159028e+003,1.095715e+000
1.160956e+003,1.100594e+000
1.162885e+003,1.105383e+000
1.164813e+003,1.110362e+000
1.166742e+003,1.115786e+000
1.168670e+003,1.121257e+000
1.170599e+003,1.125890e+000
1.172527e+003,1.129426e+000
1.174456e+003,1.133409e+000
1.176384e+003,1.138612e+000
1.178313e+003,1.143412e+000
1.180241e+003,1.148040e+000
1.182170e+003,1.154232e+000
1.184098e+003,1.160789e+000
1.186027e+003,1.166189e+000
1.187955e+003,1.171683e+000
1.189884e+003,1.177766e+000
1.191812e+003,1.183331e+000
1.193741e+003,1.188094e+000
1.195669e+003,1.192263e+000
1.197598e+003,1.196367e+000
1.199526e+003,1.201192e+000
1.201455e+003,1.206413e+000
1.203383e+003,1.211150e+000
1.205312e+003,1.215282e+000
1.207240e+003,1.218814e+000
1.209169e+003,1.221083e+000
1.211097e+003,1.222648e+000
1.213026e+003,1.225724e+000
1.214954e+003,1.230022e+000
1.216883e+003,1.233326e+000
1.218811e+003,1.235743e+000
1.220740e+003,1.237909e+000
1.222668e+003,1.238890e+000
1.224597e+003,1.239314e+000
1.226525e+003,1.241174e+000
1.228453e+003,1.243485e+000
1.230382e+003,1.244002e+000
1.232311e+003,1.242811e+000
1.234239e+003,1.241634e+000
1.236168e+003,1.242510e+000
1.238096e+003,1.246705e+000
1.240025e+003,1.253603e+000
1.241953e+003,1.261351e+000
1.243882e+003,1.269427e+000
1.245810e+003,1.277887e+000
1.247739e+003,1.285117e+000
1.249667e+003,1.290326e+000
1.251596e+003,1.294391e+000
1.253524e+003,1.297617e+000
1.255453e+003,1.298916e+000
1.257381e+003,1.296261e+000
1.259310e+003,1.292771e+000
1.261238e+003,1.296364e+000
1.263167e+003,1.305384e+000
1.265095e+003,1.311659e+000
1.267024e+003,1.313803e+000
1.268952e+003,1.314318e+000
1.270880e+003,1.318512e+000
1.272809e+003,1.331072e+000
1.274738e+003,1.345838e+000
1.276666e+003,1.354323e+000
1.278594e+003,1.357533e+000
1.280523e+003,1.360296e+000
1.282452e+003,1.363293e+000
1.284380e+003,1.362375e+000
1.286308e+003,1.356859e+000
1.288237e+003,1.355236e+000
1.290166e+003,1.362281e+000
1.292094e+003,1.370948e+000
1.294022e+003,1.374513e+000
1.295951e+003,1.375086e+000
1.297880e+003,1.377688e+000
1.299808e+003,1.381620e+000
1.301736e+003,1.383466e+000
1.303665e+003,1.382507e+000
1.305594e+003,1.379307e+000
1.307522e+003,1.375620e+000
1.309450e+003,1.368391e+000
1.311379e+003,1.352395e+000
1.313307e+003,1.337205e+000
1.315236e+003,1.327650e+000
1.317164e+003,1.316354e+000
1.319093e+003,1.318394e+000
1.321021e+003,1.345217e+000
1.322950e+003,1.373881e+000
1.324878e+003,1.387298e+000
1.326807e+003,1.390572e+000
1.328735e+003,1.390789e+000
1.330664e+003,1.390764e+000
1.332592e+003,1.383249e+000
1.334521e+003,1.347261e+000
1.336449e+003,1.273656e+000
1.338378e+003,1.209149e+000
1.340307e+003,1.226673e+000
1.342235e+003,1.309608e+000
1.344163e+003,1.370674e+000
1.346092e+003,1.382931e+000
1.348021e+003,1.375828e+000
1.349949e+003,1.371517e+000
1.351877e+003,1.368115e+000
1.353806e+003,1.359055e+000
1.355734e+003,1.351849e+000
1.357663e+003,1.331652e+000
1.359591e+003,1.263151e+000
1.361520e+003,1.184819e+000
1.363448e+003,1.193278e+000
1.365377e+003,1.267102e+000
1.367305e+003,1.304586e+000
1.369234e+003,1.297030e+000
1.371162e+003,1.253922e+000
1.373091e+003,1.186623e+000
1.375019e+003,1.179103e+000
1.376948e+003,1.241359e+000
1.378876e+003,1.296414e+000
1.380805e+003,1.321252e+000
1.382733e+003,1.312286e+000
1.384662e+003,1.247421e+000
1.386590e+003,1.178689e+000
1.388519e+003,1.196387e+000
1.390447e+003,1.239192e+000
1.392376e+003,1.180310e+000
1.394304e+003,1.069423e+000
1.396233e+003,1.024576e+000
1.398161e+003,1.056904e+000
1.400090e+003,1.141925e+000
1.402018e+003,1.212062e+000
1.403947e+003,1.218434e+000
1.405875e+003,1.236018e+000
1.407804e+003,1.285127e+000
1.409732e+003,1.307176e+000
1.411661e+003,1.305013e+000
1.413589e+003,1.275200e+000
1.415518e+003,1.161877e+000
1.417446e+003,1.004358e+000
1.419375e+003,9.684582e-001
1.421303e+003,1.071131e+000
1.423232e+003,1.168877e+000
1.425160e+003,1.228271e+000
1.427089e+003,1.244972e+000
1.429017e+003,1.212673e+000
1.430946e+003,1.201115e+000
1.432874e+003,1.178270e+000
1.434803e+003,1.075361e+000
1.436731e+003,1.032223e+000
1.438660e+003,1.157829e+000
1.440588e+003,1.302958e+000
1.442517e+003,1.346954e+000
1.444445e+003,1.305489e+000
1.446374e+003,1.224625e+000
1.448302e+003,1.190078e+000
1.450231e+003,1.210144e+000
1.452159e+003,1.165153e+000
1.454088e+003,9.724781e-001
1.456016e+003,7.491488e-001
1.457945e+003,7.445879e-001
1.459873e+003,9.612290e-001
1.461802e+003,1.111348e+000
1.463730e+003,1.098119e+000
1.465659e+003,1.109375e+000
1.467587e+003,1.170185e+000
1.469516e+003,1.093170e+000
1.471444e+003,9.030324e-001
1.473373e+003,8.358939e-001
1.475301e+003,9.540555e-001
1.477230e+003,1.131675e+000
1.479158e+003,1.253700e+000
1.481087e+003,1.299024e+000
1.483015e+003,1.296325e+000
1.484944e+003,1.208145e+000
1.486872e+003,1.034591e+000
1.488801e+003,9.166123e-001
1.490729e+003,9.769142e-001
1.492658e+003,1.097760e+000
1.494586e+003,1.070407e+000
1.496515e+003,9.691660e-001
1.498443e+003,9.891470e-001
1.500372e+003,1.095111e+000
1.502300e+003,1.079552e+000
1.504229e+003,8.383240e-001
1.506157e+003,5.864629e-001
1.508086e+003,6.014889e-001
1.510014e+003,8.097003e-001
1.511943e+003,9.649104e-001
1.513871e+003,9.603055e-001
1.515800e+003,8.536428e-001
1.517728e+003,7.562992e-001
1.519657e+003,6.790361e-001
1.521585e+003,6.511414e-001
1.523514e+003,7.212730e-001
1.525442e+003,8.204219e-001
1.527371e+003,9.188000e-001
1.529299e+003,9.890144e-001
1.531228e+003,9.409499e-001
1.533156e+003,8.508595e-001
1.535085e+003,8.193134e-001
1.537013e+003,7.103863e-001
1.538942e+003,5.117516e-001
1.540870e+003,4.478773e-001
1.542799e+003,5.743860e-001
1.544727e+003,7.846873e-001
1.546656e+003,9.673576e-001
1.548584e+003,1.034525e+000
1.550513e+003,1.018830e+000
1.552441e+003,9.595257e-001
1.554370e+003,8.279988e-001
1.556298e+003,6.246381e-001
1.558227e+003,4.814562e-001
1.560155e+003,6.035019e-001
1.562084e+003,8.898506e-001
1.564012e+003,1.062559e+000
1.565941e+003,1.072392e+000
1.567869e+003,9.990517e-001
1.569798e+003,9.802217e-001
1.571726e+003,1.047654e+000
1.573655e+003,1.015226e+000
1.575583e+003,9.170282e-001
1.577512e+003,9.881923e-001
1.579440e+003,1.173966e+000
1.581369e+003,1.283704e+000
1.583297e+003,1.310913e+000
1.585226e+003,1.314706e+000
1.587154e+003,1.308292e+000
1.589083e+003,1.293877e+000
1.591011e+003,1.276500e+000
1.592940e+003,1.257434e+000
1.594868e+003,1.251029e+000
1.596797e+003,1.267457e+000
1.598725e+003,1.278764e+000
1.600654e+003,1.264838e+000
1.602582e+003,1.248228e+000
1.604511e+003,1.238844e+000
1.606439e+003,1.217609e+000
1.608368e+003,1.199223e+000
1.610296e+003,1.209791e+000
1.612225e+003,1.190622e+000
1.614153e+003,1.060758e+000
1.616082e+003,9.294835e-001
1.618010e+003,9.656337e-001
1.619939e+003,1.047868e+000
1.621867e+003,1.017082e+000
1.623796e+003,9.866740e-001
1.625724e+003,1.029714e+000
1.627653e+003,1.089607e+000
1.629581e+003,1.151722e+000
1.631510e+003,1.125953e+000
1.633438e+003,9.360241e-001
1.635367e+003,7.758400e-001
1.637295e+003,8.556648e-001
1.639224e+003,1.057125e+000
1.641152e+003,1.154965e+000
1.643081e+003,1.065941e+000
1.645009e+003,8.580611e-001
1.646938e+003,7.425948e-001
1.648866e+003,7.606059e-001
1.650795e+003,6.856177e-001
1.652723e+003,5.731786e-001
1.654652e+003,7.130157e-001
1.656580e+003,1.012652e+000
1.658509e+003,1.168398e+000
1.660437e+003,1.126956e+000
1.662366e+003,1.066509e+000
1.664294e+003,1.095951e+000
1.666223e+003,1.073750e+000
1.668151e+003,9.345414e-001
1.670080e+003,8.637450e-001
1.672008e+003,9.033120e-001
1.673937e+003,9.294665e-001
1.675865e+003,9.749169e-001
1.677794e+003,1.047705e+000
1.679722e+003,1.006969e+000
1.681651e+003,8.205171e-001
1.683579e+003,6.708509e-001
1.685508e+003,7.481078e-001
1.687436e+003,9.465390e-001
1.689365e+003,1.082107e+000
1.691293e+003,1.122544e+000
1.693222e+003,1.014826e+000
1.695150e+003,8.132899e-001
1.697079e+003,6.766139e-001
1.699007e+003,6.289422e-001
1.700936e+003,6.942205e-001
1.702864e+003,8.316866e-001
1.704793e+003,9.194187e-001
1.706721e+003,1.006355e+000
1.708650e+003,1.120137e+000
1.710578e+003,1.155754e+000
1.712507e+003,1.053514e+000
1.714435e+003,8.618873e-001
1.716364e+003,7.293659e-001
1.718292e+003,8.028404e-001
1.720221e+003,1.024787e+000
1.722149e+003,1.190571e+000
1.724078e+003,1.252306e+000
1.726006e+003,1.257813e+000
1.727935e+003,1.186983e+000
1.729863e+003,1.041087e+000
1.731792e+003,8.622894e-001
1.733720e+003,7.754064e-001
1.735649e+003,8.704679e-001
1.737577e+003,9.803250e-001
1.739506e+003,9.955156e-001
1.741434e+003,1.008353e+000
1.743363e+003,1.031868e+000
1.745291e+003,1.012021e+000
1.747220e+003,9.422100e-001
1.749148e+003,8.930303e-001
1.751077e+003,9.584834e-001
1.753005e+003,1.098930e+000
1.754934e+003,1.169300e+000
1.756862e+003,1.164496e+000
1.758791e+003,1.150377e+000
1.760719e+003,1.129809e+000
1.762648e+003,1.160782e+000
1.764576e+003,1.218640e+000
1.766505e+003,1.183233e+000
1.768433e+003,1.064430e+000
1.770362e+003,9.382325e-001
1.772290e+003,9.069511e-001
1.774219e+003,1.027026e+000
1.776147e+003,1.173433e+000
1.778076e+003,1.221476e+000
1.780004e+003,1.210059e+000
1.781933e+003,1.216980e+000
1.783861e+003,1.241004e+000
1.785790e+003,1.267384e+000
1.787718e+003,1.252512e+000
1.789647e+003,1.136682e+000
1.791575e+003,1.021545e+000
1.793504e+003,1.048557e+000
1.795432e+003,1.147843e+000
1.797361e+003,1.179592e+000
1.799289e+003,1.152127e+000
1.801218e+003,1.163323e+000
1.803146e+003,1.236879e+000
1.805075e+003,1.298069e+000
1.807003e+003,1.293762e+000
1.808932e+003,1.250602e+000
1.810860e+003,1.238759e+000
1.812789e+003,1.284340e+000
1.814717e+003,1.329712e+000
1.816646e+003,1.340710e+000
1.818574e+003,1.342382e+000
1.820503e+003,1.328130e+000
1.822431e+003,1.265299e+000
1.824360e+003,1.188280e+000
1.826288e+003,1.142003e+000
1.828217e+003,1.103001e+000
1.830145e+003,1.115240e+000
1.832074e+003,1.215084e+000
1.834002e+003,1.296582e+000
1.835931e+003,1.310015e+000
1.837859e+003,1.307942e+000
1.839788e+003,1.280332e+000
1.841716e+003,1.175792e+000
1.843645e+003,1.074972e+000
1.845573e+003,1.102328e+000
1.847502e+003,1.209827e+000
1.849430e+003,1.295020e+000
1.851359e+003,1.337559e+000
1.853287e+003,1.350122e+000
1.855216e+003,1.347115e+000
1.857144e+003,1.337730e+000
1.859073e+003,1.330153e+000
1.861001e+003,1.327738e+000
1.862930e+003,1.309779e+000
1.864858e+003,1.236466e+000
1.866786e+003,1.122527e+000
1.868715e+003,1.081356e+000
1.870644e+003,1.168993e+000
1.872572e+003,1.281723e+000
1.874500e+003,1.331257e+000
1.876429e+003,1.337557e+000
1.878358e+003,1.335246e+000
1.880286e+003,1.332663e+000
1.882215e+003,1.326469e+000
1.884143e+003,1.314594e+000
1.886072e+003,1.286002e+000
1.888000e+003,1.239633e+000
1.889929e+003,1.226250e+000
1.891857e+003,1.255556e+000
1.893786e+003,1.272427e+000
1.895714e+003,1.281052e+000
1.897643e+003,1.304284e+000
1.899571e+003,1.320797e+000
1.901500e+003,1.321239e+000
1.903428e+003,1.314307e+000
1.905357e+003,1.297784e+000
1.907285e+003,1.270265e+000
1.909214e+003,1.256592e+000
1.911142e+003,1.275205e+000
1.913071e+003,1.292297e+000
1.914999e+003,1.261263e+000
1.916927e+003,1.206070e+000
1.918856e+003,1.192057e+000
1.920785e+003,1.205316e+000
1.922713e+003,1.218338e+000
1.924641e+003,1.255265e+000
1.926570e+003,1.296619e+000
1.928499e+003,1.311563e+000
1.930427e+003,1.310559e+000
1.932355e+003,1.307513e+000
1.934284e+003,1.307230e+000
1.936213e+003,1.306886e+000
1.938141e+003,1.290913e+000
1.940069e+003,1.243543e+000
1.941998e+003,1.199161e+000
1.943927e+003,1.209317e+000
1.945855e+003,1.252503e+000
1.947783e+003,1.283978e+000
1.949712e+003,1.297165e+000
1.951641e+003,1.297868e+000
1.953569e+003,1.292395e+000
1.955497e+003,1.289059e+000
1.957426e+003,1.289739e+000
1.959354e+003,1.290115e+000
1.961283e+003,1.288553e+000
1.963211e+003,1.277622e+000
1.965140e+003,1.252128e+000
1.967068e+003,1.238706e+000
1.968997e+003,1.257397e+000
1.970925e+003,1.281634e+000
1.972854e+003,1.289775e+000
1.974782e+003,1.289321e+000
1.976711e+003,1.288168e+000
1.978640e+003,1.287362e+000
1.980568e+003,1.286373e+000
1.982496e+003,1.284578e+000
1.984425e+003,1.278852e+000
1.986354e+003,1.265201e+000
1.988282e+003,1.242811e+000
1.990210e+003,1.216859e+000
1.992139e+003,1.211462e+000
1.994068e+003,1.237645e+000
1.995996e+003,1.263398e+000
1.997924e+003,1.269865e+000
1.999853e+003,1.269709e+000
2.001781e+003,1.270122e+000
2.003710e+003,1.269214e+000
2.005638e+003,1.266329e+000
2.007567e+003,1.263528e+000
2.009495e+003,1.262687e+000
2.011424e+003,1.261339e+000
2.013352e+003,1.251585e+000
2.015281e+003,1.232349e+000
2.017209e+003,1.222243e+000
2.019138e+003,1.232289e+000
2.021066e+003,1.245847e+000
2.022995e+003,1.250451e+000
2.024923e+003,1.250236e+000
2.026852e+003,1.249425e+000
2.028780e+003,1.248872e+000
2.030709e+003,1.248271e+000
2.032637e+003,1.247045e+000
2.034566e+003,1.245278e+000
2.036494e+003,1.242287e+000
2.038423e+003,1.235605e+000
2.040351e+003,1.227547e+000
2.042280e+003,1.226112e+000
2.044208e+003,1.230964e+000
2.046137e+003,1.234787e+000
2.048065e+003,1.235628e+000
2.049994e+003,1.235000e+000
2.051922e+003,1.233809e+000
2.053851e+003,1.232535e+000
2.055779e+003,1.231059e+000
2.057708e+003,1.228741e+000
2.059636e+003,1.225331e+000
2.061565e+003,1.219258e+000
2.063493e+003,1.210743e+000
2.065422e+003,1.208348e+000
2.067350e+003,1.214823e+000
2.069279e+003,1.220389e+000
2.071207e+003,1.220586e+000
2.073136e+003,1.218751e+000
2.075064e+003,1.217225e+000
2.076993e+003,1.216182e+000
2.078921e+003,1.215388e+000
2.080850e+003,1.214748e+000
2.082778e+003,1.213858e+000
2.084707e+003,1.211950e+000
2.086635e+003,1.208228e+000
2.088564e+003,1.203941e+000
2.090492e+003,1.202805e+000
2.092421e+003,1.204913e+000
2.094349e+003,1.206183e+000
2.096278e+003,1.205463e+000
2.098206e+003,1.204250e+000
2.100135e+003,1.203254e+000
2.102063e+003,1.202393e+000
2.103992e+003,1.201338e+000
2.105920e+003,1.200048e+000
2.107849e+003,1.198836e+000
2.109777e+003,1.197594e+000
2.111706e+003,1.195644e+000
2.113634e+003,1.193296e+000
2.115563e+003,1.192172e+000
2.117491e+003,1.192302e+000
2.119420e+003,1.192062e+000
2.121348e+003,1.191116e+000
2.123277e+003,1.190091e+000
2.125205e+003,1.189213e+000
2.127134e+003,1.188314e+000
2.129062e+003,1.187320e+000
2.130991e+003,1.186240e+000
2.132919e+003,1.184607e+000
2.134848e+003,1.182359e+000
2.136776e+003,1.180818e+000
2.138705e+003,1.180654e+000
2.140633e+003,1.180817e+000
2.142562e+003,1.180304e+000
2.144490e+003,1.179118e+000
2.146419e+003,1.177925e+000
2.148347e+003,1.176947e+000
2.150276e+003,1.175873e+000
2.152204e+003,1.174700e+000
2.154133e+003,1.173615e+000
2.156061e+003,1.172585e+000
2.157990e+003,1.171396e+000
2.159918e+003,1.169914e+000
2.161847e+003,1.168614e+000
2.163775e+003,1.167904e+000
2.165704e+003,1.167288e+000
2.167632e+003,1.166378e+000
2.169561e+003,1.165370e+000
2.171489e+003,1.164389e+000
2.173418e+003,1.163391e+000
2.175346e+003,1.162419e+000
2.177275e+003,1.161480e+000
2.179203e+003,1.160439e+000
2.181132e+003,1.159304e+000
2.183060e+003,1.158146e+000
2.184989e+003,1.156984e+000
2.186917e+003,1.155979e+000
2.188846e+003,1.155135e+000
2.190774e+003,1.154221e+000
2.192703e+003,1.153195e+000
2.194631e+003,1.152156e+000
2.196560e+003,1.151110e+000
2.198488e+003,1.150028e+000
2.200417e+003,1.148918e+000
2.202345e+003,1.147776e+000
2.204274e+003,1.146647e+000
2.206202e+003,1.145615e+000
2.208131e+003,1.144631e+000
2.210059e+003,1.143612e+000
2.211988e+003,1.142577e+000
2.213916e+003,1.141599e+000
2.215845e+003,1.140692e+000
2.217773e+003,1.139797e+000
2.219702e+003,1.138889e+000
2.221630e+003,1.137949e+000
2.223559e+003,1.136873e+000
2.225487e+003,1.135615e+000
2.227416e+003,1.134239e+000
2.229344e+003,1.132800e+000
2.231273e+003,1.131323e+000
2.233201e+003,1.129824e+000
2.235130e+003,1.128303e+000
2.237058e+003,1.126786e+000
2.238987e+003,1.125273e+000
2.240915e+003,1.123691e+000
2.242844e+003,1.121980e+000
2.244772e+003,1.120129e+000
2.246701e+003,1.118137e+000
2.248629e+003,1.115967e+000
2.250558e+003,1.113525e+000
2.252486e+003,1.110752e+000
2.254415e+003,1.107763e+000
2.256343e+003,1.104745e+000
2.258272e+003,1.101739e+000
2.260200e+003,1.098691e+000
2.262129e+003,1.095619e+000
2.264057e+003,1.092679e+000
2.265986e+003,1.090075e+000
2.267914e+003,1.087854e+000
2.269843e+003,1.086042e+000
2.271771e+003,1.084784e+000
2.273700e+003,1.084154e+000
2.275628e+003,1.084212e+000
2.277557e+003,1.085161e+000
2.279485e+003,1.086886e+000
2.281414e+003,1.088046e+000
2.283342e+003,1.086058e+000
2.285271e+003,1.079366e+000
2.287199e+003,1.069162e+000
2.289128e+003,1.057526e+000
2.291056e+003,1.045347e+000
2.292985e+003,1.032543e+000
2.294913e+003,1.018891e+000
2.296842e+003,1.004083e+000
2.298770e+003,9.875219e-001
2.300699e+003,9.686338e-001
2.302627e+003,9.465021e-001
2.304556e+003,9.195313e-001
2.306484e+003,8.873323e-001
2.308413e+003,8.516516e-001
2.310341e+003,8.150169e-001
2.312270e+003,7.800587e-001
2.314198e+003,7.468157e-001
2.316127e+003,7.102929e-001
2.318055e+003,6.672413e-001
2.319984e+003,6.229768e-001
2.321912e+003,5.858489e-001
2.323841e+003,5.583457e-001
2.325769e+003,5.350361e-001
2.327698e+003,5.102600e-001
2.329626e+003,4.871499e-001
2.331555e+003,4.722431e-001
2.333483e+003,4.640176e-001
2.335412e+003,4.560909e-001
2.337340e+003,4.473676e-001
2.339269e+003,4.414063e-001
2.341197e+003,4.429394e-001
2.343126e+003,4.611173e-001
2.345054e+003,5.103871e-001
2.346983e+003,5.791671e-001
2.348911e+003,6.056988e-001
2.350840e+003,5.529652e-001
2.352768e+003,4.647679e-001
2.354697e+003,3.933913e-001
2.356625e+003,3.491913e-001
2.358554e+003,3.258259e-001
2.360482e+003,3.184660e-001
2.362411e+003,3.240848e-001
2.364339e+003,3.413174e-001
2.366268e+003,3.701556e-001
2.368196e+003,4.106932e-001
2.370125e+003,4.629329e-001
2.372053e+003,5.266953e-001
2.373982e+003,6.012184e-001
2.375910e+003,6.845824e-001
2.377839e+003,7.724990e-001
2.379767e+003,8.573009e-001
2.381696e+003,9.296028e-001
2.383624e+003,9.827692e-001
2.385553e+003,1.016026e+000
2.387481e+003,1.033482e+000
2.389410e+003,1.040979e+000
2.391338e+003,1.043423e+000
2.393267e+003,1.043711e+000
2.395195e+003,1.043129e+000
2.397124e+003,1.042192e+000
2.399052e+003,1.041162e+000
2.400981e+003,1.040168e+000
2.402909e+003,1.039217e+000
2.404838e+003,1.038260e+000
2.406766e+003,1.037296e+000
2.408695e+003,1.036367e+000
2.410623e+003,1.035473e+000
2.412552e+003,1.034601e+000
2.414480e+003,1.033745e+000
2.416409e+003,1.032819e+000
2.418337e+003,1.031807e+000
2.420266e+003,1.030804e+000
2.422194e+003,1.029836e+000
2.424123e+003,1.028851e+000
2.426051e+003,1.027862e+000
2.427980e+003,1.026920e+000
2.429908e+003,1.026032e+000
2.431837e+003,1.025177e+000
2.433765e+003,1.024297e+000
2.435694e+003,1.023330e+000
2.437622e+003,1.022315e+000
2.439551e+003,1.021315e+000
2.441479e+003,1.020330e+000
2.443408e+003,1.019372e+000
2.445336e+003,1.018465e+000
2.447265e+003,1.017606e+000
2.449193e+003,1.016735e+000
2.451122e+003,1.015810e+000
2.453050e+003,1.014874e+000
2.454979e+003,1.013926e+000
2.456907e+003,1.012937e+000
2.458836e+003,1.011971e+000
2.460764e+003,1.011057e+000
2.462693e+003,1.010123e+000
2.464621e+003,1.009143e+000
2.466550e+003,1.008161e+000
2.468478e+003,1.007184e+000
2.470406e+003,1.006197e+000
2.472335e+003,1.005206e+000
2.474264e+003,1.004228e+000
2.476192e+003,1.003263e+000
2.478121e+003,1.002276e+000
2.480049e+003,1.001257e+000
2.481978e+003,1.000246e+000
2.483906e+003,9.992558e-001
2.485834e+003,9.982954e-001
2.487763e+003,9.973654e-001
2.489692e+003,9.964111e-001
2.491620e+003,9.954307e-001
2.493549e+003,9.944978e-001
2.495477e+003,9.936069e-001
2.497406e+003,9.926829e-001
2.499334e+003,9.917025e-001
2.501262e+003,9.906842e-001
2.503191e+003,9.896822e-001
2.505120e+003,9.887532e-001
2.507048e+003,9.878568e-001
2.508977e+003,9.869238e-001
2.510905e+003,9.859401e-001
2.512833e+003,9.849342e-001
2.514762e+003,9.839473e-001
2.516690e+003,9.829836e-001
2.518619e+003,9.820284e-001
2.520548e+003,9.810633e-001
2.522476e+003,9.800585e-001
2.524405e+003,9.790268e-001
2.526333e+003,9.779974e-001
2.528261e+003,9.769859e-001
2.530190e+003,9.760215e-001
2.532119e+003,9.750795e-001
2.534047e+003,9.741112e-001
2.535976e+003,9.731681e-001
2.537904e+003,9.722905e-001
2.539833e+003,9.713852e-001
2.541761e+003,9.703853e-001
2.543689e+003,9.693390e-001
2.545618e+003,9.683300e-001
2.547547e+003,9.673787e-001
2.549475e+003,9.664191e-001
2.551404e+003,9.654402e-001
2.553332e+003,9.644552e-001
2.555260e+003,9.634290e-001
2.557189e+003,9.623727e-001
2.559117e+003,9.613093e-001
2.561046e+003,9.602417e-001
2.562975e+003,9.592138e-001
2.564903e+003,9.582224e-001
2.566832e+003,9.571958e-001
2.568760e+003,9.561393e-001
2.570688e+003,9.551499e-001
2.572617e+003,9.542400e-001
2.574545e+003,9.532827e-001
2.576474e+003,9.522291e-001
2.578403e+003,9.511595e-001
2.580331e+003,9.501110e-001
2.582260e+003,9.490626e-001
2.584188e+003,9.480324e-001
2.586116e+003,9.470307e-001
2.588045e+003,9.460192e-001
2.589973e+003,9.449948e-001
2.591902e+003,9.439800e-001
2.593831e+003,9.429675e-001
2.595759e+003,9.419221e-001
2.597688e+003,9.408523e-001
2.599616e+003,9.398016e-001
2.601544e+003,9.387238e-001
2.603473e+003,9.375727e-001
2.605401e+003,9.364306e-001
2.607330e+003,9.353840e-001
2.609259e+003,9.343892e-001
2.611187e+003,9.333490e-001
2.613115e+003,9.322659e-001
2.615044e+003,9.312005e-001
2.616972e+003,9.301499e-001
2.618901e+003,9.290928e-001
2.620830e+003,9.280304e-001
2.622758e+003,9.269807e-001
2.624687e+003,9.259331e-001
2.626615e+003,9.248641e-001
2.628543e+003,9.238272e-001
2.630472e+003,9.228199e-001
2.632400e+003,9.217459e-001
2.634329e+003,9.205966e-001
2.636258e+003,9.194795e-001
2.638186e+003,9.184198e-001
2.640115e+003,9.173277e-001
2.642043e+003,9.162005e-001
2.643971e+003,9.150679e-001
2.645900e+003,9.139003e-001
2.647828e+003,9.127006e-001
2.649757e+003,9.115321e-001
2.651686e+003,9.104675e-001
2.653614e+003,9.094686e-001
2.655542e+003,9.084239e-001
2.657471e+003,9.073391e-001
2.659399e+003,9.062614e-001
2.661328e+003,9.051672e-001
2.663256e+003,9.040550e-001
2.665185e+003,9.029661e-001
2.667114e+003,9.019036e-001
2.669042e+003,9.008756e-001
2.670970e+003,8.999377e-001
2.672899e+003,8.990445e-001
2.674827e+003,8.981130e-001
2.676756e+003,8.971783e-001
2.678684e+003,8.961859e-001
2.680613e+003,8.949991e-001
2.682542e+003,8.936828e-001
2.684470e+003,8.924293e-001
2.686398e+003,8.912972e-001
2.688327e+003,8.902161e-001
2.690255e+003,8.891433e-001
2.692184e+003,8.880652e-001
2.694112e+003,8.869755e-001
2.696041e+003,8.859144e-001
2.697969e+003,8.848742e-001
2.699898e+003,8.837673e-001
2.701826e+003,8.826233e-001
2.703755e+003,8.815466e-001
2.705683e+003,8.805220e-001
2.707612e+003,8.794862e-001
2.709540e+003,8.783885e-001
2.711469e+003,8.772230e-001
2.713397e+003,8.760646e-001
2.715326e+003,8.749313e-001
2.717254e+003,8.737825e-001
2.719183e+003,8.727006e-001
2.721111e+003,8.717643e-001
2.723040e+003,8.708988e-001
2.724969e+003,8.699572e-001
2.726897e+003,8.687624e-001
2.728825e+003,8.673858e-001
2.730754e+003,8.660849e-001
2.732682e+003,8.649101e-001
2.734611e+003,8.638351e-001
2.736539e+003,8.628067e-001
2.738468e+003,8.617200e-001
2.740396e+003,8.606040e-001
2.742325e+003,8.595415e-001
2.744253e+003,8.586017e-001
2.746182e+003,8.577645e-001
2.748110e+003,8.567768e-001
2.750039e+003,8.555083e-001
2.751967e+003,8.541445e-001
2.753896e+003,8.528666e-001
2.755824e+003,8.516927e-001
2.757753e+003,8.505812e-001
2.759681e+003,8.494847e-001
2.761610e+003,8.483117e-001
2.763538e+003,8.470516e-001
2.765467e+003,8.458327e-001
2.767395e+003,8.447258e-001
2.769324e+003,8.437120e-001
2.771252e+003,8.427924e-001
2.773181e+003,8.418693e-001
2.775109e+003,8.406714e-001
2.777038e+003,8.392043e-001
2.778966e+003,8.377932e-001
2.780895e+003,8.365278e-001
2.782823e+003,8.353286e-001
2.784752e+003,8.342265e-001
2.786680e+003,8.332526e-001
2.788609e+003,8.322547e-001
2.790537e+003,8.310124e-001
2.792466e+003,8.296399e-001
2.794394e+003,8.284487e-001
2.796323e+003,8.274115e-001
2.798251e+003,8.261964e-001
2.800180e+003,8.247089e-001
2.802108e+003,8.232480e-001
2.804037e+003,8.220327e-001
2.805965e+003,8.210028e-001
2.807894e+003,8.200111e-001
2.809822e+003,8.188277e-001
2.811751e+003,8.173698e-001
2.813679e+003,8.158883e-001
2.815608e+003,8.145409e-001
2.817536e+003,8.132500e-001
2.819465e+003,8.119673e-001
2.821393e+003,8.106241e-001
2.823322e+003,8.091089e-001
2.825250e+003,8.074356e-001
2.827179e+003,8.057123e-001
2.829107e+003,8.039696e-001
2.831036e+003,8.021358e-001
2.832964e+003,8.000600e-001
2.834893e+003,7.975329e-001
2.836821e+003,7.942422e-001
2.838750e+003,7.894639e-001
2.840678e+003,7.820687e-001
2.842607e+003,7.709004e-001
2.844535e+003,7.561635e-001
2.846464e+003,7.421494e-001
2.848392e+003,7.355560e-001
2.850321e+003,7.382170e-001
2.852249e+003,7.452705e-001
2.854178e+003,7.515718e-001
2.856106e+003,7.557616e-001
2.858035e+003,7.584650e-001
2.859963e+003,7.600824e-001
2.861892e+003,7.608348e-001
2.863820e+003,7.612165e-001
2.865749e+003,7.615160e-001
2.867677e+003,7.616107e-001
2.869606e+003,7.615083e-001
2.871534e+003,7.613342e-001
2.873463e+003,7.608942e-001
2.875391e+003,7.600197e-001
2.877320e+003,7.588902e-001
2.879248e+003,7.576142e-001
2.881177e+003,7.561081e-001
2.883105e+003,7.543936e-001
2.885034e+003,7.525463e-001
2.886962e+003,7.504910e-001
2.888891e+003,7.481403e-001
2.890819e+003,7.455916e-001
2.892748e+003,7.430624e-001
2.894676e+003,7.405267e-001
2.896605e+003,7.375628e-001
2.898533e+003,7.340571e-001
2.900462e+003,7.305131e-001
2.902390e+003,7.270664e-001
2.904319e+003,7.231023e-001
2.906247e+003,7.180883e-001
2.908176e+003,7.115294e-001
2.910104e+003,7.021370e-001
2.912033e+003,6.885358e-001
2.913961e+003,6.721106e-001
2.915890e+003,6.586682e-001
2.917818e+003,6.537759e-001
2.919747e+003,6.567225e-001
2.921675e+003,6.627102e-001
2.923604e+003,6.686128e-001
2.925532e+003,6.740960e-001
2.927461e+003,6.796082e-001
2.929389e+003,6.848072e-001
2.931318e+003,6.890355e-001
2.933246e+003,6.925644e-001
2.935175e+003,6.960328e-001
2.937103e+003,6.994428e-001
2.939032e+003,7.024813e-001
2.940960e+003,7.048997e-001
2.942889e+003,7.063978e-001
2.944817e+003,7.066960e-001
2.946746e+003,7.058845e-001
2.948674e+003,7.044612e-001
2.950603e+003,7.027779e-001
2.952531e+003,7.007643e-001
2.954460e+003,6.986774e-001
2.956388e+003,6.972481e-001
2.958317e+003,6.967846e-001
2.960245e+003,6.970026e-001
2.962174e+003,6.973883e-001
2.964102e+003,6.976016e-001
2.966031e+003,6.979821e-001
2.967959e+003,6.989993e-001
2.969888e+003,7.002577e-001
2.971816e+003,7.011417e-001
2.973745e+003,7.018932e-001
2.975673e+003,7.028533e-001
2.977602e+003,7.037462e-001
2.979530e+003,7.044391e-001
2.981459e+003,7.049101e-001
2.983387e+003,7.047458e-001
2.985316e+003,7.038010e-001
2.987244e+003,7.030171e-001
2.989173e+003,7.033226e-001
2.991101e+003,7.037626e-001
2.993030e+003,7.034059e-001
2.994958e+003,7.033637e-001
2.996887e+003,7.039743e-001
2.998815e+003,7.039814e-001
3.000744e+003,7.028661e-001
3.002672e+003,7.012339e-001
3.004601e+003,7.003773e-001
3.006529e+003,7.002724e-001
3.008458e+003,6.989386e-001
3.010386e+003,6.962374e-001
3.012315e+003,6.945460e-001
3.014243e+003,6.948786e-001
3.016172e+003,6.962351e-001
3.018100e+003,6.975015e-001
3.020029e+003,6.976926e-001
3.021957e+003,6.966149e-001
3.023886e+003,6.950539e-001
3.025814e+003,6.935486e-001
3.027743e+003,6.909411e-001
3.029671e+003,6.865085e-001
3.031600e+003,6.837090e-001
3.033528e+003,6.848847e-001
3.035457e+003,6.875518e-001
3.037385e+003,6.894509e-001
3.039314e+003,6.901798e-001
3.041242e+003,6.898789e-001
3.043171e+003,6.887115e-001
3.045099e+003,6.863809e-001
3.047028e+003,6.833127e-001
3.048956e+003,6.816844e-001
3.050885e+003,6.817495e-001
3.052813e+003,6.803558e-001
3.054742e+003,6.768307e-001
3.056670e+003,6.746293e-001
3.058599e+003,6.748081e-001
3.060527e+003,6.742679e-001
3.062456e+003,6.711447e-001
3.064384e+003,6.676721e-001
3.066313e+003,6.671938e-001
3.068241e+003,6.693992e-001
3.070170e+003,6.711437e-001
3.072098e+003,6.710182e-001
3.074027e+003,6.695149e-001
3.075955e+003,6.666067e-001
3.077884e+003,6.628731e-001
3.079812e+003,6.606229e-001
3.081741e+003,6.609942e-001
3.083669e+003,6.621951e-001
3.085598e+003,6.623335e-001
3.087526e+003,6.617372e-001
3.089455e+003,6.607788e-001
3.091383e+003,6.582633e-001
3.093312e+003,6.538083e-001
3.095240e+003,6.499987e-001
3.097169e+003,6.484472e-001
3.099097e+003,6.468708e-001
3.101026e+003,6.453701e-001
3.102954e+003,6.462801e-001
3.104883e+003,6.479051e-001
3.106811e+003,6.478557e-001
3.108740e+003,6.465846e-001
3.110668e+003,6.447203e-001
3.112597e+003,6.419461e-001
3.114525e+003,6.386928e-001
3.116454e+003,6.366267e-001
3.118382e+003,6.359680e-001
3.120311e+003,6.348675e-001
3.122239e+003,6.333689e-001
3.124167e+003,6.330700e-001
3.126096e+003,6.338283e-001
3.128025e+003,6.345749e-001
3.129953e+003,6.333437e-001
3.131882e+003,6.303903e-001
3.133810e+003,6.297468e-001
3.135739e+003,6.317094e-001
3.137667e+003,6.327585e-001
3.139595e+003,6.318430e-001
3.141524e+003,6.301305e-001
3.143453e+003,6.287473e-001
3.145381e+003,6.278930e-001
3.147310e+003,6.271265e-001
3.149238e+003,6.263264e-001
3.151167e+003,6.255111e-001
3.153095e+003,6.244668e-001
3.155023e+003,6.230919e-001
3.156952e+003,6.216379e-001
3.158881e+003,6.203399e-001
3.160809e+003,6.191252e-001
3.162738e+003,6.178603e-001
3.164666e+003,6.165146e-001
3.166594e+003,6.151130e-001
3.168523e+003,6.138547e-001
3.170452e+003,6.128814e-001
3.172380e+003,6.117680e-001
3.174309e+003,6.094001e-001
3.176237e+003,6.057377e-001
3.178166e+003,6.037125e-001
3.180094e+003,6.044822e-001
3.182022e+003,6.046430e-001
3.183951e+003,6.030678e-001
3.185880e+003,6.023353e-001
3.187808e+003,6.027616e-001
3.189737e+003,6.025283e-001
3.191665e+003,6.011648e-001
3.193594e+003,5.985507e-001
3.195522e+003,5.947726e-001
3.197450e+003,5.923272e-001
3.199379e+003,5.929913e-001
3.201308e+003,5.945480e-001
3.203236e+003,5.947514e-001
3.205165e+003,5.934274e-001
3.207093e+003,5.905827e-001
3.209021e+003,5.874406e-001
3.210950e+003,5.853524e-001
3.212878e+003,5.837972e-001
3.214807e+003,5.830249e-001
3.216736e+003,5.825497e-001
3.218664e+003,5.813158e-001
3.220593e+003,5.810690e-001
3.222521e+003,5.820569e-001
3.224449e+003,5.818094e-001
3.226378e+003,5.798422e-001
3.228306e+003,5.780077e-001
3.230235e+003,5.774329e-001
3.232164e+003,5.774580e-001
3.234092e+003,5.769051e-001
3.236021e+003,5.756657e-001
3.237949e+003,5.745823e-001
3.239877e+003,5.735499e-001
3.241806e+003,5.713025e-001
3.243734e+003,5.685817e-001
3.245663e+003,5.684918e-001
3.247592e+003,5.704341e-001
3.249520e+003,5.706013e-001
3.251448e+003,5.680667e-001
3.253377e+003,5.650388e-001
3.255305e+003,5.637270e-001
3.257234e+003,5.637254e-001
3.259163e+003,5.636789e-001
3.261091e+003,5.633663e-001
3.263020e+003,5.628021e-001
3.264948e+003,5.622978e-001
3.266876e+003,5.621815e-001
3.268805e+003,5.613853e-001
3.270733e+003,5.583780e-001
3.272662e+003,5.540715e-001
3.274591e+003,5.515043e-001
3.276519e+003,5.518224e-001
3.278448e+003,5.531955e-001
3.280376e+003,5.536131e-001
3.282304e+003,5.530556e-001
3.284233e+003,5.524764e-001
3.286161e+003,5.515906e-001
3.288090e+003,5.498353e-001
3.290019e+003,5.479304e-001
3.291947e+003,5.471684e-001
3.293875e+003,5.475401e-001
3.295804e+003,5.473947e-001
3.297732e+003,5.466287e-001
3.299661e+003,5.464423e-001
3.301589e+003,5.465835e-001
3.303518e+003,5.461479e-001
3.305447e+003,5.440467e-001
3.307375e+003,5.404293e-001
3.309303e+003,5.377802e-001
3.311232e+003,5.371118e-001
3.313160e+003,5.374666e-001
3.315089e+003,5.381201e-001
3.317017e+003,5.382743e-001
3.318946e+003,5.377502e-001
3.320875e+003,5.367261e-001
3.322803e+003,5.351972e-001
3.324731e+003,5.335809e-001
3.326660e+003,5.325277e-001
3.328588e+003,5.322432e-001
3.330517e+003,5.317838e-001
3.332445e+003,5.298399e-001
3.334374e+003,5.269963e-001
3.336302e+003,5.257888e-001
3.338231e+003,5.268095e-001
3.340159e+003,5.278041e-001
3.342088e+003,5.276384e-001
3.344016e+003,5.268294e-001
3.345945e+003,5.258837e-001
3.347873e+003,5.251533e-001
3.349802e+003,5.242968e-001
3.351730e+003,5.224037e-001
3.353659e+003,5.194879e-001
3.355587e+003,5.171903e-001
3.357516e+003,5.162733e-001
3.359444e+003,5.151608e-001
3.361373e+003,5.131122e-001
3.363302e+003,5.110367e-001
3.365230e+003,5.100610e-001
3.367158e+003,5.110945e-001
3.369087e+003,5.131796e-001
3.371015e+003,5.142182e-001
3.372944e+003,5.137439e-001
3.374872e+003,5.127034e-001
3.376801e+003,5.116556e-001
3.378729e+003,5.104790e-001
3.380658e+003,5.084933e-001
3.382586e+003,5.054737e-001
3.384515e+003,5.035919e-001
3.386443e+003,5.044253e-001
3.388372e+003,5.049088e-001
3.390300e+003,5.018481e-001
3.392229e+003,4.981797e-001
3.394157e+003,4.973350e-001
3.396086e+003,4.977695e-001
3.398014e+003,4.987783e-001
3.399943e+003,4.999758e-001
3.401871e+003,4.997730e-001
3.403800e+003,4.991527e-001
3.405728e+003,4.991313e-001
3.407657e+003,4.989972e-001
3.409585e+003,4.983600e-001
3.411514e+003,4.973386e-001
3.413442e+003,4.960546e-001
3.415371e+003,4.937443e-001
3.417299e+003,4.882296e-001
3.419228e+003,4.808990e-001
3.421156e+003,4.787079e-001
3.423085e+003,4.832372e-001
3.425013e+003,4.877432e-001
3.426942e+003,4.884590e-001
3.428870e+003,4.870952e-001
3.430799e+003,4.859068e-001
3.432727e+003,4.858820e-001
3.434656e+003,4.860146e-001
3.436584e+003,4.848144e-001
3.438513e+003,4.815571e-001
3.440441e+003,4.762166e-001
3.442370e+003,4.702675e-001
3.444298e+003,4.631962e-001
3.446227e+003,4.578757e-001
3.448155e+003,4.627125e-001
3.450084e+003,4.734615e-001
3.452012e+003,4.789159e-001
3.453941e+003,4.787828e-001
3.455869e+003,4.771372e-001
3.457798e+003,4.747579e-001
3.459726e+003,4.710262e-001
3.461655e+003,4.682562e-001
3.463583e+003,4.688383e-001
3.465512e+003,4.705774e-001
3.467440e+003,4.720047e-001
3.469369e+003,4.731478e-001
3.471297e+003,4.723270e-001
3.473226e+003,4.699197e-001
3.475154e+003,4.690002e-001
3.477083e+003,4.679413e-001
3.479011e+003,4.614312e-001
3.480940e+003,4.540584e-001
3.482868e+003,4.549138e-001
3.484797e+003,4.593753e-001
3.486725e+003,4.603468e-001
3.488654e+003,4.621099e-001
3.490582e+003,4.661697e-001
3.492511e+003,4.665221e-001
3.494439e+003,4.625477e-001
3.496368e+003,4.600682e-001
3.498296e+003,4.576159e-001
3.500225e+003,4.469872e-001
3.502153e+003,4.348506e-001
3.504082e+003,4.366750e-001
3.506010e+003,4.452048e-001
3.507939e+003,4.453592e-001
3.509867e+003,4.454264e-001
3.511796e+003,4.541890e-001
3.513724e+003,4.628361e-001
3.515653e+003,4.643461e-001
3.517581e+003,4.604031e-001
3.519510e+003,4.514602e-001
3.521438e+003,4.366679e-001
3.523367e+003,4.233859e-001
3.525295e+003,4.175487e-001
3.527224e+003,4.184034e-001
3.529152e+003,4.287844e-001
3.531081e+003,4.450452e-001
3.533009e+003,4.534577e-001
3.534938e+003,4.512023e-001
3.536866e+003,4.508072e-001
3.538795e+003,4.546723e-001
3.540723e+003,4.485861e-001
3.542652e+003,4.263322e-001
3.544580e+003,4.038363e-001
3.546509e+003,4.026725e-001
3.548437e+003,4.168978e-001
3.550366e+003,4.227844e-001
3.552294e+003,4.240059e-001
3.554223e+003,4.349956e-001
3.556151e+003,4.443867e-001
3.558080e+003,4.398901e-001
3.560008e+003,4.266747e-001
3.561937e+003,4.046647e-001
3.563865e+003,3.643304e-001
3.565794e+003,3.255906e-001
3.567722e+003,3.340269e-001
3.569651e+003,3.851665e-001
3.571579e+003,4.262235e-001
3.573508e+003,4.366633e-001
3.575436e+003,4.342705e-001
3.577365e+003,4.321208e-001
3.579293e+003,4.314714e-001
3.581222e+003,4.273335e-001
3.583150e+003,4.047344e-001
3.585079e+003,3.594500e-001
3.587007e+003,3.301471e-001
3.588936e+003,3.499946e-001
3.590864e+003,3.812551e-001
3.592793e+003,3.821169e-001
3.594721e+003,3.724616e-001
3.596650e+003,3.746997e-001
3.598578e+003,3.802647e-001
3.600507e+003,3.881409e-001
3.602435e+003,3.999894e-001
3.604364e+003,3.933799e-001
3.606292e+003,3.605361e-001
3.608221e+003,3.339583e-001
3.610149e+003,3.280967e-001
3.612078e+003,3.264216e-001
3.614006e+003,3.264566e-001
3.615935e+003,3.212603e-001
3.617863e+003,3.086512e-001
3.619792e+003,3.220056e-001
3.621720e+003,3.637019e-001
3.623649e+003,3.810397e-001
3.625577e+003,3.400053e-001
3.627506e+003,2.788247e-001
3.629434e+003,2.733968e-001
3.631363e+003,3.247836e-001
3.633291e+003,3.722603e-001
3.635220e+003,3.987753e-001
3.637148e+003,4.131123e-001
3.639077e+003,4.168013e-001
3.641005e+003,4.120874e-001
3.642934e+003,3.903659e-001
3.644862e+003,3.328345e-001
3.646791e+003,2.548691e-001
3.648719e+003,2.167567e-001
3.650648e+003,2.535636e-001
3.652576e+003,3.192405e-001
3.654505e+003,3.486739e-001
3.656433e+003,3.609448e-001
3.658362e+003,3.934402e-001
3.660290e+003,4.239221e-001
3.662219e+003,4.338986e-001
3.664147e+003,4.234042e-001
3.666076e+003,3.795853e-001
3.668004e+003,3.111634e-001
3.669933e+003,2.702470e-001
3.671861e+003,2.622315e-001
3.673790e+003,2.423880e-001
3.675718e+003,2.390296e-001
3.677647e+003,2.886594e-001
3.679575e+003,3.519379e-001
3.681504e+003,3.923207e-001
3.683432e+003,3.968933e-001
3.685361e+003,3.566620e-001
3.687289e+003,2.934342e-001
3.689218e+003,2.641143e-001
3.691146e+003,2.965656e-001
3.693075e+003,3.545256e-001
3.695003e+003,3.922368e-001
3.696932e+003,3.996427e-001
3.698860e+003,3.825423e-001
3.700789e+003,3.605583e-001
3.702717e+003,3.641541e-001
3.704646e+003,3.784089e-001
3.706574e+003,3.594392e-001
3.708503e+003,3.066493e-001
3.710431e+003,2.680120e-001
3.712360e+003,2.861275e-001
3.714288e+003,3.412101e-001
3.716217e+003,3.747309e-001
3.718145e+003,3.676742e-001
3.720074e+003,3.424679e-001
3.722002e+003,3.209138e-001
3.723931e+003,3.124334e-001
3.725859e+003,3.191990e-001
3.727788e+003,3.300216e-001
3.729716e+003,3.123840e-001
3.731645e+003,2.616592e-001
3.733573e+003,2.174124e-001
3.735502e+003,2.149478e-001
3.737430e+003,2.537663e-001
3.739359e+003,2.885436e-001
3.741287e+003,2.741465e-001
3.743216e+003,2.308186e-001
3.745144e+003,2.154569e-001
3.747073e+003,2.190812e-001
3.749001e+003,2.059759e-001
3.750930e+003,2.088059e-001
3.752858e+003,2.564764e-001
3.754787e+003,3.077107e-001
3.756715e+003,3.229652e-001
3.758644e+003,3.259716e-001
3.760572e+003,3.487435e-001
3.762500e+003,3.689665e-001
3.764429e+003,3.628954e-001
3.766358e+003,3.481920e-001
3.768286e+003,3.397434e-001
3.770215e+003,3.522314e-001
3.772143e+003,3.882263e-001
3.774072e+003,4.121390e-001
3.776000e+003,4.002090e-001
3.777928e+003,3.720094e-001
3.779857e+003,3.652912e-001
3.781786e+003,3.787326e-001
3.783714e+003,3.861469e-001
3.785643e+003,3.943132e-001
3.787571e+003,4.100949e-001
3.789500e+003,4.198541e-001
3.791428e+003,4.151230e-001
3.793356e+003,3.895756e-001
3.795285e+003,3.510103e-001
3.797214e+003,3.180128e-001
3.799142e+003,2.843670e-001
3.801071e+003,2.636198e-001
3.802999e+003,2.804266e-001
3.804927e+003,3.011915e-001
3.806856e+003,3.176515e-001
3.808785e+003,3.561794e-001
3.810713e+003,3.849257e-001
3.812642e+003,3.625800e-001
3.814570e+003,3.101297e-001
3.816499e+003,2.770571e-001
3.818427e+003,2.601599e-001
3.820355e+003,2.492681e-001
3.822284e+003,2.749797e-001
3.824213e+003,3.172498e-001
3.826141e+003,3.376679e-001
3.828070e+003,3.421668e-001
3.829998e+003,3.324078e-001
3.831927e+003,3.112699e-001
3.833855e+003,2.857898e-001
3.835783e+003,2.545194e-001
3.837712e+003,2.352662e-001
3.839641e+003,2.480443e-001
3.841569e+003,2.819626e-001
3.843498e+003,3.204847e-001
3.845426e+003,3.536743e-001
3.847354e+003,3.553235e-001
3.849283e+003,3.042800e-001
3.851211e+003,2.260491e-001
3.853140e+003,1.899786e-001
3.855069e+003,2.314373e-001
3.856997e+003,3.005421e-001
3.858926e+003,3.330278e-001
3.860854e+003,3.183006e-001
3.862782e+003,2.903198e-001
3.864711e+003,2.826531e-001
3.866639e+003,2.821958e-001
3.868568e+003,2.672554e-001
3.870497e+003,2.643619e-001
3.872425e+003,2.861798e-001
3.874354e+003,3.165330e-001
3.876282e+003,3.379048e-001
3.878210e+003,3.261179e-001
3.880139e+003,3.027827e-001
3.882067e+003,2.977638e-001
3.883996e+003,2.970201e-001
3.885925e+003,3.061934e-001
3.887853e+003,3.231753e-001
3.889781e+003,3.194826e-001
3.891710e+003,3.176453e-001
3.893638e+003,3.392683e-001
3.895567e+003,3.456482e-001
3.897495e+003,3.142680e-001
3.899424e+003,2.748197e-001
3.901353e+003,2.548116e-001
3.903281e+003,2.615176e-001
3.905209e+003,2.990196e-001
3.907138e+003,3.496331e-001
3.909066e+003,3.820118e-001
3.910995e+003,3.892560e-001
3.912924e+003,3.783284e-001
3.914852e+003,3.539808e-001
3.916781e+003,3.339663e-001
3.918709e+003,3.340996e-001
3.920637e+003,3.430380e-001
3.922566e+003,3.438669e-001
3.924494e+003,3.437711e-001
3.926423e+003,3.507391e-001
3.928352e+003,3.495619e-001
3.930280e+003,3.383021e-001
3.932208e+003,3.390429e-001
3.934137e+003,3.571914e-001
3.936065e+003,3.735539e-001
3.937994e+003,3.749599e-001
3.939922e+003,3.629629e-001
3.941851e+003,3.499365e-001
3.943780e+003,3.490767e-001
3.945708e+003,3.514543e-001
3.947636e+003,3.479094e-001
3.949565e+003,3.497799e-001
3.951493e+003,3.605471e-001
3.953422e+003,3.697346e-001
3.955350e+003,3.725308e-001
3.957279e+003,3.716927e-001
3.959208e+003,3.693421e-001
3.961136e+003,3.680014e-001
3.963064e+003,3.709098e-001
3.964993e+003,3.747618e-001
3.966921e+003,3.744642e-001
3.968850e+003,3.714603e-001
3.970778e+003,3.686188e-001
3.972707e+003,3.666019e-001
3.974635e+003,3.668008e-001
3.976564e+003,3.696158e-001
3.978492e+003,3.719823e-001
3.980421e+003,3.720989e-001
3.982349e+003,3.719887e-001
3.984278e+003,3.726803e-001
3.986206e+003,3.723841e-001
3.988135e+003,3.700620e-001
3.990063e+003,3.677403e-001
3.991992e+003,3.670800e-001
3.993920e+003,3.673374e-001
3.995849e+003,3.685231e-001
3.997777e+003,3.700871e-001
3.999706e+003,3.704196e-001
