3.953422e+002,-5.277022e-001
3.972707e+002,-7.113869e-001
3.991992e+002,-2.684973e-001
4.011277e+002,-3.965171e-002
4.030562e+002,6.014896e-002
4.049847e+002,5.141728e-002
4.069132e+002,-1.759668e-001
4.088417e+002,-5.093251e-001
4.107702e+002,-2.146346e-001
4.126987e+002,1.183226e-001
4.146272e+002,1.286657e-001
4.165557e+002,-4.831368e-002
4.184842e+002,-3.076522e-001
4.204127e+002,-6.637257e-001
4.223412e+002,-5.364442e-001
4.242697e+002,-2.388756e-001
4.261982e+002,-2.442621e-001
4.281267e+002,-4.541551e-001
4.300552e+002,-5.746315e-001
4.319837e+002,-2.956244e-001
4.339122e+002,-1.247046e-001
4.358407e+002,-3.171227e-001
4.377692e+002,-9.189995e-001
4.396977e+002,-3.508070e-001
4.416262e+002,-1.235096e-001
4.435547e+002,-1.608385e-001
4.454832e+002,-9.048237e-001
4.474117e+002,6.000000e+000
4.493401e+002,6.000000e+000
4.512686e+002,-6.735083e-001
4.531971e+002,-2.357222e-001
4.551256e+002,-9.471986e-002
4.570541e+002,-8.180270e-002
4.589826e+002,4.961124e-002
4.609111e+002,1.595877e-001
4.628396e+002,-9.438175e-002
4.647681e+002,-7.608286e-001
4.666966e+002,6.000000e+000
4.686251e+002,-9.985779e-001
4.705536e+002,-1.024350e+000
4.724821e+002,6.000000e+000
4.744106e+002,-6.519338e-001
4.763391e+002,-1.483831e-001
4.782676e+002,3.314953e-002
4.801961e+002,1.244339e-001
4.821246e+002,1.274414e-001
4.840531e+002,-2.996475e-001
4.859816e+002,6.000000e+000
4.879101e+002,6.000000e+000
4.898386e+002,6.000000e+000
4.917671e+002,7.204983e-002
4.936956e+002,2.386047e-001
4.956241e+002,2.492895e-001
4.975526e+002,2.278146e-001
4.994811e+002,-2.348560e-001
5.014096e+002,-1.202073e+000
5.033381e+002,-1.551576e-001
5.052666e+002,-4.132114e-002
5.071951e+002,-6.243761e-002
5.091236e+002,-1.291382e-001
5.110521e+002,-1.262210e-001
5.129806e+002,-5.291714e-002
5.149091e+002,6.676776e-003
5.168376e+002,4.769499e-002
5.187661e+002,6.629356e-002
5.206946e+002,5.433684e-002
5.226231e+002,3.923020e-002
5.245516e+002,4.247844e-002
5.264801e+002,4.797824e-002
5.284086e+002,4.157439e-002
5.303371e+002,3.684777e-002
5.322656e+002,4.171326e-002
5.341941e+002,4.880530e-002
5.361226e+002,5.177075e-002
5.380511e+002,5.050625e-002
5.399796e+002,4.805766e-002
5.419081e+002,4.720768e-002
5.438366e+002,4.746955e-002
5.457651e+002,4.627771e-002
5.476936e+002,4.343516e-002
5.496221e+002,4.138311e-002
5.515506e+002,4.101789e-002
5.534791e+002,4.068688e-002
5.554076e+002,3.968260e-002
5.573361e+002,4.019010e-002
5.592646e+002,4.254776e-002
5.611931e+002,4.285817e-002
5.631216e+002,4.010459e-002
5.650500e+002,3.837953e-002
5.669786e+002,3.909299e-002
5.689070e+002,3.984313e-002
5.708356e+002,3.922541e-002
5.727640e+002,3.690754e-002
5.746926e+002,3.414751e-002
5.766210e+002,3.329195e-002
5.785496e+002,3.448788e-002
5.804780e+002,3.648828e-002
5.824066e+002,3.772225e-002
5.843350e+002,3.695837e-002
5.862635e+002,3.501423e-002
5.881920e+002,3.394360e-002
5.901205e+002,3.438927e-002
5.920490e+002,3.466415e-002
5.939775e+002,3.340784e-002
5.959061e+002,3.152999e-002
5.978345e+002,2.999672e-002
5.997631e+002,2.894982e-002
6.016915e+002,2.837982e-002
6.036201e+002,2.764373e-002
6.055485e+002,2.626695e-002
6.074771e+002,2.512362e-002
6.094055e+002,2.491685e-002
6.113340e+002,2.454540e-002
6.132625e+002,2.306053e-002
6.151910e+002,2.089485e-002
6.171195e+002,1.844211e-002
6.190480e+002,1.609953e-002
6.209765e+002,1.349393e-002
6.229050e+002,9.697215e-003
6.248335e+002,5.476015e-003
6.267620e+002,2.739763e-003
6.286905e+002,2.285759e-003
6.306190e+002,3.938556e-003
6.325475e+002,7.586173e-003
6.344760e+002,1.276218e-002
6.364045e+002,1.842006e-002
6.383330e+002,2.359525e-002
6.402615e+002,2.766022e-002
6.421900e+002,3.053316e-002
6.441185e+002,3.259839e-002
6.460470e+002,3.411980e-002
6.479755e+002,3.525357e-002
6.499040e+002,3.593973e-002
6.518325e+002,3.623976e-002
6.537610e+002,3.656570e-002
6.556895e+002,3.697619e-002
6.576180e+002,3.733665e-002
6.595465e+002,3.763700e-002
6.614750e+002,3.778326e-002
6.634035e+002,3.774928e-002
6.653320e+002,3.770844e-002
6.672605e+002,3.765127e-002
6.691890e+002,3.725311e-002
6.711175e+002,3.673972e-002
6.730460e+002,3.639942e-002
6.749745e+002,3.614807e-002
6.769030e+002,3.579737e-002
6.788315e+002,3.528020e-002
6.807599e+002,3.480273e-002
6.826885e+002,3.447105e-002
6.846169e+002,3.412335e-002
6.865455e+002,3.376930e-002
6.884739e+002,3.347866e-002
6.904025e+002,3.316880e-002
6.923310e+002,3.281367e-002
6.942595e+002,3.241631e-002
6.961880e+002,3.203832e-002
6.981165e+002,3.175928e-002
7.000450e+002,3.157577e-002
7.019734e+002,3.144950e-002
7.039020e+002,3.126125e-002
7.058304e+002,3.094439e-002
7.077590e+002,3.057098e-002
7.096874e+002,3.016750e-002
7.116160e+002,2.969988e-002
7.135444e+002,2.921940e-002
7.154730e+002,2.877386e-002
7.174014e+002,2.830318e-002
7.193300e+002,2.791129e-002
7.212584e+002,2.774335e-002
7.231870e+002,2.759984e-002
7.251154e+002,2.724252e-002
7.270439e+002,2.672547e-002
7.289724e+002,2.627202e-002
7.309009e+002,2.599716e-002
7.328294e+002,2.582261e-002
7.347579e+002,2.566461e-002
7.366864e+002,2.548429e-002
7.386149e+002,2.519869e-002
7.405434e+002,2.479623e-002
7.424719e+002,2.442930e-002
7.444005e+002,2.418131e-002
7.463289e+002,2.393178e-002
7.482574e+002,2.357135e-002
7.501859e+002,2.315541e-002
7.521144e+002,2.283176e-002
7.540429e+002,2.261055e-002
7.559714e+002,2.232721e-002
7.578999e+002,2.189416e-002
7.598284e+002,2.131093e-002
7.617569e+002,2.059446e-002
7.636854e+002,1.974287e-002
7.656139e+002,1.877136e-002
7.675424e+002,1.781468e-002
7.694709e+002,1.685563e-002
7.713994e+002,1.581762e-002
7.733279e+002,1.482512e-002
7.752564e+002,1.389207e-002
7.771849e+002,1.292450e-002
7.791134e+002,1.188071e-002
7.810419e+002,1.072999e-002
7.829704e+002,9.574646e-003
7.848989e+002,8.528870e-003
7.868274e+002,7.553671e-003
7.887559e+002,6.616855e-003
7.906844e+002,5.742721e-003
7.926129e+002,4.894068e-003
7.945414e+002,3.969753e-003
7.964699e+002,2.970129e-003
7.983984e+002,2.010482e-003
8.003269e+002,1.136293e-003
8.022554e+002,3.089854e-004
8.041839e+002,-5.684399e-004
8.061124e+002,-1.604332e-003
8.080409e+002,-2.747513e-003
8.099694e+002,-3.859679e-003
8.118979e+002,-4.887662e-003
8.138264e+002,-5.896057e-003
8.157549e+002,-6.972029e-003
8.176833e+002,-8.100340e-003
8.196119e+002,-9.271462e-003
8.215403e+002,-1.053194e-002
8.234689e+002,-1.188053e-002
8.253973e+002,-1.329388e-002
8.273259e+002,-1.475530e-002
8.292543e+002,-1.620777e-002
8.311829e+002,-1.764633e-002
8.331113e+002,-1.916249e-002
8.350399e+002,-2.077783e-002
8.369683e+002,-2.246180e-002
8.388969e+002,-2.423623e-002
8.408254e+002,-2.611131e-002
8.427538e+002,-2.804210e-002
8.446824e+002,-2.998006e-002
8.466108e+002,-3.190291e-002
8.485394e+002,-3.377171e-002
8.504678e+002,-3.554852e-002
8.523964e+002,-3.725055e-002
8.543248e+002,-3.890283e-002
8.562534e+002,-4.050526e-002
8.581818e+002,-4.206304e-002
8.601104e+002,-4.352465e-002
8.620388e+002,-4.485225e-002
8.639673e+002,-4.608216e-002
8.658958e+002,-4.719222e-002
8.678243e+002,-4.821930e-002
8.697528e+002,-4.924450e-002
8.716813e+002,-5.021150e-002
8.736098e+002,-5.106162e-002
8.755383e+002,-5.183299e-002
8.774668e+002,-5.261109e-002
8.793953e+002,-5.343439e-002
8.813238e+002,-5.431262e-002
8.832523e+002,-5.525648e-002
8.851808e+002,-5.609208e-002
8.871093e+002,-5.661437e-002
8.890378e+002,-5.685869e-002
8.909663e+002,-5.678817e-002
8.928948e+002,-5.614198e-002
8.948233e+002,-5.472720e-002
8.967518e+002,-5.257774e-002
8.986803e+002,-4.994376e-002
9.006088e+002,-4.714243e-002
9.025373e+002,-4.443560e-002
9.044658e+002,-4.204271e-002
9.063943e+002,-4.006224e-002
9.083228e+002,-3.841135e-002
9.102513e+002,-3.705649e-002
9.121798e+002,-3.605816e-002
9.141083e+002,-3.535241e-002
9.160368e+002,-3.480408e-002
9.179653e+002,-3.426439e-002
9.198938e+002,-3.360289e-002
9.218223e+002,-3.293478e-002
9.237508e+002,-3.253897e-002
9.256793e+002,-3.245408e-002
9.276078e+002,-3.253009e-002
9.295363e+002,-3.262907e-002
9.314648e+002,-3.241017e-002
9.333932e+002,-3.132915e-002
9.353218e+002,-2.906517e-002
9.372502e+002,-2.582382e-002
9.391788e+002,-2.216990e-002
9.411073e+002,-1.862372e-002
9.430358e+002,-1.551011e-002
9.449643e+002,-1.295694e-002
9.468928e+002,-1.088834e-002
9.488213e+002,-9.180279e-003
9.507498e+002,-7.756514e-003
9.526783e+002,-6.533350e-003
9.546068e+002,-5.464436e-003
9.565353e+002,-4.524395e-003
9.584637e+002,-3.623128e-003
9.603923e+002,-2.661306e-003
9.623207e+002,-1.619451e-003
9.642493e+002,-5.439852e-004
9.661777e+002,5.077777e-004
9.681063e+002,1.503040e-003
9.700347e+002,2.457800e-003
9.719633e+002,3.426587e-003
9.738917e+002,4.474228e-003
9.758203e+002,5.568199e-003
9.777487e+002,6.612885e-003
9.796772e+002,7.623534e-003
9.816057e+002,8.711380e-003
9.835342e+002,9.916013e-003
9.854627e+002,1.113304e-002
9.873912e+002,1.226810e-002
9.893198e+002,1.335023e-002
9.912482e+002,1.443554e-002
9.931768e+002,1.549923e-002
9.951052e+002,1.647569e-002
9.970338e+002,1.734496e-002
9.989622e+002,1.815274e-002
1.000891e+003,1.894203e-002
1.002819e+003,1.966385e-002
1.004748e+003,2.026494e-002
1.006676e+003,2.074767e-002
1.008605e+003,2.111922e-002
1.010533e+003,2.144159e-002
1.012462e+003,2.178698e-002
1.014390e+003,2.211072e-002
1.016319e+003,2.231734e-002
1.018247e+003,2.240442e-002
1.020176e+003,2.248330e-002
1.022104e+003,2.262165e-002
1.024033e+003,2.279457e-002
1.025961e+003,2.297811e-002
1.027890e+003,2.314506e-002
1.029818e+003,2.329036e-002
1.031747e+003,2.344526e-002
1.033675e+003,2.361519e-002
1.035604e+003,2.377759e-002
1.037532e+003,2.390630e-002
1.039461e+003,2.397534e-002
1.041389e+003,2.395412e-002
1.043318e+003,2.381161e-002
1.045246e+003,2.358930e-002
1.047175e+003,2.337529e-002
1.049103e+003,2.313765e-002
1.051032e+003,2.276206e-002
1.052960e+003,2.223479e-002
1.054889e+003,2.165075e-002
1.056817e+003,2.105094e-002
1.058746e+003,2.035313e-002
1.060674e+003,1.948687e-002
1.062603e+003,1.844052e-002
1.064531e+003,1.719240e-002
1.066460e+003,1.573471e-002
1.068388e+003,1.405515e-002
1.070317e+003,1.209462e-002
1.072245e+003,9.782437e-003
1.074174e+003,7.045102e-003
1.076102e+003,3.804399e-003
1.078031e+003,2.915805e-006
1.079959e+003,-4.393705e-003
1.081888e+003,-9.304705e-003
1.083816e+003,-1.440219e-002
1.085745e+003,-1.920437e-002
1.087673e+003,-2.305015e-002
1.089602e+003,-2.513848e-002
1.091530e+003,-2.525079e-002
1.093459e+003,-2.401908e-002
1.095387e+003,-2.206448e-002
1.097316e+003,-1.948540e-002
1.099244e+003,-1.624863e-002
1.101173e+003,-1.255781e-002
1.103101e+003,-8.738046e-003
1.105030e+003,-4.979193e-003
1.106958e+003,-1.394458e-003
1.108887e+003,1.852294e-003
1.110815e+003,4.710709e-003
1.112744e+003,7.288613e-003
1.114672e+003,9.684204e-003
1.116601e+003,1.196933e-002
1.118529e+003,1.419046e-002
1.120458e+003,1.630121e-002
1.122386e+003,1.825416e-002
1.124315e+003,2.011520e-002
1.126243e+003,2.196574e-002
1.128172e+003,2.380573e-002
1.130100e+003,2.558873e-002
1.132029e+003,2.722496e-002
1.133957e+003,2.862551e-002
1.135886e+003,2.979359e-002
1.137814e+003,3.078011e-002
1.139743e+003,3.162224e-002
1.141671e+003,3.234612e-002
1.143600e+003,3.295888e-002
1.145528e+003,3.344939e-002
1.147457e+003,3.384655e-002
1.149385e+003,3.421325e-002
1.151314e+003,3.456411e-002
1.153242e+003,3.488965e-002
1.155171e+003,3.518163e-002
1.157099e+003,3.540762e-002
1.159028e+003,3.557895e-002
1.160956e+003,3.575300e-002
1.162885e+003,3.595438e-002
1.164813e+003,3.619507e-002
1.166742e+003,3.645599e-002
1.168670e+003,3.670420e-002
1.170599e+003,3.695692e-002
1.172527e+003,3.721838e-002
1.174456e+003,3.748050e-002
1.176384e+003,3.775886e-002
1.178313e+003,3.803559e-002
1.180241e+003,3.827045e-002
1.182170e+003,3.847083e-002
1.184098e+003,3.865546e-002
1.186027e+003,3.881268e-002
1.187955e+003,3.894756e-002
1.189884e+003,3.905535e-002
1.191812e+003,3.911318e-002
1.193741e+003,3.914839e-002
1.195669e+003,3.919564e-002
1.197598e+003,3.921576e-002
1.199526e+003,3.918744e-002
1.201455e+003,3.915597e-002
1.203383e+003,3.910470e-002
1.205312e+003,3.897764e-002
1.207240e+003,3.877337e-002
1.209169e+003,3.851699e-002
1.211097e+003,3.822218e-002
1.213026e+003,3.786232e-002
1.214954e+003,3.738248e-002
1.216883e+003,3.678671e-002
1.218811e+003,3.613532e-002
1.220740e+003,3.542707e-002
1.222668e+003,3.460344e-002
1.224597e+003,3.362532e-002
1.226525e+003,3.246386e-002
1.228453e+003,3.099730e-002
1.230382e+003,2.898269e-002
1.232311e+003,2.638528e-002
1.234239e+003,2.386863e-002
1.236168e+003,2.278214e-002
1.238096e+003,2.422531e-002
1.240025e+003,2.799762e-002
1.241953e+003,3.272995e-002
1.243882e+003,3.690707e-002
1.245810e+003,3.969894e-002
1.247739e+003,4.116864e-002
1.249667e+003,4.183419e-002
1.251596e+003,4.214964e-002
1.253524e+003,4.232723e-002
1.255453e+003,4.241962e-002
1.257381e+003,4.246174e-002
1.259310e+003,4.249876e-002
1.261238e+003,4.253230e-002
1.263167e+003,4.250595e-002
1.265095e+003,4.237954e-002
1.267024e+003,4.219897e-002
1.268952e+003,4.203038e-002
1.270880e+003,4.187341e-002
1.272809e+003,4.170907e-002
1.274738e+003,4.154482e-002
1.276666e+003,4.138082e-002
1.278594e+003,4.118908e-002
1.280523e+003,4.096389e-002
1.282452e+003,4.074264e-002
1.284380e+003,4.054521e-002
1.286308e+003,4.036642e-002
1.288237e+003,4.018894e-002
1.290166e+003,3.999529e-002
1.292094e+003,3.984113e-002
1.294022e+003,3.978895e-002
1.295951e+003,3.977374e-002
1.297880e+003,3.969640e-002
1.299808e+003,3.954594e-002
1.301736e+003,3.938048e-002
1.303665e+003,3.925435e-002
1.305594e+003,3.916764e-002
1.307522e+003,3.908972e-002
1.309450e+003,3.900526e-002
1.311379e+003,3.892639e-002
1.313307e+003,3.887674e-002
1.315236e+003,3.883428e-002
1.317164e+003,3.877297e-002
1.319093e+003,3.874450e-002
1.321021e+003,3.876048e-002
1.322950e+003,3.877131e-002
1.324878e+003,3.877149e-002
1.326807e+003,3.877163e-002
1.328735e+003,3.878333e-002
1.330664e+003,3.883130e-002
1.332592e+003,3.891465e-002
1.334521e+003,3.898239e-002
1.336449e+003,3.901095e-002
1.338378e+003,3.904267e-002
1.340307e+003,3.909371e-002
1.342235e+003,3.914781e-002
1.344163e+003,3.922392e-002
1.346092e+003,3.931554e-002
1.348021e+003,3.938501e-002
1.349949e+003,3.944531e-002
1.351877e+003,3.951523e-002
1.353806e+003,3.954950e-002
1.355734e+003,3.952279e-002
1.357663e+003,3.946944e-002
1.359591e+003,3.942779e-002
1.361520e+003,3.942361e-002
1.363448e+003,3.941908e-002
1.365377e+003,3.933778e-002
1.367305e+003,3.918142e-002
1.369234e+003,3.901070e-002
1.371162e+003,3.885848e-002
1.373091e+003,3.864543e-002
1.375019e+003,3.826705e-002
1.376948e+003,3.767747e-002
1.378876e+003,3.686822e-002
1.380805e+003,3.607397e-002
1.382733e+003,3.569703e-002
1.384662e+003,3.579488e-002
1.386590e+003,3.610043e-002
1.388519e+003,3.631353e-002
1.390447e+003,3.633248e-002
1.392376e+003,3.624891e-002
1.394304e+003,3.613251e-002
1.396233e+003,3.600193e-002
1.398161e+003,3.583238e-002
1.400090e+003,3.560743e-002
1.402018e+003,3.538296e-002
1.403947e+003,3.518404e-002
1.405875e+003,3.497882e-002
1.407804e+003,3.476170e-002
1.409732e+003,3.454922e-002
1.411661e+003,3.431784e-002
1.413589e+003,3.406629e-002
1.415518e+003,3.384684e-002
1.417446e+003,3.363982e-002
1.419375e+003,3.336354e-002
1.421303e+003,3.307247e-002
1.423232e+003,3.282718e-002
1.425160e+003,3.261743e-002
1.427089e+003,3.239024e-002
1.429017e+003,3.209389e-002
1.430946e+003,3.179204e-002
1.432874e+003,3.159387e-002
1.434803e+003,3.155432e-002
1.436731e+003,3.171612e-002
1.438660e+003,3.187907e-002
1.440588e+003,3.186934e-002
1.442517e+003,3.173615e-002
1.444445e+003,3.153829e-002
1.446374e+003,3.132221e-002
1.448302e+003,3.112169e-002
1.450231e+003,3.094432e-002
1.452159e+003,3.075713e-002
1.454088e+003,3.052015e-002
1.456016e+003,3.015748e-002
1.457945e+003,2.966309e-002
1.459873e+003,2.926650e-002
1.461802e+003,2.885594e-002
1.463730e+003,2.818596e-002
1.465659e+003,2.726369e-002
1.467587e+003,2.655576e-002
1.469516e+003,2.629181e-002
1.471444e+003,2.655481e-002
1.473373e+003,2.720785e-002
1.475301e+003,2.763045e-002
1.477230e+003,2.779192e-002
1.479158e+003,2.785819e-002
1.481087e+003,2.789487e-002
1.483015e+003,2.792083e-002
1.484944e+003,2.793465e-002
1.486872e+003,2.797730e-002
1.488801e+003,2.809726e-002
1.490729e+003,2.827563e-002
1.492658e+003,2.840915e-002
1.494586e+003,2.849844e-002
1.496515e+003,2.860796e-002
1.498443e+003,2.876239e-002
1.500372e+003,2.893225e-002
1.502300e+003,2.904425e-002
1.504229e+003,2.904645e-002
1.506157e+003,2.907238e-002
1.508086e+003,2.943000e-002
1.510014e+003,2.976417e-002
1.511943e+003,2.995118e-002
1.513871e+003,3.006632e-002
1.515800e+003,3.016867e-002
1.517728e+003,3.030461e-002
1.519657e+003,3.047028e-002
1.521585e+003,3.076296e-002
1.523514e+003,3.112436e-002
1.525442e+003,3.146187e-002
1.527371e+003,3.183839e-002
1.529299e+003,3.215694e-002
1.531228e+003,3.242234e-002
1.533156e+003,3.283150e-002
1.535085e+003,3.327318e-002
1.537013e+003,3.350554e-002
1.538942e+003,3.379336e-002
1.540870e+003,3.458377e-002
1.542799e+003,3.542480e-002
1.544727e+003,3.603807e-002
1.546656e+003,3.648936e-002
1.548584e+003,3.691782e-002
1.550513e+003,3.740967e-002
1.552441e+003,3.786525e-002
1.554370e+003,3.828453e-002
1.556298e+003,3.873359e-002
1.558227e+003,3.962314e-002
1.560155e+003,4.061102e-002
1.562084e+003,4.085929e-002
1.564012e+003,4.105365e-002
1.565941e+003,4.134692e-002
1.567869e+003,4.165465e-002
1.569798e+003,4.204176e-002
1.571726e+003,4.232084e-002
1.573655e+003,4.240603e-002
1.575583e+003,4.251034e-002
1.577512e+003,4.267086e-002
1.579440e+003,4.271707e-002
1.581369e+003,4.268058e-002
1.583297e+003,4.261036e-002
1.585226e+003,4.249630e-002
1.587154e+003,4.232486e-002
1.589083e+003,4.211255e-002
1.591011e+003,4.187936e-002
1.592940e+003,4.162741e-002
1.594868e+003,4.133657e-002
1.596797e+003,4.099833e-002
1.598725e+003,4.065279e-002
1.600654e+003,4.029905e-002
1.602582e+003,3.988879e-002
1.604511e+003,3.944575e-002
1.606439e+003,3.901628e-002
1.608368e+003,3.857518e-002
1.610296e+003,3.811007e-002
1.612225e+003,3.766464e-002
1.614153e+003,3.724563e-002
1.616082e+003,3.677621e-002
1.618010e+003,3.624585e-002
1.619939e+003,3.575066e-002
1.621867e+003,3.523535e-002
1.623796e+003,3.468461e-002
1.625724e+003,3.419350e-002
1.627653e+003,3.370341e-002
1.629581e+003,3.317628e-002
1.631510e+003,3.268140e-002
1.633438e+003,3.222295e-002
1.635367e+003,3.171850e-002
1.637295e+003,3.118933e-002
1.639224e+003,3.076342e-002
1.641152e+003,3.039995e-002
1.643081e+003,3.006777e-002
1.645009e+003,2.971872e-002
1.646938e+003,2.932609e-002
1.648866e+003,2.903533e-002
1.650795e+003,2.880109e-002
1.652723e+003,2.846331e-002
1.654652e+003,2.810182e-002
1.656580e+003,2.786600e-002
1.658509e+003,2.768116e-002
1.660437e+003,2.750868e-002
1.662366e+003,2.733235e-002
1.664294e+003,2.717056e-002
1.666223e+003,2.701701e-002
1.668151e+003,2.686672e-002
1.670080e+003,2.676842e-002
1.672008e+003,2.671021e-002
1.673937e+003,2.666567e-002
1.675865e+003,2.667022e-002
1.677794e+003,2.668146e-002
1.679722e+003,2.667247e-002
1.681651e+003,2.667032e-002
1.683579e+003,2.679834e-002
1.685508e+003,2.708979e-002
1.687436e+003,2.729358e-002
1.689365e+003,2.744843e-002
1.691293e+003,2.755087e-002
1.693222e+003,2.756368e-002
1.695150e+003,2.758458e-002
1.697079e+003,2.768903e-002
1.699007e+003,2.776945e-002
1.700936e+003,2.774703e-002
1.702864e+003,2.762480e-002
1.704793e+003,2.748182e-002
1.706721e+003,2.733412e-002
1.708650e+003,2.710834e-002
1.710578e+003,2.680574e-002
1.712507e+003,2.647659e-002
1.714435e+003,2.609683e-002
1.716364e+003,2.557418e-002
1.718292e+003,2.497254e-002
1.720221e+003,2.445075e-002
1.722149e+003,2.392940e-002
1.724078e+003,2.337088e-002
1.726006e+003,2.280390e-002
1.727935e+003,2.219440e-002
1.729863e+003,2.154367e-002
1.731792e+003,2.088038e-002
1.733720e+003,2.010371e-002
1.735649e+003,1.945052e-002
1.737577e+003,1.905318e-002
1.739506e+003,1.873240e-002
1.741434e+003,1.850590e-002
1.743363e+003,1.840689e-002
1.745291e+003,1.841708e-002
1.747220e+003,1.846521e-002
1.749148e+003,1.844879e-002
1.751077e+003,1.837488e-002
1.753005e+003,1.829072e-002
1.754934e+003,1.818598e-002
1.756862e+003,1.807419e-002
1.758791e+003,1.799796e-002
1.760719e+003,1.794657e-002
1.762648e+003,1.786063e-002
1.764576e+003,1.772090e-002
1.766505e+003,1.754274e-002
1.768433e+003,1.731868e-002
1.770362e+003,1.703120e-002
1.772290e+003,1.669652e-002
1.774219e+003,1.640171e-002
1.776147e+003,1.613495e-002
1.778076e+003,1.584350e-002
1.780004e+003,1.553158e-002
1.781933e+003,1.524150e-002
1.783861e+003,1.498501e-002
1.785790e+003,1.474874e-002
1.787718e+003,1.455127e-002
1.789647e+003,1.439153e-002
1.791575e+003,1.425568e-002
1.793504e+003,1.414431e-002
1.795432e+003,1.404430e-002
1.797361e+003,1.394595e-002
1.799289e+003,1.384465e-002
1.801218e+003,1.374352e-002
1.803146e+003,1.366668e-002
1.805075e+003,1.361594e-002
1.807003e+003,1.357214e-002
1.808932e+003,1.351823e-002
1.810860e+003,1.345411e-002
1.812789e+003,1.339568e-002
1.814717e+003,1.334924e-002
1.816646e+003,1.332877e-002
1.818574e+003,1.335406e-002
1.820503e+003,1.340442e-002
1.822431e+003,1.344960e-002
1.824360e+003,1.350012e-002
1.826288e+003,1.356486e-002
1.828217e+003,1.361990e-002
1.830145e+003,1.365047e-002
1.832074e+003,1.365204e-002
1.834002e+003,1.363765e-002
1.835931e+003,1.362602e-002
1.837859e+003,1.363672e-002
1.839788e+003,1.367724e-002
1.841716e+003,1.372549e-002
1.843645e+003,1.375217e-002
1.845573e+003,1.374731e-002
1.847502e+003,1.373288e-002
1.849430e+003,1.372990e-002
1.851359e+003,1.374988e-002
1.853287e+003,1.378767e-002
1.855216e+003,1.382286e-002
1.857144e+003,1.383545e-002
1.859073e+003,1.382738e-002
1.861001e+003,1.383675e-002
1.862930e+003,1.387958e-002
1.864858e+003,1.392584e-002
1.866786e+003,1.396344e-002
1.868715e+003,1.401114e-002
1.870644e+003,1.406928e-002
1.872572e+003,1.412148e-002
1.874500e+003,1.416629e-002
1.876429e+003,1.419296e-002
1.878358e+003,1.420436e-002
1.880286e+003,1.422185e-002
1.882215e+003,1.423959e-002
1.884143e+003,1.425934e-002
1.886072e+003,1.429536e-002
1.888000e+003,1.434235e-002
1.889929e+003,1.439889e-002
1.891857e+003,1.444924e-002
1.893786e+003,1.446723e-002
1.895714e+003,1.446521e-002
1.897643e+003,1.446339e-002
1.899571e+003,1.447394e-002
1.901500e+003,1.451163e-002
1.903428e+003,1.456100e-002
1.905357e+003,1.458577e-002
1.907285e+003,1.458207e-002
1.909214e+003,1.459756e-002
1.911142e+003,1.465057e-002
1.913071e+003,1.469026e-002
1.914999e+003,1.470363e-002
1.916927e+003,1.472622e-002
1.918856e+003,1.473986e-002
1.920785e+003,1.472371e-002
1.922713e+003,1.474281e-002
1.924641e+003,1.480760e-002
1.926570e+003,1.484308e-002
1.928499e+003,1.483115e-002
1.930427e+003,1.481685e-002
1.932355e+003,1.482741e-002
1.934284e+003,1.485402e-002
1.936213e+003,1.487716e-002
1.938141e+003,1.488752e-002
1.940069e+003,1.490093e-002
1.941998e+003,1.492586e-002
1.943927e+003,1.495768e-002
1.945855e+003,1.499431e-002
1.947783e+003,1.501942e-002
1.949712e+003,1.502377e-002
1.951641e+003,1.501101e-002
1.953569e+003,1.499304e-002
1.955497e+003,1.500508e-002
1.957426e+003,1.504861e-002
1.959354e+003,1.508133e-002
1.961283e+003,1.509306e-002
1.963211e+003,1.508939e-002
1.965140e+003,1.506909e-002
1.967068e+003,1.504837e-002
1.968997e+003,1.505152e-002
1.970925e+003,1.508987e-002
1.972854e+003,1.513646e-002
1.974782e+003,1.514803e-002
1.976711e+003,1.512926e-002
1.978640e+003,1.510068e-002
1.980568e+003,1.508291e-002
1.982496e+003,1.511011e-002
1.984425e+003,1.514343e-002
1.986354e+003,1.511382e-002
1.988282e+003,1.506253e-002
1.990210e+003,1.505523e-002
1.992139e+003,1.508167e-002
1.994068e+003,1.509320e-002
1.995996e+003,1.507210e-002
1.997924e+003,1.505924e-002
1.999853e+003,1.507310e-002
2.001781e+003,1.507615e-002
2.003710e+003,1.504737e-002
2.005638e+003,1.501074e-002
2.007567e+003,1.499074e-002
2.009495e+003,1.498999e-002
2.011424e+003,1.499784e-002
2.013352e+003,1.499873e-002
2.015281e+003,1.499716e-002
2.017209e+003,1.500446e-002
2.019138e+003,1.500926e-002
2.021066e+003,1.500919e-002
2.022995e+003,1.501715e-002
2.024923e+003,1.503664e-002
2.026852e+003,1.505615e-002
2.028780e+003,1.506771e-002
2.030709e+003,1.509557e-002
2.032637e+003,1.513873e-002
2.034566e+003,1.516347e-002
2.036494e+003,1.519431e-002
2.038423e+003,1.525739e-002
2.040351e+003,1.532335e-002
2.042280e+003,1.536636e-002
2.044208e+003,1.539293e-002
2.046137e+003,1.543296e-002
2.048065e+003,1.548982e-002
2.049994e+003,1.553844e-002
2.051922e+003,1.558543e-002
2.053851e+003,1.565017e-002
2.055779e+003,1.570005e-002
2.057708e+003,1.569479e-002
2.059636e+003,1.566353e-002
2.061565e+003,1.564704e-002
2.063493e+003,1.563605e-002
2.065422e+003,1.562705e-002
2.067350e+003,1.564687e-002
2.069279e+003,1.569778e-002
2.071207e+003,1.575093e-002
2.073136e+003,1.579192e-002
2.075064e+003,1.583316e-002
2.076993e+003,1.587202e-002
2.078921e+003,1.588110e-002
2.080850e+003,1.587017e-002
2.082778e+003,1.587340e-002
2.084707e+003,1.588845e-002
2.086635e+003,1.592471e-002
2.088564e+003,1.600113e-002
2.090492e+003,1.607288e-002
2.092421e+003,1.609103e-002
2.094349e+003,1.608182e-002
2.096278e+003,1.608017e-002
2.098206e+003,1.608942e-002
2.100135e+003,1.610317e-002
2.102063e+003,1.609805e-002
2.103992e+003,1.606624e-002
2.105920e+003,1.603086e-002
2.107849e+003,1.601942e-002
2.109777e+003,1.605514e-002
2.111706e+003,1.613343e-002
2.113634e+003,1.620840e-002
2.115563e+003,1.624256e-002
2.117491e+003,1.623506e-002
2.119420e+003,1.620541e-002
2.121348e+003,1.618323e-002
2.123277e+003,1.618650e-002
2.125205e+003,1.620902e-002
2.127134e+003,1.624524e-002
2.129062e+003,1.628301e-002
2.130991e+003,1.631053e-002
2.132919e+003,1.634046e-002
2.134848e+003,1.636424e-002
2.136776e+003,1.636548e-002
2.138705e+003,1.637184e-002
2.140633e+003,1.640542e-002
2.142562e+003,1.646007e-002
2.144490e+003,1.651882e-002
2.146419e+003,1.654694e-002
2.148347e+003,1.652870e-002
2.150276e+003,1.648192e-002
2.152204e+003,1.644352e-002
2.154133e+003,1.644138e-002
2.156061e+003,1.647246e-002
2.157990e+003,1.650402e-002
2.159918e+003,1.650839e-002
2.161847e+003,1.651070e-002
2.163775e+003,1.654601e-002
2.165704e+003,1.661128e-002
2.167632e+003,1.666588e-002
2.169561e+003,1.666151e-002
2.171489e+003,1.661365e-002
2.173418e+003,1.659138e-002
2.175346e+003,1.660969e-002
2.177275e+003,1.663283e-002
2.179203e+003,1.666378e-002
2.181132e+003,1.671188e-002
2.183060e+003,1.674301e-002
2.184989e+003,1.674914e-002
2.186917e+003,1.675038e-002
2.188846e+003,1.674077e-002
2.190774e+003,1.672466e-002
2.192703e+003,1.672524e-002
2.194631e+003,1.674253e-002
2.196560e+003,1.675957e-002
2.198488e+003,1.676433e-002
2.200417e+003,1.675241e-002
2.202345e+003,1.672407e-002
2.204274e+003,1.669859e-002
2.206202e+003,1.670148e-002
2.208131e+003,1.672173e-002
2.210059e+003,1.673840e-002
2.211988e+003,1.676071e-002
2.213916e+003,1.678013e-002
2.215845e+003,1.676760e-002
2.217773e+003,1.673588e-002
2.219702e+003,1.672455e-002
2.221630e+003,1.674067e-002
2.223559e+003,1.674639e-002
2.225487e+003,1.672046e-002
2.227416e+003,1.668303e-002
2.229344e+003,1.666123e-002
2.231273e+003,1.667989e-002
2.233201e+003,1.672762e-002
2.235130e+003,1.675678e-002
2.237058e+003,1.675844e-002
2.238987e+003,1.677452e-002
2.240915e+003,1.681058e-002
2.242844e+003,1.683455e-002
2.244772e+003,1.682790e-002
2.246701e+003,1.681003e-002
2.248629e+003,1.682932e-002
2.250558e+003,1.687272e-002
2.252486e+003,1.687771e-002
2.254415e+003,1.685239e-002
2.256343e+003,1.685742e-002
2.258272e+003,1.689910e-002
2.260200e+003,1.693183e-002
2.262129e+003,1.693469e-002
2.264057e+003,1.694289e-002
2.265986e+003,1.698802e-002
2.267914e+003,1.703165e-002
2.269843e+003,1.703075e-002
2.271771e+003,1.700074e-002
2.273700e+003,1.696680e-002
2.275628e+003,1.695161e-002
2.277557e+003,1.696739e-002
2.279485e+003,1.699423e-002
2.281414e+003,1.701562e-002
2.283342e+003,1.704271e-002
2.285271e+003,1.708368e-002
2.287199e+003,1.711898e-002
2.289128e+003,1.713818e-002
2.291056e+003,1.714200e-002
2.292985e+003,1.713145e-002
2.294913e+003,1.713180e-002
2.296842e+003,1.716258e-002
2.298770e+003,1.720963e-002
2.300699e+003,1.725724e-002
2.302627e+003,1.731251e-002
2.304556e+003,1.737383e-002
2.306484e+003,1.741428e-002
2.308413e+003,1.741700e-002
2.310341e+003,1.741245e-002
2.312270e+003,1.745039e-002
2.314198e+003,1.752704e-002
2.316127e+003,1.761495e-002
2.318055e+003,1.770409e-002
2.319984e+003,1.777236e-002
2.321912e+003,1.780005e-002
2.323841e+003,1.779211e-002
2.325769e+003,1.778358e-002
2.327698e+003,1.783139e-002
2.329626e+003,1.792769e-002
2.331555e+003,1.799806e-002
2.333483e+003,1.798163e-002
2.335412e+003,1.790690e-002
2.337340e+003,1.793345e-002
2.339269e+003,1.809277e-002
2.341197e+003,1.820073e-002
2.343126e+003,1.816256e-002
2.345054e+003,1.802628e-002
2.346983e+003,1.790269e-002
2.348911e+003,1.786571e-002
2.350840e+003,1.792416e-002
2.352768e+003,1.810897e-002
2.354697e+003,1.837809e-002
2.356625e+003,1.853239e-002
2.358554e+003,1.851610e-002
2.360482e+003,1.843911e-002
2.362411e+003,1.838957e-002
2.364339e+003,1.837675e-002
2.366268e+003,1.826715e-002
2.368196e+003,1.807443e-002
2.370125e+003,1.794954e-002
2.372053e+003,1.789730e-002
2.373982e+003,1.783995e-002
2.375910e+003,1.774219e-002
2.377839e+003,1.761647e-002
2.379767e+003,1.749927e-002
2.381696e+003,1.741321e-002
2.383624e+003,1.735527e-002
2.385553e+003,1.732093e-002
2.387481e+003,1.731231e-002
2.389410e+003,1.731372e-002
2.391338e+003,1.730517e-002
2.393267e+003,1.731310e-002
2.395195e+003,1.736079e-002
2.397124e+003,1.742552e-002
2.399052e+003,1.747161e-002
2.400981e+003,1.747109e-002
2.402909e+003,1.743698e-002
2.404838e+003,1.741183e-002
2.406766e+003,1.741800e-002
2.408695e+003,1.743560e-002
2.410623e+003,1.743339e-002
2.412552e+003,1.742611e-002
2.414480e+003,1.743025e-002
2.416409e+003,1.742991e-002
2.418337e+003,1.743339e-002
2.420266e+003,1.746174e-002
2.422194e+003,1.749703e-002
2.424123e+003,1.752632e-002
2.426051e+003,1.756741e-002
2.427980e+003,1.761457e-002
2.429908e+003,1.764087e-002
2.431837e+003,1.764221e-002
2.433765e+003,1.764125e-002
2.435694e+003,1.764542e-002
2.437622e+003,1.764170e-002
2.439551e+003,1.763145e-002
2.441479e+003,1.761795e-002
2.443408e+003,1.760512e-002
2.445336e+003,1.760377e-002
2.447265e+003,1.762900e-002
2.449193e+003,1.767058e-002
2.451122e+003,1.768991e-002
2.453050e+003,1.768362e-002
2.454979e+003,1.768897e-002
2.456907e+003,1.772048e-002
2.458836e+003,1.777636e-002
2.460764e+003,1.783995e-002
2.462693e+003,1.785946e-002
2.464621e+003,1.783453e-002
2.466550e+003,1.782763e-002
2.468478e+003,1.785186e-002
2.470406e+003,1.787803e-002
2.472335e+003,1.788494e-002
2.474264e+003,1.786288e-002
2.476192e+003,1.782766e-002
2.478121e+003,1.779442e-002
2.480049e+003,1.778544e-002
2.481978e+003,1.782221e-002
2.483906e+003,1.786049e-002
2.485834e+003,1.785739e-002
2.487763e+003,1.784140e-002
2.489692e+003,1.785877e-002
2.491620e+003,1.789875e-002
2.493549e+003,1.791470e-002
2.495477e+003,1.791101e-002
2.497406e+003,1.792337e-002
2.499334e+003,1.794682e-002
2.501262e+003,1.797102e-002
2.503191e+003,1.799841e-002
2.505120e+003,1.800362e-002
2.507048e+003,1.797506e-002
2.508977e+003,1.794685e-002
2.510905e+003,1.793428e-002
2.512833e+003,1.791898e-002
2.514762e+003,1.791273e-002
2.516690e+003,1.793960e-002
2.518619e+003,1.798194e-002
2.520548e+003,1.800100e-002
2.522476e+003,1.798121e-002
2.524405e+003,1.794792e-002
2.526333e+003,1.793701e-002
2.528261e+003,1.793635e-002
2.530190e+003,1.791974e-002
2.532119e+003,1.790914e-002
2.534047e+003,1.795144e-002
2.535976e+003,1.803478e-002
2.537904e+003,1.808241e-002
2.539833e+003,1.807982e-002
2.541761e+003,1.807187e-002
2.543689e+003,1.807177e-002
2.545618e+003,1.807464e-002
2.547547e+003,1.807630e-002
2.549475e+003,1.807305e-002
2.551404e+003,1.808320e-002
2.553332e+003,1.811378e-002
2.555260e+003,1.813139e-002
2.557189e+003,1.812880e-002
2.559117e+003,1.813357e-002
2.561046e+003,1.814387e-002
2.562975e+003,1.814179e-002
2.564903e+003,1.812037e-002
2.566832e+003,1.809160e-002
2.568760e+003,1.808441e-002
2.570688e+003,1.809823e-002
2.572617e+003,1.811775e-002
2.574545e+003,1.814777e-002
2.576474e+003,1.818878e-002
2.578403e+003,1.822592e-002
2.580331e+003,1.823315e-002
2.582260e+003,1.819224e-002
2.584188e+003,1.813595e-002
2.586116e+003,1.812117e-002
2.588045e+003,1.814445e-002
2.589973e+003,1.815706e-002
2.591902e+003,1.814470e-002
2.593831e+003,1.812963e-002
2.595759e+003,1.813727e-002
2.597688e+003,1.816290e-002
2.599616e+003,1.818619e-002
2.601544e+003,1.821542e-002
2.603473e+003,1.825367e-002
2.605401e+003,1.827855e-002
2.607330e+003,1.827375e-002
2.609259e+003,1.824849e-002
2.611187e+003,1.823366e-002
2.613115e+003,1.824752e-002
2.615044e+003,1.827182e-002
2.616972e+003,1.827022e-002
2.618901e+003,1.824431e-002
2.620830e+003,1.824963e-002
2.622758e+003,1.828954e-002
2.624687e+003,1.828367e-002
2.626615e+003,1.822606e-002
2.628543e+003,1.820388e-002
2.630472e+003,1.823605e-002
2.632400e+003,1.827949e-002
2.634329e+003,1.830565e-002
2.636258e+003,1.829110e-002
2.638186e+003,1.825066e-002
2.640115e+003,1.823346e-002
2.642043e+003,1.824548e-002
2.643971e+003,1.824261e-002
2.645900e+003,1.822153e-002
2.647828e+003,1.824137e-002
2.649757e+003,1.831536e-002
2.651686e+003,1.837471e-002
2.653614e+003,1.837073e-002
2.655542e+003,1.834612e-002
2.657471e+003,1.835483e-002
2.659399e+003,1.838279e-002
2.661328e+003,1.841256e-002
2.663256e+003,1.841985e-002
2.665185e+003,1.837152e-002
2.667114e+003,1.832110e-002
2.669042e+003,1.831512e-002
2.670970e+003,1.832003e-002
2.672899e+003,1.832514e-002
2.674827e+003,1.832638e-002
2.676756e+003,1.830786e-002
2.678684e+003,1.829645e-002
2.680613e+003,1.830758e-002
2.682542e+003,1.831253e-002
2.684470e+003,1.829082e-002
2.686398e+003,1.825073e-002
2.688327e+003,1.822617e-002
2.690255e+003,1.823622e-002
2.692184e+003,1.824949e-002
2.694112e+003,1.824044e-002
2.696041e+003,1.823107e-002
2.697969e+003,1.824704e-002
2.699898e+003,1.828228e-002
2.701826e+003,1.831353e-002
2.703755e+003,1.831280e-002
2.705683e+003,1.828170e-002
2.707612e+003,1.826587e-002
2.709540e+003,1.829355e-002
2.711469e+003,1.834298e-002
2.713397e+003,1.837540e-002
2.715326e+003,1.836606e-002
2.717254e+003,1.831598e-002
2.719183e+003,1.828802e-002
2.721111e+003,1.834211e-002
2.723040e+003,1.840830e-002
2.724969e+003,1.841235e-002
2.726897e+003,1.840419e-002
2.728825e+003,1.841995e-002
2.730754e+003,1.843174e-002
2.732682e+003,1.843496e-002
2.734611e+003,1.842607e-002
2.736539e+003,1.840830e-002
2.738468e+003,1.840668e-002
2.740396e+003,1.839901e-002
2.742325e+003,1.836672e-002
2.744253e+003,1.835898e-002
2.746182e+003,1.838480e-002
2.748110e+003,1.839441e-002
2.750039e+003,1.838158e-002
2.751967e+003,1.837491e-002
2.753896e+003,1.837360e-002
2.755824e+003,1.835528e-002
2.757753e+003,1.834674e-002
2.759681e+003,1.835856e-002
2.761610e+003,1.834892e-002
2.763538e+003,1.832922e-002
2.765467e+003,1.832341e-002
2.767395e+003,1.831249e-002
2.769324e+003,1.827420e-002
2.771252e+003,1.820723e-002
2.773181e+003,1.813968e-002
2.775109e+003,1.809319e-002
2.777038e+003,1.804707e-002
2.778966e+003,1.797016e-002
2.780895e+003,1.789965e-002
2.782823e+003,1.788004e-002
2.784752e+003,1.786809e-002
2.786680e+003,1.782714e-002
2.788609e+003,1.779853e-002
2.790537e+003,1.782559e-002
2.792466e+003,1.789568e-002
2.794394e+003,1.798632e-002
2.796323e+003,1.808438e-002
2.798251e+003,1.815506e-002
2.800180e+003,1.817596e-002
2.802108e+003,1.816536e-002
2.804037e+003,1.814107e-002
2.805965e+003,1.811612e-002
2.807894e+003,1.812369e-002
2.809822e+003,1.817897e-002
2.811751e+003,1.823418e-002
2.813679e+003,1.825727e-002
2.815608e+003,1.827797e-002
2.817536e+003,1.831736e-002
2.819465e+003,1.836126e-002
2.821393e+003,1.838936e-002
2.823322e+003,1.839769e-002
2.825250e+003,1.838086e-002
2.827179e+003,1.834450e-002
2.829107e+003,1.833022e-002
2.831036e+003,1.835829e-002
2.832964e+003,1.839600e-002
2.834893e+003,1.841211e-002
2.836821e+003,1.840741e-002
2.838750e+003,1.839413e-002
2.840678e+003,1.839475e-002
2.842607e+003,1.840910e-002
2.844535e+003,1.838217e-002
2.846464e+003,1.830337e-002
2.848392e+003,1.824313e-002
2.850321e+003,1.821998e-002
2.852249e+003,1.817914e-002
2.854178e+003,1.810086e-002
2.856106e+003,1.801233e-002
2.858035e+003,1.794281e-002
2.859963e+003,1.790113e-002
2.861892e+003,1.786985e-002
2.863820e+003,1.783588e-002
2.865749e+003,1.781665e-002
2.867677e+003,1.782276e-002
2.869606e+003,1.781206e-002
2.871534e+003,1.774972e-002
2.873463e+003,1.764384e-002
2.875391e+003,1.751524e-002
2.877320e+003,1.740376e-002
2.879248e+003,1.731906e-002
2.881177e+003,1.723625e-002
2.883105e+003,1.713121e-002
2.885034e+003,1.698685e-002
2.886962e+003,1.683231e-002
2.888891e+003,1.670234e-002
2.890819e+003,1.659107e-002
2.892748e+003,1.646995e-002
2.894676e+003,1.631597e-002
2.896605e+003,1.612679e-002
2.898533e+003,1.591299e-002
2.900462e+003,1.571692e-002
2.902390e+003,1.555263e-002
2.904319e+003,1.535950e-002
2.906247e+003,1.512566e-002
2.908176e+003,1.489990e-002
2.910104e+003,1.467950e-002
2.912033e+003,1.446510e-002
2.913961e+003,1.432684e-002
2.915890e+003,1.427906e-002
2.917818e+003,1.425130e-002
2.919747e+003,1.425715e-002
2.921675e+003,1.439735e-002
2.923604e+003,1.470719e-002
2.925532e+003,1.514809e-002
2.927461e+003,1.564955e-002
2.929389e+003,1.611593e-002
2.931318e+003,1.649562e-002
2.933246e+003,1.678709e-002
2.935175e+003,1.698389e-002
2.937103e+003,1.709613e-002
2.939032e+003,1.717027e-002
2.940960e+003,1.723297e-002
2.942889e+003,1.726390e-002
2.944817e+003,1.725986e-002
2.946746e+003,1.727069e-002
2.948674e+003,1.730962e-002
2.950603e+003,1.732313e-002
2.952531e+003,1.729334e-002
2.954460e+003,1.724207e-002
2.956388e+003,1.716896e-002
2.958317e+003,1.706732e-002
2.960245e+003,1.695743e-002
2.962174e+003,1.687671e-002
2.964102e+003,1.680572e-002
2.966031e+003,1.667900e-002
2.967959e+003,1.651527e-002
2.969888e+003,1.638254e-002
2.971816e+003,1.626237e-002
2.973745e+003,1.612009e-002
2.975673e+003,1.602509e-002
2.977602e+003,1.603100e-002
2.979530e+003,1.608502e-002
2.981459e+003,1.616531e-002
2.983387e+003,1.630231e-002
2.985316e+003,1.650392e-002
2.987244e+003,1.673320e-002
2.989173e+003,1.693648e-002
2.991101e+003,1.712721e-002
2.993030e+003,1.733741e-002
2.994958e+003,1.754212e-002
2.996887e+003,1.771151e-002
2.998815e+003,1.788901e-002
3.000744e+003,1.814532e-002
3.002672e+003,1.844571e-002
3.004601e+003,1.870912e-002
3.006529e+003,1.893472e-002
3.008458e+003,1.914871e-002
3.010386e+003,1.932631e-002
3.012315e+003,1.944307e-002
3.014243e+003,1.955754e-002
3.016172e+003,1.972959e-002
3.018100e+003,1.990213e-002
3.020029e+003,2.000065e-002
3.021957e+003,2.003577e-002
3.023886e+003,2.003663e-002
3.025814e+003,2.001672e-002
3.027743e+003,2.001894e-002
3.029671e+003,2.010062e-002
3.031600e+003,2.024078e-002
3.033528e+003,2.033157e-002
3.035457e+003,2.033733e-002
3.037385e+003,2.034028e-002
3.039314e+003,2.038338e-002
3.041242e+003,2.043352e-002
3.043171e+003,2.046808e-002
3.045099e+003,2.046687e-002
3.047028e+003,2.042425e-002
3.048956e+003,2.039036e-002
3.050885e+003,2.039143e-002
3.052813e+003,2.040581e-002
3.054742e+003,2.042168e-002
3.056670e+003,2.044168e-002
3.058599e+003,2.047642e-002
3.060527e+003,2.050282e-002
3.062456e+003,2.050987e-002
3.064384e+003,2.054787e-002
3.066313e+003,2.059036e-002
3.068241e+003,2.055819e-002
3.070170e+003,2.046971e-002
3.072098e+003,2.042060e-002
3.074027e+003,2.047096e-002
3.075955e+003,2.055343e-002
3.077884e+003,2.060447e-002
3.079812e+003,2.065360e-002
3.081741e+003,2.067980e-002
3.083669e+003,2.064366e-002
3.085598e+003,2.060850e-002
3.087526e+003,2.061513e-002
3.089455e+003,2.062003e-002
3.091383e+003,2.061583e-002
3.093312e+003,2.061256e-002
3.095240e+003,2.058563e-002
3.097169e+003,2.053863e-002
3.099097e+003,2.052963e-002
3.101026e+003,2.056385e-002
3.102954e+003,2.058602e-002
3.104883e+003,2.061735e-002
3.106811e+003,2.067865e-002
3.108740e+003,2.071528e-002
3.110668e+003,2.070471e-002
3.112597e+003,2.066791e-002
3.114525e+003,2.063855e-002
3.116454e+003,2.065071e-002
3.118382e+003,2.068636e-002
3.120311e+003,2.070304e-002
3.122239e+003,2.069391e-002
3.124167e+003,2.069245e-002
3.126096e+003,2.072306e-002
3.128025e+003,2.075239e-002
3.129953e+003,2.077436e-002
3.131882e+003,2.081743e-002
3.133810e+003,2.084715e-002
3.135739e+003,2.083867e-002
3.137667e+003,2.083554e-002
3.139595e+003,2.086272e-002
3.141524e+003,2.089892e-002
3.143453e+003,2.092103e-002
3.145381e+003,2.091811e-002
3.147310e+003,2.089554e-002
3.149238e+003,2.089471e-002
3.151167e+003,2.092141e-002
3.153095e+003,2.093570e-002
3.155023e+003,2.095260e-002
3.156952e+003,2.099499e-002
3.158881e+003,2.102271e-002
3.160809e+003,2.100824e-002
3.162738e+003,2.098591e-002
3.164666e+003,2.099979e-002
3.166594e+003,2.102305e-002
3.168523e+003,2.098584e-002
3.170452e+003,2.090907e-002
3.172380e+003,2.088417e-002
3.174309e+003,2.093202e-002
3.176237e+003,2.098929e-002
3.178166e+003,2.100462e-002
3.180094e+003,2.100928e-002
3.182022e+003,2.106075e-002
3.183951e+003,2.113109e-002
3.185880e+003,2.115286e-002
3.187808e+003,2.110197e-002
3.189737e+003,2.103540e-002
3.191665e+003,2.103199e-002
3.193594e+003,2.107321e-002
3.195522e+003,2.113498e-002
3.197450e+003,2.119346e-002
3.199379e+003,2.117349e-002
3.201308e+003,2.111425e-002
3.203236e+003,2.113213e-002
3.205165e+003,2.121340e-002
3.207093e+003,2.125463e-002
3.209021e+003,2.123138e-002
3.210950e+003,2.118755e-002
3.212878e+003,2.117864e-002
3.214807e+003,2.123191e-002
3.216736e+003,2.128434e-002
3.218664e+003,2.128598e-002
3.220593e+003,2.127304e-002
3.222521e+003,2.126750e-002
3.224449e+003,2.124589e-002
3.226378e+003,2.119739e-002
3.228306e+003,2.114316e-002
3.230235e+003,2.112006e-002
3.232164e+003,2.114872e-002
3.234092e+003,2.120466e-002
3.236021e+003,2.123980e-002
3.237949e+003,2.122557e-002
3.239877e+003,2.117822e-002
3.241806e+003,2.114156e-002
3.243734e+003,2.113721e-002
3.245663e+003,2.114768e-002
3.247592e+003,2.114389e-002
3.249520e+003,2.113456e-002
3.251448e+003,2.115015e-002
3.253377e+003,2.117572e-002
3.255305e+003,2.115460e-002
3.257234e+003,2.108590e-002
3.259163e+003,2.105623e-002
3.261091e+003,2.109988e-002
3.263020e+003,2.114309e-002
3.264948e+003,2.113794e-002
3.266876e+003,2.111122e-002
3.268805e+003,2.109835e-002
3.270733e+003,2.111435e-002
3.272662e+003,2.114089e-002
3.274591e+003,2.112876e-002
3.276519e+003,2.106833e-002
3.278448e+003,2.104044e-002
3.280376e+003,2.110169e-002
3.282304e+003,2.117217e-002
3.284233e+003,2.116869e-002
3.286161e+003,2.112461e-002
3.288090e+003,2.109460e-002
3.290019e+003,2.109261e-002
3.291947e+003,2.111609e-002
3.293875e+003,2.114006e-002
3.295804e+003,2.113992e-002
3.297732e+003,2.113547e-002
3.299661e+003,2.115523e-002
3.301589e+003,2.118581e-002
3.303518e+003,2.120647e-002
3.305447e+003,2.123239e-002
3.307375e+003,2.126162e-002
3.309303e+003,2.126068e-002
3.311232e+003,2.123817e-002
3.313160e+003,2.120741e-002
3.315089e+003,2.116309e-002
3.317017e+003,2.115672e-002
3.318946e+003,2.121590e-002
3.320875e+003,2.126451e-002
3.322803e+003,2.124134e-002
3.324731e+003,2.117603e-002
3.326660e+003,2.112531e-002
3.328588e+003,2.111832e-002
3.330517e+003,2.115909e-002
3.332445e+003,2.120091e-002
3.334374e+003,2.118480e-002
3.336302e+003,2.114009e-002
3.338231e+003,2.113314e-002
3.340159e+003,2.116768e-002
3.342088e+003,2.120445e-002
3.344016e+003,2.121312e-002
3.345945e+003,2.120456e-002
3.347873e+003,2.119531e-002
3.349802e+003,2.117996e-002
3.351730e+003,2.116319e-002
3.353659e+003,2.114503e-002
3.355587e+003,2.113592e-002
3.357516e+003,2.114225e-002
3.359444e+003,2.113689e-002
3.361373e+003,2.113101e-002
3.363302e+003,2.116556e-002
3.365230e+003,2.123921e-002
3.367158e+003,2.131664e-002
3.369087e+003,2.133926e-002
3.371015e+003,2.129054e-002
3.372944e+003,2.125595e-002
3.374872e+003,2.128782e-002
3.376801e+003,2.131006e-002
3.378729e+003,2.125164e-002
3.380658e+003,2.115422e-002
3.382586e+003,2.109849e-002
3.384515e+003,2.110715e-002
3.386443e+003,2.114079e-002
3.388372e+003,2.113655e-002
3.390300e+003,2.111387e-002
3.392229e+003,2.113373e-002
3.394157e+003,2.114684e-002
3.396086e+003,2.111411e-002
3.398014e+003,2.110180e-002
3.399943e+003,2.112430e-002
3.401871e+003,2.112180e-002
3.403800e+003,2.108093e-002
3.405728e+003,2.102723e-002
3.407657e+003,2.097009e-002
3.409585e+003,2.091839e-002
3.411514e+003,2.087976e-002
3.413442e+003,2.085556e-002
3.415371e+003,2.082935e-002
3.417299e+003,2.077273e-002
3.419228e+003,2.073401e-002
3.421156e+003,2.076525e-002
3.423085e+003,2.079157e-002
3.425013e+003,2.075990e-002
3.426942e+003,2.071736e-002
3.428870e+003,2.068324e-002
3.430799e+003,2.063282e-002
3.432727e+003,2.057983e-002
3.434656e+003,2.054506e-002
3.436584e+003,2.052428e-002
3.438513e+003,2.052553e-002
3.440441e+003,2.054683e-002
3.442370e+003,2.054617e-002
3.444298e+003,2.051167e-002
3.446227e+003,2.049097e-002
3.448155e+003,2.045082e-002
3.450084e+003,2.034740e-002
3.452012e+003,2.023644e-002
3.453941e+003,2.015424e-002
3.455869e+003,2.013009e-002
3.457798e+003,2.017833e-002
3.459726e+003,2.023626e-002
3.461655e+003,2.023526e-002
3.463583e+003,2.016587e-002
3.465512e+003,2.008442e-002
3.467440e+003,2.005055e-002
3.469369e+003,2.003781e-002
3.471297e+003,1.998750e-002
3.473226e+003,1.992527e-002
3.475154e+003,1.988142e-002
3.477083e+003,1.983016e-002
3.479011e+003,1.978785e-002
3.480940e+003,1.978563e-002
3.482868e+003,1.980113e-002
3.484797e+003,1.981417e-002
3.486725e+003,1.980019e-002
3.488654e+003,1.970279e-002
3.490582e+003,1.955681e-002
3.492511e+003,1.947921e-002
3.494439e+003,1.950631e-002
3.496368e+003,1.955889e-002
3.498296e+003,1.952478e-002
3.500225e+003,1.943018e-002
3.502153e+003,1.944300e-002
3.504082e+003,1.955137e-002
3.506010e+003,1.954700e-002
3.507939e+003,1.942595e-002
3.509867e+003,1.931734e-002
3.511796e+003,1.925236e-002
3.513724e+003,1.920941e-002
3.515653e+003,1.916408e-002
3.517581e+003,1.910189e-002
3.519510e+003,1.905242e-002
3.521438e+003,1.900630e-002
3.523367e+003,1.892829e-002
3.525295e+003,1.890524e-002
3.527224e+003,1.897429e-002
3.529152e+003,1.898595e-002
3.531081e+003,1.888838e-002
3.533009e+003,1.878793e-002
3.534938e+003,1.876478e-002
3.536866e+003,1.878361e-002
3.538795e+003,1.873458e-002
3.540723e+003,1.860840e-002
3.542652e+003,1.851863e-002
3.544580e+003,1.853184e-002
3.546509e+003,1.855238e-002
3.548437e+003,1.849522e-002
3.550366e+003,1.843309e-002
3.552294e+003,1.840602e-002
3.554223e+003,1.833312e-002
3.556151e+003,1.820761e-002
3.558080e+003,1.809920e-002
3.560008e+003,1.802504e-002
3.561937e+003,1.797154e-002
3.563865e+003,1.790034e-002
3.565794e+003,1.786101e-002
3.567722e+003,1.797251e-002
3.569651e+003,1.803219e-002
3.571579e+003,1.793898e-002
3.573508e+003,1.783346e-002
3.575436e+003,1.778210e-002
3.577365e+003,1.771306e-002
3.579293e+003,1.756955e-002
3.581222e+003,1.742652e-002
3.583150e+003,1.737483e-002
3.585079e+003,1.740383e-002
3.587007e+003,1.747102e-002
3.588936e+003,1.755098e-002
3.590864e+003,1.762827e-002
3.592793e+003,1.764580e-002
3.594721e+003,1.752369e-002
3.596650e+003,1.735155e-002
3.598578e+003,1.728462e-002
3.600507e+003,1.731527e-002
3.602435e+003,1.733575e-002
3.604364e+003,1.728862e-002
3.606292e+003,1.723607e-002
3.608221e+003,1.724407e-002
3.610149e+003,1.724252e-002
3.612078e+003,1.718784e-002
3.614006e+003,1.712460e-002
3.615935e+003,1.707703e-002
3.617863e+003,1.709282e-002
3.619792e+003,1.712539e-002
3.621720e+003,1.707617e-002
3.623649e+003,1.701421e-002
3.625577e+003,1.699571e-002
3.627506e+003,1.701015e-002
3.629434e+003,1.689969e-002
3.631363e+003,1.662012e-002
3.633291e+003,1.640092e-002
3.635220e+003,1.632753e-002
3.637148e+003,1.631170e-002
3.639077e+003,1.626103e-002
3.641005e+003,1.617260e-002
3.642934e+003,1.608808e-002
3.644862e+003,1.603540e-002
3.646791e+003,1.602461e-002
3.648719e+003,1.604221e-002
3.650648e+003,1.598494e-002
3.652576e+003,1.581993e-002
3.654505e+003,1.562427e-002
3.656433e+003,1.549559e-002
3.658362e+003,1.542441e-002
3.660290e+003,1.531642e-002
3.662219e+003,1.519668e-002
3.664147e+003,1.512020e-002
3.666076e+003,1.505478e-002
3.668004e+003,1.498148e-002
3.669933e+003,1.500028e-002
3.671861e+003,1.505029e-002
3.673790e+003,1.500306e-002
3.675718e+003,1.495988e-002
3.677647e+003,1.493824e-002
3.679575e+003,1.487644e-002
3.681504e+003,1.480746e-002
3.683432e+003,1.474788e-002
3.685361e+003,1.473143e-002
3.687289e+003,1.481075e-002
3.689218e+003,1.493052e-002
3.691146e+003,1.492815e-002
3.693075e+003,1.485885e-002
3.695003e+003,1.484901e-002
3.696932e+003,1.489743e-002
3.698860e+003,1.492483e-002
3.700789e+003,1.493625e-002
3.702717e+003,1.494112e-002
3.704646e+003,1.488258e-002
3.706574e+003,1.479118e-002
3.708503e+003,1.473838e-002
3.710431e+003,1.477667e-002
3.712360e+003,1.486633e-002
3.714288e+003,1.488214e-002
3.716217e+003,1.482213e-002
3.718145e+003,1.478737e-002
3.720074e+003,1.486345e-002
3.722002e+003,1.499558e-002
3.723931e+003,1.504061e-002
3.725859e+003,1.501897e-002
3.727788e+003,1.507334e-002
3.729716e+003,1.518920e-002
3.731645e+003,1.525289e-002
3.733573e+003,1.516302e-002
3.735502e+003,1.506048e-002
3.737430e+003,1.511423e-002
3.739359e+003,1.517249e-002
3.741287e+003,1.517105e-002
3.743216e+003,1.517441e-002
3.745144e+003,1.523460e-002
3.747073e+003,1.525437e-002
3.749001e+003,1.520691e-002
3.750930e+003,1.514134e-002
3.752858e+003,1.515012e-002
3.754787e+003,1.517812e-002
3.756715e+003,1.515372e-002
3.758644e+003,1.513324e-002
3.760572e+003,1.513965e-002
3.762500e+003,1.509667e-002
3.764429e+003,1.506243e-002
3.766358e+003,1.510030e-002
3.768286e+003,1.512929e-002
3.770215e+003,1.513149e-002
3.772143e+003,1.511331e-002
3.774072e+003,1.510061e-002
3.776000e+003,1.512631e-002
3.777928e+003,1.515482e-002
3.779857e+003,1.516268e-002
3.781786e+003,1.512912e-002
3.783714e+003,1.508915e-002
3.785643e+003,1.509591e-002
3.787571e+003,1.509763e-002
3.789500e+003,1.508233e-002
3.791428e+003,1.509471e-002
3.793356e+003,1.509835e-002
3.795285e+003,1.505711e-002
3.797214e+003,1.504329e-002
3.799142e+003,1.506771e-002
3.801071e+003,1.509547e-002
3.802999e+003,1.512905e-002
3.804927e+003,1.514061e-002
3.806856e+003,1.514936e-002
3.808785e+003,1.511694e-002
3.810713e+003,1.505423e-002
3.812642e+003,1.500751e-002
3.814570e+003,1.500432e-002
3.816499e+003,1.513125e-002
3.818427e+003,1.528951e-002
3.820355e+003,1.534432e-002
3.822284e+003,1.530063e-002
3.824213e+003,1.520437e-002
3.826141e+003,1.515537e-002
3.828070e+003,1.516556e-002
3.829998e+003,1.517990e-002
3.831927e+003,1.522629e-002
3.833855e+003,1.530725e-002
3.835783e+003,1.538603e-002
3.837712e+003,1.542146e-002
3.839641e+003,1.536516e-002
3.841569e+003,1.525608e-002
3.843498e+003,1.521085e-002
3.845426e+003,1.525135e-002
3.847354e+003,1.524555e-002
3.849283e+003,1.512123e-002
3.851211e+003,1.494828e-002
3.853140e+003,1.502665e-002
3.855069e+003,1.529582e-002
3.856997e+003,1.536344e-002
3.858926e+003,1.533845e-002
3.860854e+003,1.530777e-002
3.862782e+003,1.526778e-002
3.864711e+003,1.525275e-002
3.866639e+003,1.522005e-002
3.868568e+003,1.514158e-002
3.870497e+003,1.513732e-002
3.872425e+003,1.516920e-002
3.874354e+003,1.521696e-002
3.876282e+003,1.527908e-002
3.878210e+003,1.526772e-002
3.880139e+003,1.522211e-002
3.882067e+003,1.518975e-002
3.883996e+003,1.517369e-002
3.885925e+003,1.524349e-002
3.887853e+003,1.529723e-002
3.889781e+003,1.524366e-002
3.891710e+003,1.523827e-002
3.893638e+003,1.530231e-002
3.895567e+003,1.525890e-002
3.897495e+003,1.512898e-002
3.899424e+003,1.505838e-002
3.901353e+003,1.507615e-002
3.903281e+003,1.511372e-002
3.905209e+003,1.519308e-002
3.907138e+003,1.527039e-002
3.909066e+003,1.527084e-002
3.910995e+003,1.520797e-002
3.912924e+003,1.516690e-002
3.914852e+003,1.521535e-002
3.916781e+003,1.529033e-002
3.918709e+003,1.531408e-002
3.920637e+003,1.535133e-002
3.922566e+003,1.537838e-002
3.924494e+003,1.532874e-002
3.926423e+003,1.526089e-002
3.928352e+003,1.521686e-002
3.930280e+003,1.520166e-002
3.932208e+003,1.522176e-002
3.934137e+003,1.523165e-002
3.936065e+003,1.520845e-002
3.937994e+003,1.518110e-002
3.939922e+003,1.519486e-002
3.941851e+003,1.532369e-002
3.943780e+003,1.545109e-002
3.945708e+003,1.541573e-002
3.947636e+003,1.538593e-002
3.949565e+003,1.546335e-002
3.951493e+003,1.550922e-002
3.953422e+003,1.548855e-002
3.955350e+003,1.548361e-002
3.957279e+003,1.550750e-002
3.959208e+003,1.549501e-002
3.961136e+003,1.545456e-002
3.963064e+003,1.540405e-002
3.964993e+003,1.537354e-002
3.966921e+003,1.542630e-002
3.968850e+003,1.547499e-002
3.970778e+003,1.546592e-002
3.972707e+003,1.548388e-002
3.974635e+003,1.551327e-002
3.976564e+003,1.549130e-002
3.978492e+003,1.542929e-002
3.980421e+003,1.533653e-002
3.982349e+003,1.522969e-002
3.984278e+003,1.523240e-002
3.986206e+003,1.535263e-002
3.988135e+003,1.543454e-002
3.990063e+003,1.546956e-002
3.991992e+003,1.552052e-002
3.993920e+003,1.554655e-002
3.995849e+003,1.553604e-002
3.997777e+003,1.554789e-002
3.999706e+003,1.555428e-002
