3.953422e+002,-3.037101e-001
3.972707e+002,-5.400832e-001
3.991992e+002,-7.124296e-001
4.011277e+002,-3.652699e-001
4.030562e+002,-2.329260e-001
4.049847e+002,-3.117662e-001
4.069132e+002,-4.549445e-001
4.088417e+002,-5.116015e-001
4.107702e+002,-4.808730e-001
4.126987e+002,-5.039177e-001
4.146272e+002,-3.406991e-001
4.165557e+002,7.858412e-002
4.184842e+002,3.976071e-001
4.204127e+002,2.953560e-001
4.223412e+002,-2.004714e-001
4.242697e+002,-9.240621e-001
4.261982e+002,-7.351186e-001
4.281267e+002,-6.112748e-001
4.300552e+002,-9.298479e-001
4.319837e+002,-5.799938e-001
4.339122e+002,-1.045815e-001
4.358407e+002,1.041557e-001
4.377692e+002,-1.125478e-002
4.396977e+002,-5.938076e-001
4.416262e+002,-6.287997e-001
4.435547e+002,-3.170388e-001
4.454832e+002,-1.257426e-001
4.474117e+002,-1.146318e-002
4.493401e+002,-6.945576e-002
4.512686e+002,-2.800998e-001
4.531971e+002,-3.296868e-001
4.551256e+002,-2.385791e-001
4.570541e+002,-4.664511e-001
4.589826e+002,-1.094788e+000
4.609111e+002,-1.601817e+000
4.628396e+002,-9.191927e-001
4.647681e+002,-6.648220e-001
4.666966e+002,-8.438342e-001
4.686251e+002,-1.598609e+000
4.705536e+002,-1.369852e+000
4.724821e+002,6.000000e+000
4.744106e+002,6.000000e+000
4.763391e+002,-4.165145e-001
4.782676e+002,6.000000e+000
4.801961e+002,4.974828e-001
4.821246e+002,3.178705e-002
4.840531e+002,-1.823698e-001
4.859816e+002,-1.082704e-002
4.879101e+002,2.189137e-001
4.898386e+002,2.941652e-002
4.917671e+002,-3.207125e-001
4.936956e+002,-1.692385e-001
4.956241e+002,-2.628373e-003
4.975526e+002,-3.339104e-001
4.994811e+002,6.000000e+000
5.014096e+002,-2.010667e+000
5.033381e+002,-6.122469e-001
5.052666e+002,-3.191836e-001
5.071951e+002,-8.486748e-002
5.091236e+002,1.963740e-002
5.110521e+002,4.259090e-003
5.129806e+002,-2.139626e-002
5.149091e+002,1.662564e-003
5.168376e+002,3.483357e-002
5.187661e+002,3.280138e-002
5.206946e+002,2.256793e-002
5.226231e+002,3.036054e-002
5.245516e+002,4.266823e-002
5.264801e+002,4.747931e-002
5.284086e+002,4.676095e-002
5.303371e+002,4.338836e-002
5.322656e+002,3.940964e-002
5.341941e+002,3.883294e-002
5.361226e+002,4.192395e-002
5.380511e+002,4.537570e-002
5.399796e+002,4.667340e-002
5.419081e+002,4.529908e-002
5.438366e+002,4.376548e-002
5.457651e+002,4.403437e-002
5.476936e+002,4.491207e-002
5.496221e+002,4.455907e-002
5.515506e+002,4.266530e-002
5.534791e+002,4.102138e-002
5.554076e+002,4.097110e-002
5.573361e+002,4.141661e-002
5.592646e+002,4.125743e-002
5.611931e+002,4.093159e-002
5.631216e+002,4.059869e-002
5.650500e+002,3.985675e-002
5.669786e+002,3.885036e-002
5.689070e+002,3.801715e-002
5.708356e+002,3.779479e-002
5.727640e+002,3.783134e-002
5.746926e+002,3.747375e-002
5.766210e+002,3.750600e-002
5.785496e+002,3.796735e-002
5.804780e+002,3.754881e-002
5.824066e+002,3.678811e-002
5.843350e+002,3.655006e-002
5.862635e+002,3.622172e-002
5.881920e+002,3.545784e-002
5.901205e+002,3.514315e-002
5.920490e+002,3.538493e-002
5.939775e+002,3.463785e-002
5.959061e+002,3.278312e-002
5.978345e+002,3.130672e-002
5.997631e+002,3.050028e-002
6.016915e+002,2.971978e-002
6.036201e+002,2.889160e-002
6.055485e+002,2.816609e-002
6.074771e+002,2.736623e-002
6.094055e+002,2.590778e-002
6.113340e+002,2.362911e-002
6.132625e+002,2.164577e-002
6.151910e+002,2.089001e-002
6.171195e+002,2.022221e-002
6.190480e+002,1.824469e-002
6.209765e+002,1.559188e-002
6.229050e+002,1.313851e-002
6.248335e+002,1.077675e-002
6.267620e+002,8.669091e-003
6.286905e+002,7.810253e-003
6.306190e+002,8.865830e-003
6.325475e+002,1.171882e-002
6.344760e+002,1.607257e-002
6.364045e+002,2.107947e-002
6.383330e+002,2.543412e-002
6.402615e+002,2.878229e-002
6.421900e+002,3.147402e-002
6.441185e+002,3.345601e-002
6.460470e+002,3.455712e-002
6.479755e+002,3.499053e-002
6.499040e+002,3.533508e-002
6.518325e+002,3.599153e-002
6.537610e+002,3.673629e-002
6.556895e+002,3.724423e-002
6.576180e+002,3.748870e-002
6.595465e+002,3.757609e-002
6.614750e+002,3.747895e-002
6.634035e+002,3.720181e-002
6.653320e+002,3.707238e-002
6.672605e+002,3.707834e-002
6.691890e+002,3.664306e-002
6.711175e+002,3.617641e-002
6.730460e+002,3.600182e-002
6.749745e+002,3.578779e-002
6.769030e+002,3.544249e-002
6.788315e+002,3.510403e-002
6.807599e+002,3.475463e-002
6.826885e+002,3.430091e-002
6.846169e+002,3.384347e-002
6.865455e+002,3.352347e-002
6.884739e+002,3.327532e-002
6.904025e+002,3.300983e-002
6.923310e+002,3.274467e-002
6.942595e+002,3.251525e-002
6.961880e+002,3.230261e-002
6.981165e+002,3.204420e-002
7.000450e+002,3.168518e-002
7.019734e+002,3.127214e-002
7.039020e+002,3.094834e-002
7.058304e+002,3.072526e-002
7.077590e+002,3.044181e-002
7.096874e+002,3.005268e-002
7.116160e+002,2.968182e-002
7.135444e+002,2.931573e-002
7.154730e+002,2.884018e-002
7.174014e+002,2.840197e-002
7.193300e+002,2.810401e-002
7.212584e+002,2.770266e-002
7.231870e+002,2.718876e-002
7.251154e+002,2.678072e-002
7.270439e+002,2.638574e-002
7.289724e+002,2.585872e-002
7.309009e+002,2.532676e-002
7.328294e+002,2.494454e-002
7.347579e+002,2.466427e-002
7.366864e+002,2.433922e-002
7.386149e+002,2.390497e-002
7.405434e+002,2.343187e-002
7.424719e+002,2.301165e-002
7.444005e+002,2.263589e-002
7.463289e+002,2.221794e-002
7.482574e+002,2.170390e-002
7.501859e+002,2.115721e-002
7.521144e+002,2.065186e-002
7.540429e+002,2.020193e-002
7.559714e+002,1.981722e-002
7.578999e+002,1.944616e-002
7.598284e+002,1.899668e-002
7.617569e+002,1.845121e-002
7.636854e+002,1.786339e-002
7.656139e+002,1.730344e-002
7.675424e+002,1.678017e-002
7.694709e+002,1.626151e-002
7.713994e+002,1.577271e-002
7.733279e+002,1.524417e-002
7.752564e+002,1.457327e-002
7.771849e+002,1.384838e-002
7.791134e+002,1.314766e-002
7.810419e+002,1.248288e-002
7.829704e+002,1.186307e-002
7.848989e+002,1.120899e-002
7.868274e+002,1.048681e-002
7.887559e+002,9.778066e-003
7.906844e+002,9.132562e-003
7.926129e+002,8.517008e-003
7.945414e+002,7.846823e-003
7.964699e+002,7.096932e-003
7.983984e+002,6.333440e-003
8.003269e+002,5.561923e-003
8.022554e+002,4.747086e-003
8.041839e+002,3.921972e-003
8.061124e+002,3.145913e-003
8.080409e+002,2.394560e-003
8.099694e+002,1.542574e-003
8.118979e+002,5.726021e-004
8.138264e+002,-4.311911e-004
8.157549e+002,-1.465264e-003
8.176833e+002,-2.496749e-003
8.196119e+002,-3.492232e-003
8.215403e+002,-4.483536e-003
8.234689e+002,-5.471962e-003
8.253973e+002,-6.492908e-003
8.273259e+002,-7.601658e-003
8.292543e+002,-8.781591e-003
8.311829e+002,-9.999355e-003
8.331113e+002,-1.122405e-002
8.350399e+002,-1.243873e-002
8.369683e+002,-1.373635e-002
8.388969e+002,-1.515204e-002
8.408254e+002,-1.647155e-002
8.427538e+002,-1.761035e-002
8.446824e+002,-1.882090e-002
8.466108e+002,-2.021669e-002
8.485394e+002,-2.164309e-002
8.504678e+002,-2.298627e-002
8.523964e+002,-2.424111e-002
8.543248e+002,-2.549150e-002
8.562534e+002,-2.680531e-002
8.581818e+002,-2.815261e-002
8.601104e+002,-2.952824e-002
8.620388e+002,-3.092015e-002
8.639673e+002,-3.218409e-002
8.658958e+002,-3.321840e-002
8.678243e+002,-3.417763e-002
8.697528e+002,-3.522029e-002
8.716813e+002,-3.627233e-002
8.736098e+002,-3.729117e-002
8.755383e+002,-3.833585e-002
8.774668e+002,-3.940310e-002
8.793953e+002,-4.047082e-002
8.813238e+002,-4.153664e-002
8.832523e+002,-4.255768e-002
8.851808e+002,-4.345897e-002
8.871093e+002,-4.416341e-002
8.890378e+002,-4.457530e-002
8.909663e+002,-4.460104e-002
8.928948e+002,-4.408364e-002
8.948233e+002,-4.283772e-002
8.967518e+002,-4.092458e-002
8.986803e+002,-3.859213e-002
9.006088e+002,-3.604148e-002
9.025373e+002,-3.349983e-002
9.044658e+002,-3.124622e-002
9.063943e+002,-2.939731e-002
9.083228e+002,-2.786237e-002
9.102513e+002,-2.654066e-002
9.121798e+002,-2.540782e-002
9.141083e+002,-2.445232e-002
9.160368e+002,-2.365064e-002
9.179653e+002,-2.298121e-002
9.198938e+002,-2.244855e-002
9.218223e+002,-2.204247e-002
9.237508e+002,-2.168669e-002
9.256793e+002,-2.141771e-002
9.276078e+002,-2.135298e-002
9.295363e+002,-2.138345e-002
9.314648e+002,-2.115900e-002
9.333932e+002,-2.023048e-002
9.353218e+002,-1.834515e-002
9.372502e+002,-1.569844e-002
9.391788e+002,-1.270702e-002
9.411073e+002,-9.732074e-003
9.430358e+002,-7.034857e-003
9.449643e+002,-4.792737e-003
9.468928e+002,-3.038144e-003
9.488213e+002,-1.646585e-003
9.507498e+002,-4.949723e-004
9.526783e+002,4.619353e-004
9.546068e+002,1.302529e-003
9.565353e+002,2.122177e-003
9.584637e+002,2.888002e-003
9.603923e+002,3.584280e-003
9.623207e+002,4.280238e-003
9.642493e+002,4.958042e-003
9.661777e+002,5.584242e-003
9.681063e+002,6.215380e-003
9.700347e+002,6.908736e-003
9.719633e+002,7.663596e-003
9.738917e+002,8.453116e-003
9.758203e+002,9.239369e-003
9.777487e+002,1.001006e-002
9.796772e+002,1.076222e-002
9.816057e+002,1.147723e-002
9.835342e+002,1.218065e-002
9.854627e+002,1.291187e-002
9.873912e+002,1.367211e-002
9.893198e+002,1.444370e-002
9.912482e+002,1.517242e-002
9.931768e+002,1.581199e-002
9.951052e+002,1.638640e-002
9.970338e+002,1.692418e-002
9.989622e+002,1.742556e-002
1.000891e+003,1.788497e-002
1.002819e+003,1.824828e-002
1.004748e+003,1.847790e-002
1.006676e+003,1.863832e-002
1.008605e+003,1.878447e-002
1.010533e+003,1.890890e-002
1.012462e+003,1.899253e-002
1.014390e+003,1.900084e-002
1.016319e+003,1.891669e-002
1.018247e+003,1.881149e-002
1.020176e+003,1.877298e-002
1.022104e+003,1.878101e-002
1.024033e+003,1.876032e-002
1.025961e+003,1.869577e-002
1.027890e+003,1.863506e-002
1.029818e+003,1.861909e-002
1.031747e+003,1.864112e-002
1.033675e+003,1.863877e-002
1.035604e+003,1.856565e-002
1.037532e+003,1.846255e-002
1.039461e+003,1.836831e-002
1.041389e+003,1.826466e-002
1.043318e+003,1.813606e-002
1.045246e+003,1.797413e-002
1.047175e+003,1.776691e-002
1.049103e+003,1.750117e-002
1.051032e+003,1.715672e-002
1.052960e+003,1.673082e-002
1.054889e+003,1.623534e-002
1.056817e+003,1.567487e-002
1.058746e+003,1.500436e-002
1.060674e+003,1.415609e-002
1.062603e+003,1.312782e-002
1.064531e+003,1.194698e-002
1.066460e+003,1.065205e-002
1.068388e+003,9.253585e-003
1.070317e+003,7.628053e-003
1.072245e+003,5.630125e-003
1.074174e+003,3.247518e-003
1.076102e+003,5.109955e-004
1.078031e+003,-2.646059e-003
1.079959e+003,-6.302235e-003
1.081888e+003,-1.039162e-002
1.083816e+003,-1.470982e-002
1.085745e+003,-1.890056e-002
1.087673e+003,-2.236853e-002
1.089602e+003,-2.449066e-002
1.091530e+003,-2.509119e-002
1.093459e+003,-2.449727e-002
1.095387e+003,-2.308896e-002
1.097316e+003,-2.099664e-002
1.099244e+003,-1.824149e-002
1.101173e+003,-1.505331e-002
1.103101e+003,-1.179183e-002
1.105030e+003,-8.637073e-003
1.106958e+003,-5.672157e-003
1.108887e+003,-2.959992e-003
1.110815e+003,-4.704473e-004
1.112744e+003,1.810901e-003
1.114672e+003,3.862864e-003
1.116601e+003,5.703104e-003
1.118529e+003,7.388631e-003
1.120458e+003,8.970677e-003
1.122386e+003,1.048678e-002
1.124315e+003,1.200771e-002
1.126243e+003,1.353488e-002
1.128172e+003,1.494286e-002
1.130100e+003,1.616792e-002
1.132029e+003,1.726969e-002
1.133957e+003,1.827416e-002
1.135886e+003,1.914337e-002
1.137814e+003,1.985412e-002
1.139743e+003,2.041911e-002
1.141671e+003,2.086509e-002
1.143600e+003,2.119374e-002
1.145528e+003,2.141145e-002
1.147457e+003,2.155293e-002
1.149385e+003,2.167109e-002
1.151314e+003,2.181729e-002
1.153242e+003,2.196891e-002
1.155171e+003,2.205526e-002
1.157099e+003,2.205030e-002
1.159028e+003,2.200321e-002
1.160956e+003,2.197725e-002
1.162885e+003,2.199133e-002
1.164813e+003,2.204818e-002
1.166742e+003,2.214482e-002
1.168670e+003,2.226004e-002
1.170599e+003,2.237173e-002
1.172527e+003,2.247081e-002
1.174456e+003,2.255125e-002
1.176384e+003,2.261362e-002
1.178313e+003,2.267876e-002
1.180241e+003,2.276636e-002
1.182170e+003,2.286669e-002
1.184098e+003,2.293623e-002
1.186027e+003,2.294880e-002
1.187955e+003,2.293532e-002
1.189884e+003,2.291583e-002
1.191812e+003,2.285254e-002
1.193741e+003,2.273738e-002
1.195669e+003,2.263624e-002
1.197598e+003,2.257135e-002
1.199526e+003,2.249395e-002
1.201455e+003,2.237392e-002
1.203383e+003,2.219583e-002
1.205312e+003,2.195511e-002
1.207240e+003,2.166642e-002
1.209169e+003,2.134911e-002
1.211097e+003,2.100400e-002
1.213026e+003,2.058028e-002
1.214954e+003,2.004777e-002
1.216883e+003,1.944837e-002
1.218811e+003,1.881035e-002
1.220740e+003,1.810428e-002
1.222668e+003,1.730317e-002
1.224597e+003,1.638732e-002
1.226525e+003,1.531415e-002
1.228453e+003,1.398924e-002
1.230382e+003,1.223432e-002
1.232311e+003,1.002678e-002
1.234239e+003,7.902663e-003
1.236168e+003,6.944860e-003
1.238096e+003,8.042042e-003
1.240025e+003,1.104262e-002
1.241953e+003,1.486290e-002
1.243882e+003,1.828854e-002
1.245810e+003,2.059508e-002
1.247739e+003,2.179573e-002
1.249667e+003,2.233238e-002
1.251596e+003,2.258790e-002
1.253524e+003,2.274426e-002
1.255453e+003,2.284580e-002
1.257381e+003,2.291146e-002
1.259310e+003,2.296452e-002
1.261238e+003,2.300638e-002
1.263167e+003,2.304013e-002
1.265095e+003,2.304362e-002
1.267024e+003,2.300141e-002
1.268952e+003,2.295701e-002
1.270880e+003,2.291943e-002
1.272809e+003,2.285960e-002
1.274738e+003,2.280267e-002
1.276666e+003,2.275923e-002
1.278594e+003,2.270023e-002
1.280523e+003,2.263827e-002
1.282452e+003,2.259547e-002
1.284380e+003,2.256228e-002
1.286308e+003,2.253938e-002
1.288237e+003,2.253192e-002
1.290166e+003,2.252581e-002
1.292094e+003,2.254280e-002
1.294022e+003,2.262004e-002
1.295951e+003,2.271608e-002
1.297880e+003,2.277317e-002
1.299808e+003,2.279164e-002
1.301736e+003,2.278539e-002
1.303665e+003,2.277079e-002
1.305594e+003,2.275145e-002
1.307522e+003,2.270602e-002
1.309450e+003,2.264368e-002
1.311379e+003,2.259390e-002
1.313307e+003,2.256839e-002
1.315236e+003,2.255303e-002
1.317164e+003,2.251782e-002
1.319093e+003,2.247388e-002
1.321021e+003,2.244381e-002
1.322950e+003,2.241715e-002
1.324878e+003,2.239646e-002
1.326807e+003,2.236890e-002
1.328735e+003,2.231504e-002
1.330664e+003,2.226768e-002
1.332592e+003,2.223521e-002
1.334521e+003,2.218171e-002
1.336449e+003,2.211843e-002
1.338378e+003,2.206474e-002
1.340307e+003,2.200586e-002
1.342235e+003,2.195365e-002
1.344163e+003,2.191660e-002
1.346092e+003,2.187545e-002
1.348021e+003,2.182367e-002
1.349949e+003,2.176319e-002
1.351877e+003,2.168123e-002
1.353806e+003,2.158121e-002
1.355734e+003,2.147163e-002
1.357663e+003,2.133891e-002
1.359591e+003,2.120191e-002
1.361520e+003,2.107001e-002
1.363448e+003,2.092245e-002
1.365377e+003,2.078927e-002
1.367305e+003,2.067003e-002
1.369234e+003,2.054328e-002
1.371162e+003,2.039213e-002
1.373091e+003,2.016244e-002
1.375019e+003,1.985124e-002
1.376948e+003,1.946542e-002
1.378876e+003,1.893895e-002
1.380805e+003,1.843624e-002
1.382733e+003,1.830862e-002
1.384662e+003,1.860985e-002
1.386590e+003,1.908257e-002
1.388519e+003,1.944539e-002
1.390447e+003,1.965453e-002
1.392376e+003,1.981077e-002
1.394304e+003,1.992065e-002
1.396233e+003,1.996325e-002
1.398161e+003,1.997779e-002
1.400090e+003,1.996148e-002
1.402018e+003,1.990421e-002
1.403947e+003,1.984278e-002
1.405875e+003,1.983539e-002
1.407804e+003,1.987483e-002
1.409732e+003,1.988645e-002
1.411661e+003,1.985447e-002
1.413589e+003,1.981459e-002
1.415518e+003,1.977075e-002
1.417446e+003,1.970983e-002
1.419375e+003,1.961456e-002
1.421303e+003,1.950153e-002
1.423232e+003,1.939612e-002
1.425160e+003,1.929164e-002
1.427089e+003,1.917056e-002
1.429017e+003,1.901357e-002
1.430946e+003,1.888465e-002
1.432874e+003,1.888402e-002
1.434803e+003,1.900495e-002
1.436731e+003,1.918881e-002
1.438660e+003,1.934117e-002
1.440588e+003,1.944210e-002
1.442517e+003,1.951494e-002
1.444445e+003,1.954676e-002
1.446374e+003,1.950458e-002
1.448302e+003,1.942484e-002
1.450231e+003,1.940038e-002
1.452159e+003,1.940215e-002
1.454088e+003,1.933477e-002
1.456016e+003,1.910296e-002
1.457945e+003,1.878869e-002
1.459873e+003,1.864330e-002
1.461802e+003,1.845930e-002
1.463730e+003,1.798511e-002
1.465659e+003,1.729234e-002
1.467587e+003,1.687850e-002
1.469516e+003,1.686789e-002
1.471444e+003,1.719695e-002
1.473373e+003,1.771496e-002
1.475301e+003,1.808341e-002
1.477230e+003,1.830814e-002
1.479158e+003,1.844229e-002
1.481087e+003,1.850971e-002
1.483015e+003,1.857378e-002
1.484944e+003,1.865378e-002
1.486872e+003,1.872047e-002
1.488801e+003,1.877084e-002
1.490729e+003,1.883644e-002
1.492658e+003,1.890963e-002
1.494586e+003,1.896857e-002
1.496515e+003,1.901267e-002
1.498443e+003,1.907842e-002
1.500372e+003,1.916394e-002
1.502300e+003,1.921997e-002
1.504229e+003,1.921229e-002
1.506157e+003,1.908371e-002
1.508086e+003,1.899755e-002
1.510014e+003,1.909268e-002
1.511943e+003,1.917191e-002
1.513871e+003,1.918766e-002
1.515800e+003,1.915335e-002
1.517728e+003,1.910459e-002
1.519657e+003,1.904812e-002
1.521585e+003,1.894466e-002
1.523514e+003,1.886845e-002
1.525442e+003,1.887579e-002
1.527371e+003,1.891451e-002
1.529299e+003,1.891593e-002
1.531228e+003,1.884609e-002
1.533156e+003,1.873438e-002
1.535085e+003,1.869445e-002
1.537013e+003,1.871697e-002
1.538942e+003,1.867896e-002
1.540870e+003,1.852215e-002
1.542799e+003,1.849646e-002
1.544727e+003,1.859972e-002
1.546656e+003,1.866530e-002
1.548584e+003,1.864222e-002
1.550513e+003,1.856292e-002
1.552441e+003,1.848602e-002
1.554370e+003,1.843278e-002
1.556298e+003,1.834647e-002
1.558227e+003,1.814977e-002
1.560155e+003,1.817869e-002
1.562084e+003,1.836091e-002
1.564012e+003,1.844478e-002
1.565941e+003,1.843900e-002
1.567869e+003,1.838075e-002
1.569798e+003,1.830046e-002
1.571726e+003,1.825550e-002
1.573655e+003,1.820975e-002
1.575583e+003,1.810369e-002
1.577512e+003,1.804960e-002
1.579440e+003,1.808231e-002
1.581369e+003,1.809073e-002
1.583297e+003,1.805733e-002
1.585226e+003,1.800666e-002
1.587154e+003,1.794181e-002
1.589083e+003,1.785117e-002
1.591011e+003,1.774057e-002
1.592940e+003,1.764183e-002
1.594868e+003,1.758790e-002
1.596797e+003,1.757037e-002
1.598725e+003,1.754232e-002
1.600654e+003,1.748585e-002
1.602582e+003,1.741818e-002
1.604511e+003,1.734655e-002
1.606439e+003,1.727169e-002
1.608368e+003,1.721118e-002
1.610296e+003,1.717899e-002
1.612225e+003,1.714724e-002
1.614153e+003,1.708313e-002
1.616082e+003,1.696067e-002
1.618010e+003,1.685322e-002
1.619939e+003,1.685370e-002
1.621867e+003,1.687217e-002
1.623796e+003,1.682346e-002
1.625724e+003,1.673099e-002
1.627653e+003,1.663699e-002
1.629581e+003,1.659344e-002
1.631510e+003,1.658260e-002
1.633438e+003,1.649720e-002
1.635367e+003,1.629767e-002
1.637295e+003,1.620944e-002
1.639224e+003,1.626082e-002
1.641152e+003,1.630909e-002
1.643081e+003,1.633915e-002
1.645009e+003,1.635151e-002
1.646938e+003,1.633265e-002
1.648866e+003,1.629340e-002
1.650795e+003,1.619778e-002
1.652723e+003,1.601873e-002
1.654652e+003,1.605173e-002
1.656580e+003,1.620022e-002
1.658509e+003,1.626072e-002
1.660437e+003,1.626698e-002
1.662366e+003,1.629089e-002
1.664294e+003,1.632103e-002
1.666223e+003,1.630812e-002
1.668151e+003,1.625487e-002
1.670080e+003,1.621291e-002
1.672008e+003,1.622667e-002
1.673937e+003,1.623685e-002
1.675865e+003,1.623609e-002
1.677794e+003,1.625398e-002
1.679722e+003,1.626530e-002
1.681651e+003,1.625291e-002
1.683579e+003,1.620555e-002
1.685508e+003,1.619932e-002
1.687436e+003,1.626358e-002
1.689365e+003,1.632395e-002
1.691293e+003,1.636599e-002
1.693222e+003,1.637366e-002
1.695150e+003,1.629646e-002
1.697079e+003,1.616294e-002
1.699007e+003,1.608271e-002
1.700936e+003,1.606047e-002
1.702864e+003,1.603898e-002
1.704793e+003,1.595953e-002
1.706721e+003,1.585384e-002
1.708650e+003,1.580508e-002
1.710578e+003,1.580721e-002
1.712507e+003,1.579670e-002
1.714435e+003,1.569136e-002
1.716364e+003,1.545102e-002
1.718292e+003,1.523841e-002
1.720221e+003,1.516789e-002
1.722149e+003,1.509430e-002
1.724078e+003,1.494448e-002
1.726006e+003,1.475055e-002
1.727935e+003,1.451879e-002
1.729863e+003,1.421630e-002
1.731792e+003,1.387120e-002
1.733720e+003,1.358072e-002
1.735649e+003,1.349004e-002
1.737577e+003,1.350248e-002
1.739506e+003,1.355573e-002
1.741434e+003,1.372655e-002
1.743363e+003,1.399749e-002
1.745291e+003,1.428396e-002
1.747220e+003,1.456453e-002
1.749148e+003,1.484761e-002
1.751077e+003,1.512264e-002
1.753005e+003,1.534147e-002
1.754934e+003,1.547876e-002
1.756862e+003,1.557547e-002
1.758791e+003,1.566711e-002
1.760719e+003,1.573598e-002
1.762648e+003,1.577859e-002
1.764576e+003,1.580570e-002
1.766505e+003,1.580732e-002
1.768433e+003,1.578848e-002
1.770362e+003,1.573379e-002
1.772290e+003,1.563753e-002
1.774219e+003,1.560885e-002
1.776147e+003,1.565364e-002
1.778076e+003,1.568253e-002
1.780004e+003,1.566199e-002
1.781933e+003,1.564333e-002
1.783861e+003,1.564419e-002
1.785790e+003,1.563090e-002
1.787718e+003,1.561723e-002
1.789647e+003,1.559274e-002
1.791575e+003,1.552728e-002
1.793504e+003,1.550064e-002
1.795432e+003,1.554212e-002
1.797361e+003,1.556860e-002
1.799289e+003,1.555668e-002
1.801218e+003,1.552557e-002
1.803146e+003,1.550483e-002
1.805075e+003,1.550582e-002
1.807003e+003,1.549329e-002
1.808932e+003,1.542757e-002
1.810860e+003,1.531930e-002
1.812789e+003,1.523844e-002
1.814717e+003,1.521720e-002
1.816646e+003,1.521902e-002
1.818574e+003,1.521291e-002
1.820503e+003,1.520728e-002
1.822431e+003,1.520196e-002
1.824360e+003,1.517887e-002
1.826288e+003,1.515605e-002
1.828217e+003,1.513252e-002
1.830145e+003,1.510202e-002
1.832074e+003,1.510517e-002
1.834002e+003,1.512078e-002
1.835931e+003,1.511574e-002
1.837859e+003,1.510871e-002
1.839788e+003,1.512799e-002
1.841716e+003,1.514072e-002
1.843645e+003,1.508264e-002
1.845573e+003,1.500683e-002
1.847502e+003,1.499455e-002
1.849430e+003,1.500299e-002
1.851359e+003,1.500103e-002
1.853287e+003,1.500264e-002
1.855216e+003,1.500470e-002
1.857144e+003,1.498844e-002
1.859073e+003,1.497325e-002
1.861001e+003,1.498351e-002
1.862930e+003,1.501516e-002
1.864858e+003,1.503698e-002
1.866786e+003,1.500820e-002
1.868715e+003,1.495964e-002
1.870644e+003,1.496406e-002
1.872572e+003,1.497925e-002
1.874500e+003,1.496145e-002
1.876429e+003,1.495144e-002
1.878358e+003,1.496269e-002
1.880286e+003,1.494551e-002
1.882215e+003,1.489928e-002
1.884143e+003,1.487387e-002
1.886072e+003,1.488423e-002
1.888000e+003,1.489023e-002
1.889929e+003,1.486091e-002
1.891857e+003,1.482141e-002
1.893786e+003,1.480026e-002
1.895714e+003,1.479741e-002
1.897643e+003,1.479344e-002
1.899571e+003,1.480088e-002
1.901500e+003,1.483523e-002
1.903428e+003,1.484555e-002
1.905357e+003,1.481151e-002
1.907285e+003,1.478634e-002
1.909214e+003,1.478576e-002
1.911142e+003,1.477760e-002
1.913071e+003,1.476073e-002
1.914999e+003,1.473924e-002
1.916927e+003,1.469934e-002
1.918856e+003,1.464903e-002
1.920785e+003,1.459804e-002
1.922713e+003,1.455356e-002
1.924641e+003,1.453958e-002
1.926570e+003,1.456268e-002
1.928499e+003,1.460201e-002
1.930427e+003,1.462151e-002
1.932355e+003,1.462213e-002
1.934284e+003,1.461959e-002
1.936213e+003,1.459201e-002
1.938141e+003,1.454144e-002
1.940069e+003,1.449618e-002
1.941998e+003,1.446158e-002
1.943927e+003,1.445161e-002
1.945855e+003,1.446596e-002
1.947783e+003,1.447966e-002
1.949712e+003,1.449604e-002
1.951641e+003,1.450378e-002
1.953569e+003,1.447220e-002
1.955497e+003,1.442818e-002
1.957426e+003,1.441287e-002
1.959354e+003,1.440475e-002
1.961283e+003,1.439074e-002
1.963211e+003,1.438249e-002
1.965140e+003,1.435683e-002
1.967068e+003,1.430999e-002
1.968997e+003,1.426653e-002
1.970925e+003,1.423322e-002
1.972854e+003,1.421545e-002
1.974782e+003,1.419984e-002
1.976711e+003,1.417882e-002
1.978640e+003,1.417420e-002
1.980568e+003,1.418234e-002
1.982496e+003,1.417570e-002
1.984425e+003,1.414469e-002
1.986354e+003,1.410495e-002
1.988282e+003,1.407339e-002
1.990210e+003,1.404156e-002
1.992139e+003,1.400741e-002
1.994068e+003,1.396840e-002
1.995996e+003,1.391821e-002
1.997924e+003,1.388875e-002
1.999853e+003,1.389169e-002
2.001781e+003,1.387986e-002
2.003710e+003,1.383617e-002
2.005638e+003,1.379625e-002
2.007567e+003,1.376725e-002
2.009495e+003,1.372495e-002
2.011424e+003,1.368087e-002
2.013352e+003,1.365915e-002
2.015281e+003,1.364038e-002
2.017209e+003,1.360722e-002
2.019138e+003,1.358130e-002
2.021066e+003,1.357098e-002
2.022995e+003,1.356254e-002
2.024923e+003,1.355508e-002
2.026852e+003,1.355006e-002
2.028780e+003,1.354955e-002
2.030709e+003,1.355419e-002
2.032637e+003,1.354883e-002
2.034566e+003,1.353533e-002
2.036494e+003,1.353703e-002
2.038423e+003,1.356428e-002
2.040351e+003,1.361060e-002
2.042280e+003,1.364404e-002
2.044208e+003,1.363659e-002
2.046137e+003,1.361847e-002
2.048065e+003,1.362418e-002
2.049994e+003,1.363960e-002
2.051922e+003,1.365208e-002
2.053851e+003,1.364937e-002
2.055779e+003,1.361836e-002
2.057708e+003,1.359512e-002
2.059636e+003,1.360869e-002
2.061565e+003,1.363840e-002
2.063493e+003,1.365874e-002
2.065422e+003,1.365597e-002
2.067350e+003,1.364996e-002
2.069279e+003,1.367160e-002
2.071207e+003,1.368808e-002
2.073136e+003,1.366268e-002
2.075064e+003,1.363501e-002
2.076993e+003,1.362968e-002
2.078921e+003,1.361700e-002
2.080850e+003,1.361505e-002
2.082778e+003,1.364773e-002
2.084707e+003,1.366808e-002
2.086635e+003,1.365450e-002
2.088564e+003,1.364021e-002
2.090492e+003,1.363231e-002
2.092421e+003,1.362435e-002
2.094349e+003,1.362524e-002
2.096278e+003,1.362093e-002
2.098206e+003,1.357915e-002
2.100135e+003,1.352213e-002
2.102063e+003,1.350179e-002
2.103992e+003,1.350135e-002
2.105920e+003,1.347288e-002
2.107849e+003,1.343296e-002
2.109777e+003,1.342981e-002
2.111706e+003,1.346403e-002
2.113634e+003,1.350689e-002
2.115563e+003,1.355508e-002
2.117491e+003,1.359751e-002
2.119420e+003,1.359159e-002
2.121348e+003,1.353700e-002
2.123277e+003,1.347483e-002
2.125205e+003,1.343303e-002
2.127134e+003,1.342667e-002
2.129062e+003,1.344625e-002
2.130991e+003,1.346389e-002
2.132919e+003,1.346119e-002
2.134848e+003,1.344311e-002
2.136776e+003,1.344184e-002
2.138705e+003,1.344923e-002
2.140633e+003,1.342981e-002
2.142562e+003,1.342131e-002
2.144490e+003,1.345159e-002
2.146419e+003,1.345979e-002
2.148347e+003,1.342715e-002
2.150276e+003,1.340408e-002
2.152204e+003,1.339848e-002
2.154133e+003,1.338566e-002
2.156061e+003,1.336144e-002
2.157990e+003,1.333639e-002
2.159918e+003,1.333113e-002
2.161847e+003,1.335484e-002
2.163775e+003,1.337278e-002
2.165704e+003,1.334647e-002
2.167632e+003,1.331094e-002
2.169561e+003,1.331842e-002
2.171489e+003,1.334418e-002
2.173418e+003,1.334770e-002
2.175346e+003,1.333417e-002
2.177275e+003,1.331025e-002
2.179203e+003,1.328316e-002
2.181132e+003,1.327841e-002
2.183060e+003,1.329915e-002
2.184989e+003,1.332009e-002
2.186917e+003,1.330947e-002
2.188846e+003,1.326096e-002
2.190774e+003,1.321764e-002
2.192703e+003,1.320938e-002
2.194631e+003,1.320893e-002
2.196560e+003,1.318680e-002
2.198488e+003,1.315493e-002
2.200417e+003,1.314042e-002
2.202345e+003,1.314073e-002
2.204274e+003,1.313827e-002
2.206202e+003,1.313567e-002
2.208131e+003,1.312092e-002
2.210059e+003,1.306843e-002
2.211988e+003,1.300998e-002
2.213916e+003,1.299410e-002
2.215845e+003,1.299909e-002
2.217773e+003,1.298704e-002
2.219702e+003,1.297154e-002
2.221630e+003,1.296539e-002
2.223559e+003,1.294904e-002
2.225487e+003,1.291009e-002
2.227416e+003,1.286200e-002
2.229344e+003,1.283565e-002
2.231273e+003,1.284442e-002
2.233201e+003,1.284469e-002
2.235130e+003,1.281132e-002
2.237058e+003,1.280729e-002
2.238987e+003,1.284398e-002
2.240915e+003,1.284524e-002
2.242844e+003,1.280896e-002
2.244772e+003,1.277955e-002
2.246701e+003,1.276494e-002
2.248629e+003,1.276627e-002
2.250558e+003,1.276846e-002
2.252486e+003,1.275792e-002
2.254415e+003,1.274249e-002
2.256343e+003,1.273041e-002
2.258272e+003,1.272472e-002
2.260200e+003,1.270581e-002
2.262129e+003,1.267801e-002
2.264057e+003,1.267340e-002
2.265986e+003,1.267794e-002
2.267914e+003,1.266754e-002
2.269843e+003,1.265068e-002
2.271771e+003,1.263772e-002
2.273700e+003,1.263127e-002
2.275628e+003,1.263479e-002
2.277557e+003,1.264161e-002
2.279485e+003,1.262530e-002
2.281414e+003,1.258437e-002
2.283342e+003,1.256578e-002
2.285271e+003,1.258973e-002
2.287199e+003,1.263363e-002
2.289128e+003,1.267630e-002
2.291056e+003,1.269619e-002
2.292985e+003,1.269336e-002
2.294913e+003,1.269101e-002
2.296842e+003,1.269326e-002
2.298770e+003,1.270827e-002
2.300699e+003,1.275925e-002
2.302627e+003,1.281879e-002
2.304556e+003,1.284705e-002
2.306484e+003,1.288954e-002
2.308413e+003,1.298601e-002
2.310341e+003,1.308431e-002
2.312270e+003,1.313683e-002
2.314198e+003,1.315620e-002
2.316127e+003,1.321166e-002
2.318055e+003,1.336690e-002
2.319984e+003,1.356469e-002
2.321912e+003,1.369906e-002
2.323841e+003,1.375562e-002
2.325769e+003,1.378661e-002
2.327698e+003,1.382810e-002
2.329626e+003,1.384992e-002
2.331555e+003,1.381760e-002
2.333483e+003,1.379584e-002
2.335412e+003,1.386716e-002
2.337340e+003,1.400118e-002
2.339269e+003,1.407558e-002
2.341197e+003,1.403551e-002
2.343126e+003,1.391540e-002
2.345054e+003,1.372467e-002
2.346983e+003,1.356206e-002
2.348911e+003,1.355522e-002
2.350840e+003,1.373025e-002
2.352768e+003,1.405782e-002
2.354697e+003,1.439208e-002
2.356625e+003,1.453828e-002
2.358554e+003,1.451368e-002
2.360482e+003,1.445483e-002
2.362411e+003,1.437478e-002
2.364339e+003,1.423538e-002
2.366268e+003,1.405908e-002
2.368196e+003,1.384462e-002
2.370125e+003,1.361183e-002
2.372053e+003,1.345159e-002
2.373982e+003,1.333684e-002
2.375910e+003,1.314216e-002
2.377839e+003,1.285425e-002
2.379767e+003,1.257025e-002
2.381696e+003,1.237871e-002
2.383624e+003,1.227993e-002
2.385553e+003,1.220140e-002
2.387481e+003,1.212341e-002
2.389410e+003,1.208991e-002
2.391338e+003,1.208790e-002
2.393267e+003,1.206586e-002
2.395195e+003,1.202195e-002
2.397124e+003,1.199255e-002
2.399052e+003,1.199310e-002
2.400981e+003,1.200577e-002
2.402909e+003,1.201330e-002
2.404838e+003,1.201425e-002
2.406766e+003,1.200979e-002
2.408695e+003,1.199112e-002
2.410623e+003,1.195757e-002
2.412552e+003,1.193677e-002
2.414480e+003,1.194787e-002
2.416409e+003,1.196646e-002
2.418337e+003,1.197348e-002
2.420266e+003,1.196704e-002
2.422194e+003,1.192427e-002
2.424123e+003,1.186692e-002
2.426051e+003,1.185687e-002
2.427980e+003,1.188051e-002
2.429908e+003,1.188752e-002
2.431837e+003,1.187128e-002
2.433765e+003,1.184822e-002
2.435694e+003,1.183389e-002
2.437622e+003,1.182953e-002
2.439551e+003,1.183406e-002
2.441479e+003,1.184571e-002
2.443408e+003,1.186018e-002
2.445336e+003,1.187894e-002
2.447265e+003,1.187809e-002
2.449193e+003,1.184516e-002
2.451122e+003,1.181554e-002
2.453050e+003,1.180423e-002
2.454979e+003,1.180192e-002
2.456907e+003,1.180284e-002
2.458836e+003,1.179382e-002
2.460764e+003,1.179177e-002
2.462693e+003,1.181530e-002
2.464621e+003,1.182837e-002
2.466550e+003,1.180675e-002
2.468478e+003,1.177625e-002
2.470406e+003,1.174340e-002
2.472335e+003,1.169836e-002
2.474264e+003,1.166701e-002
2.476192e+003,1.165578e-002
2.478121e+003,1.165149e-002
2.480049e+003,1.166391e-002
2.481978e+003,1.168083e-002
2.483906e+003,1.166575e-002
2.485834e+003,1.162311e-002
2.487763e+003,1.160228e-002
2.489692e+003,1.161361e-002
2.491620e+003,1.161555e-002
2.493549e+003,1.159901e-002
2.495477e+003,1.158700e-002
2.497406e+003,1.158625e-002
2.499334e+003,1.158506e-002
2.501262e+003,1.156536e-002
2.503191e+003,1.152541e-002
2.505120e+003,1.149455e-002
2.507048e+003,1.150180e-002
2.508977e+003,1.153123e-002
2.510905e+003,1.153055e-002
2.512833e+003,1.149258e-002
2.514762e+003,1.148394e-002
2.516690e+003,1.151762e-002
2.518619e+003,1.151149e-002
2.520548e+003,1.145134e-002
2.522476e+003,1.140498e-002
2.524405e+003,1.139185e-002
2.526333e+003,1.139117e-002
2.528261e+003,1.140005e-002
2.530190e+003,1.143080e-002
2.532119e+003,1.147655e-002
2.534047e+003,1.148795e-002
2.535976e+003,1.142722e-002
2.537904e+003,1.135056e-002
2.539833e+003,1.133474e-002
2.541761e+003,1.134879e-002
2.543689e+003,1.134151e-002
2.545618e+003,1.132818e-002
2.547547e+003,1.131386e-002
2.549475e+003,1.128948e-002
2.551404e+003,1.126248e-002
2.553332e+003,1.124762e-002
2.555260e+003,1.126673e-002
2.557189e+003,1.130682e-002
2.559117e+003,1.133239e-002
2.561046e+003,1.134576e-002
2.562975e+003,1.135372e-002
2.564903e+003,1.133848e-002
2.566832e+003,1.129927e-002
2.568760e+003,1.125309e-002
2.570688e+003,1.121283e-002
2.572617e+003,1.118441e-002
2.574545e+003,1.117098e-002
2.576474e+003,1.117975e-002
2.578403e+003,1.119631e-002
2.580331e+003,1.120161e-002
2.582260e+003,1.120304e-002
2.584188e+003,1.120491e-002
2.586116e+003,1.118369e-002
2.588045e+003,1.113776e-002
2.589973e+003,1.113110e-002
2.591902e+003,1.118261e-002
2.593831e+003,1.120651e-002
2.595759e+003,1.117166e-002
2.597688e+003,1.114868e-002
2.599616e+003,1.116489e-002
2.601544e+003,1.118570e-002
2.603473e+003,1.117870e-002
2.605401e+003,1.113831e-002
2.607330e+003,1.110612e-002
2.609259e+003,1.111397e-002
2.611187e+003,1.112879e-002
2.613115e+003,1.112454e-002
2.615044e+003,1.111370e-002
2.616972e+003,1.108426e-002
2.618901e+003,1.102740e-002
2.620830e+003,1.098414e-002
2.622758e+003,1.098315e-002
2.624687e+003,1.101843e-002
2.626615e+003,1.106156e-002
2.628543e+003,1.108599e-002
2.630472e+003,1.109408e-002
2.632400e+003,1.107199e-002
2.634329e+003,1.101408e-002
2.636258e+003,1.096725e-002
2.638186e+003,1.096541e-002
2.640115e+003,1.100174e-002
2.642043e+003,1.104596e-002
2.643971e+003,1.107138e-002
2.645900e+003,1.107498e-002
2.647828e+003,1.105357e-002
2.649757e+003,1.101428e-002
2.651686e+003,1.097622e-002
2.653614e+003,1.094958e-002
2.655542e+003,1.093632e-002
2.657471e+003,1.092596e-002
2.659399e+003,1.091478e-002
2.661328e+003,1.091094e-002
2.663256e+003,1.090265e-002
2.665185e+003,1.089171e-002
2.667114e+003,1.089711e-002
2.669042e+003,1.089504e-002
2.670970e+003,1.088050e-002
2.672899e+003,1.086790e-002
2.674827e+003,1.083280e-002
2.676756e+003,1.078402e-002
2.678684e+003,1.076120e-002
2.680613e+003,1.076656e-002
2.682542e+003,1.077129e-002
2.684470e+003,1.076789e-002
2.686398e+003,1.077845e-002
2.688327e+003,1.078576e-002
2.690255e+003,1.075396e-002
2.692184e+003,1.070988e-002
2.694112e+003,1.070577e-002
2.696041e+003,1.072326e-002
2.697969e+003,1.070856e-002
2.699898e+003,1.066407e-002
2.701826e+003,1.061330e-002
2.703755e+003,1.057324e-002
2.705683e+003,1.055745e-002
2.707612e+003,1.055922e-002
2.709540e+003,1.054815e-002
2.711469e+003,1.051539e-002
2.713397e+003,1.051105e-002
2.715326e+003,1.052388e-002
2.717254e+003,1.050182e-002
2.719183e+003,1.047816e-002
2.721111e+003,1.047639e-002
2.723040e+003,1.046325e-002
2.724969e+003,1.042850e-002
2.726897e+003,1.038204e-002
2.728825e+003,1.034084e-002
2.730754e+003,1.034352e-002
2.732682e+003,1.038984e-002
2.734611e+003,1.042202e-002
2.736539e+003,1.041462e-002
2.738468e+003,1.039717e-002
2.740396e+003,1.040379e-002
2.742325e+003,1.041669e-002
2.744253e+003,1.039269e-002
2.746182e+003,1.035068e-002
2.748110e+003,1.032551e-002
2.750039e+003,1.030182e-002
2.751967e+003,1.026864e-002
2.753896e+003,1.025348e-002
2.755824e+003,1.025761e-002
2.757753e+003,1.023804e-002
2.759681e+003,1.019031e-002
2.761610e+003,1.013679e-002
2.763538e+003,1.007781e-002
2.765467e+003,1.002342e-002
2.767395e+003,9.999583e-003
2.769324e+003,1.000206e-002
2.771252e+003,9.998973e-003
2.773181e+003,9.982834e-003
2.775109e+003,9.957101e-003
2.777038e+003,9.910861e-003
2.778966e+003,9.852999e-003
2.780895e+003,9.777388e-003
2.782823e+003,9.674345e-003
2.784752e+003,9.584097e-003
2.786680e+003,9.552223e-003
2.788609e+003,9.590398e-003
2.790537e+003,9.645378e-003
2.792466e+003,9.650832e-003
2.794394e+003,9.639551e-003
2.796323e+003,9.670516e-003
2.798251e+003,9.709853e-003
2.800180e+003,9.713580e-003
2.802108e+003,9.706058e-003
2.804037e+003,9.706295e-003
2.805965e+003,9.712496e-003
2.807894e+003,9.716325e-003
2.809822e+003,9.705753e-003
2.811751e+003,9.691183e-003
2.813679e+003,9.684814e-003
2.815608e+003,9.682206e-003
2.817536e+003,9.672312e-003
2.819465e+003,9.660081e-003
2.821393e+003,9.654119e-003
2.823322e+003,9.635723e-003
2.825250e+003,9.571157e-003
2.827179e+003,9.500268e-003
2.829107e+003,9.508430e-003
2.831036e+003,9.558693e-003
2.832964e+003,9.573461e-003
2.834893e+003,9.566314e-003
2.836821e+003,9.544670e-003
2.838750e+003,9.494680e-003
2.840678e+003,9.405384e-003
2.842607e+003,9.249963e-003
2.844535e+003,9.085326e-003
2.846464e+003,8.986271e-003
2.848392e+003,8.896639e-003
2.850321e+003,8.765066e-003
2.852249e+003,8.640665e-003
2.854178e+003,8.590881e-003
2.856106e+003,8.632789e-003
2.858035e+003,8.683795e-003
2.859963e+003,8.656585e-003
2.861892e+003,8.587196e-003
2.863820e+003,8.549348e-003
2.865749e+003,8.524307e-003
2.867677e+003,8.466664e-003
2.869606e+003,8.397914e-003
2.871534e+003,8.359980e-003
2.873463e+003,8.328770e-003
2.875391e+003,8.238295e-003
2.877320e+003,8.108305e-003
2.879248e+003,8.017201e-003
2.881177e+003,7.970120e-003
2.883105e+003,7.900436e-003
2.885034e+003,7.767478e-003
2.886962e+003,7.610518e-003
2.888891e+003,7.453581e-003
2.890819e+003,7.266914e-003
2.892748e+003,7.090634e-003
2.894676e+003,6.965196e-003
2.896605e+003,6.811016e-003
2.898533e+003,6.595357e-003
2.900462e+003,6.402469e-003
2.902390e+003,6.253598e-003
2.904319e+003,6.072822e-003
2.906247e+003,5.843223e-003
2.908176e+003,5.625661e-003
2.910104e+003,5.438805e-003
2.912033e+003,5.250957e-003
2.913961e+003,5.041099e-003
2.915890e+003,4.834961e-003
2.917818e+003,4.684885e-003
2.919747e+003,4.626576e-003
2.921675e+003,4.705852e-003
2.923604e+003,4.942626e-003
2.925532e+003,5.301131e-003
2.927461e+003,5.722845e-003
2.929389e+003,6.114523e-003
2.931318e+003,6.417634e-003
2.933246e+003,6.668331e-003
2.935175e+003,6.905841e-003
2.937103e+003,7.108754e-003
2.939032e+003,7.247070e-003
2.940960e+003,7.318333e-003
2.942889e+003,7.347145e-003
2.944817e+003,7.362613e-003
2.946746e+003,7.358131e-003
2.948674e+003,7.329420e-003
2.950603e+003,7.304484e-003
2.952531e+003,7.286221e-003
2.954460e+003,7.267487e-003
2.956388e+003,7.251248e-003
2.958317e+003,7.200511e-003
2.960245e+003,7.100772e-003
2.962174e+003,6.992537e-003
2.964102e+003,6.884565e-003
2.966031e+003,6.771605e-003
2.967959e+003,6.680713e-003
2.969888e+003,6.610429e-003
2.971816e+003,6.527778e-003
2.973745e+003,6.433137e-003
2.975673e+003,6.388951e-003
2.977602e+003,6.437307e-003
2.979530e+003,6.514526e-003
2.981459e+003,6.570094e-003
2.983387e+003,6.649590e-003
2.985316e+003,6.797756e-003
2.987244e+003,7.002807e-003
2.989173e+003,7.231471e-003
2.991101e+003,7.434806e-003
2.993030e+003,7.573057e-003
2.994958e+003,7.678334e-003
2.996887e+003,7.784513e-003
2.998815e+003,7.870643e-003
3.000744e+003,7.961920e-003
3.002672e+003,8.107495e-003
3.004601e+003,8.291449e-003
3.006529e+003,8.496701e-003
3.008458e+003,8.735078e-003
3.010386e+003,8.977171e-003
3.012315e+003,9.144575e-003
3.014243e+003,9.230636e-003
3.016172e+003,9.318273e-003
3.018100e+003,9.417438e-003
3.020029e+003,9.444391e-003
3.021957e+003,9.403928e-003
3.023886e+003,9.385746e-003
3.025814e+003,9.393770e-003
3.027743e+003,9.404774e-003
3.029671e+003,9.430102e-003
3.031600e+003,9.453907e-003
3.033528e+003,9.480660e-003
3.035457e+003,9.504738e-003
3.037385e+003,9.477003e-003
3.039314e+003,9.429662e-003
3.041242e+003,9.443884e-003
3.043171e+003,9.506093e-003
3.045099e+003,9.541079e-003
3.047028e+003,9.525500e-003
3.048956e+003,9.503418e-003
3.050885e+003,9.490176e-003
3.052813e+003,9.461695e-003
3.054742e+003,9.435791e-003
3.056670e+003,9.433251e-003
3.058599e+003,9.430169e-003
3.060527e+003,9.425395e-003
3.062456e+003,9.439481e-003
3.064384e+003,9.470263e-003
3.066313e+003,9.499828e-003
3.068241e+003,9.498609e-003
3.070170e+003,9.474022e-003
3.072098e+003,9.458648e-003
3.074027e+003,9.463727e-003
3.075955e+003,9.463727e-003
3.077884e+003,9.428442e-003
3.079812e+003,9.396445e-003
3.081741e+003,9.384763e-003
3.083669e+003,9.368072e-003
3.085598e+003,9.365161e-003
3.087526e+003,9.387506e-003
3.089455e+003,9.408973e-003
3.091383e+003,9.394820e-003
3.093312e+003,9.347184e-003
3.095240e+003,9.322334e-003
3.097169e+003,9.330831e-003
3.099097e+003,9.316952e-003
3.101026e+003,9.266955e-003
3.102954e+003,9.239674e-003
3.104883e+003,9.256292e-003
3.106811e+003,9.275011e-003
3.108740e+003,9.265228e-003
3.110668e+003,9.232802e-003
3.112597e+003,9.216862e-003
3.114525e+003,9.228233e-003
3.116454e+003,9.233040e-003
3.118382e+003,9.228403e-003
3.120311e+003,9.243498e-003
3.122239e+003,9.254329e-003
3.124167e+003,9.203290e-003
3.126096e+003,9.131412e-003
3.128025e+003,9.118114e-003
3.129953e+003,9.136724e-003
3.131882e+003,9.112124e-003
3.133810e+003,9.060696e-003
3.135739e+003,9.067631e-003
3.137667e+003,9.116523e-003
3.139595e+003,9.125964e-003
3.141524e+003,9.114324e-003
3.143453e+003,9.137198e-003
3.145381e+003,9.167620e-003
3.147310e+003,9.136589e-003
3.149238e+003,9.047062e-003
3.151167e+003,8.978254e-003
3.153095e+003,8.962119e-003
3.155023e+003,8.965773e-003
3.156952e+003,8.969054e-003
3.158881e+003,8.963033e-003
3.160809e+003,8.936278e-003
3.162738e+003,8.919941e-003
3.164666e+003,8.941622e-003
3.166594e+003,8.960800e-003
3.168523e+003,8.961984e-003
3.170452e+003,8.959616e-003
3.172380e+003,8.947608e-003
3.174309e+003,8.951871e-003
3.176237e+003,8.986779e-003
3.178166e+003,9.008394e-003
3.180094e+003,8.996114e-003
3.182022e+003,8.975784e-003
3.183951e+003,8.969392e-003
3.185880e+003,8.970913e-003
3.187808e+003,8.954746e-003
3.189737e+003,8.915849e-003
3.191665e+003,8.862076e-003
3.193594e+003,8.816697e-003
3.195522e+003,8.820044e-003
3.197450e+003,8.836173e-003
3.199379e+003,8.818827e-003
3.201308e+003,8.814735e-003
3.203236e+003,8.840198e-003
3.205165e+003,8.860893e-003
3.207093e+003,8.879357e-003
3.209021e+003,8.879595e-003
3.210950e+003,8.824676e-003
3.212878e+003,8.754416e-003
3.214807e+003,8.736667e-003
3.216736e+003,8.765539e-003
3.218664e+003,8.808581e-003
3.220593e+003,8.840772e-003
3.222521e+003,8.832893e-003
3.224449e+003,8.782208e-003
3.226378e+003,8.724700e-003
3.228306e+003,8.717870e-003
3.230235e+003,8.782478e-003
3.232164e+003,8.834888e-003
3.234092e+003,8.785454e-003
3.236021e+003,8.680855e-003
3.237949e+003,8.624779e-003
3.239877e+003,8.627145e-003
3.241806e+003,8.638198e-003
3.243734e+003,8.626739e-003
3.245663e+003,8.609942e-003
3.247592e+003,8.658275e-003
3.249520e+003,8.761752e-003
3.251448e+003,8.817508e-003
3.253377e+003,8.785082e-003
3.255305e+003,8.720541e-003
3.257234e+003,8.709926e-003
3.259163e+003,8.772505e-003
3.261091e+003,8.828565e-003
3.263020e+003,8.802325e-003
3.264948e+003,8.725747e-003
3.266876e+003,8.708709e-003
3.268805e+003,8.763106e-003
3.270733e+003,8.759622e-003
3.272662e+003,8.675717e-003
3.274591e+003,8.625928e-003
3.276519e+003,8.644755e-003
3.278448e+003,8.680855e-003
3.280376e+003,8.697960e-003
3.282304e+003,8.693936e-003
3.284233e+003,8.660540e-003
3.286161e+003,8.598519e-003
3.288090e+003,8.574050e-003
3.290019e+003,8.606123e-003
3.291947e+003,8.616769e-003
3.293875e+003,8.571448e-003
3.295804e+003,8.518664e-003
3.297732e+003,8.525896e-003
3.299661e+003,8.585980e-003
3.301589e+003,8.627584e-003
3.303518e+003,8.642253e-003
3.305447e+003,8.664291e-003
3.307375e+003,8.690996e-003
3.309303e+003,8.699379e-003
3.311232e+003,8.661148e-003
3.313160e+003,8.580167e-003
3.315089e+003,8.520050e-003
3.317017e+003,8.520050e-003
3.318946e+003,8.546171e-003
3.320875e+003,8.559586e-003
3.322803e+003,8.571246e-003
3.324731e+003,8.578849e-003
3.326660e+003,8.536607e-003
3.328588e+003,8.458623e-003
3.330517e+003,8.401360e-003
3.332445e+003,8.378997e-003
3.334374e+003,8.375011e-003
3.336302e+003,8.384841e-003
3.338231e+003,8.437136e-003
3.340159e+003,8.510555e-003
3.342088e+003,8.537351e-003
3.344016e+003,8.506129e-003
3.345945e+003,8.469266e-003
3.347873e+003,8.468793e-003
3.349802e+003,8.484774e-003
3.351730e+003,8.462272e-003
3.353659e+003,8.385078e-003
3.355587e+003,8.318739e-003
3.357516e+003,8.317016e-003
3.359444e+003,8.334748e-003
3.361373e+003,8.332012e-003
3.363302e+003,8.338633e-003
3.365230e+003,8.377207e-003
3.367158e+003,8.428521e-003
3.369087e+003,8.447507e-003
3.371015e+003,8.423318e-003
3.372944e+003,8.400076e-003
3.374872e+003,8.390888e-003
3.376801e+003,8.394131e-003
3.378729e+003,8.416663e-003
3.380658e+003,8.436291e-003
3.382586e+003,8.431494e-003
3.384515e+003,8.389773e-003
3.386443e+003,8.331912e-003
3.388372e+003,8.334681e-003
3.390300e+003,8.399468e-003
3.392229e+003,8.434062e-003
3.394157e+003,8.424231e-003
3.396086e+003,8.391732e-003
3.398014e+003,8.345658e-003
3.399943e+003,8.352920e-003
3.401871e+003,8.387543e-003
3.403800e+003,8.337890e-003
3.405728e+003,8.242178e-003
3.407657e+003,8.224990e-003
3.409585e+003,8.297866e-003
3.411514e+003,8.358764e-003
3.413442e+003,8.309417e-003
3.415371e+003,8.194297e-003
3.417299e+003,8.172181e-003
3.419228e+003,8.269600e-003
3.421156e+003,8.337653e-003
3.423085e+003,8.313741e-003
3.425013e+003,8.268282e-003
3.426942e+003,8.235560e-003
3.428870e+003,8.219216e-003
3.430799e+003,8.236472e-003
3.432727e+003,8.295671e-003
3.434656e+003,8.355758e-003
3.436584e+003,8.339173e-003
3.438513e+003,8.252647e-003
3.440441e+003,8.206317e-003
3.442370e+003,8.227894e-003
3.444298e+003,8.216852e-003
3.446227e+003,8.136055e-003
3.448155e+003,8.093553e-003
3.450084e+003,8.156515e-003
3.452012e+003,8.229819e-003
3.453941e+003,8.227658e-003
3.455869e+003,8.203987e-003
3.457798e+003,8.253525e-003
3.459726e+003,8.336877e-003
3.461655e+003,8.356265e-003
3.463583e+003,8.346030e-003
3.465512e+003,8.392374e-003
3.467440e+003,8.459400e-003
3.469369e+003,8.432102e-003
3.471297e+003,8.288511e-003
3.473226e+003,8.132544e-003
3.475154e+003,8.072961e-003
3.477083e+003,8.141086e-003
3.479011e+003,8.262541e-003
3.480940e+003,8.326271e-003
3.482868e+003,8.299758e-003
3.484797e+003,8.230089e-003
3.486725e+003,8.164348e-003
3.488654e+003,8.130452e-003
3.490582e+003,8.142808e-003
3.492511e+003,8.171405e-003
3.494439e+003,8.156785e-003
3.496368e+003,8.119615e-003
3.498296e+003,8.124003e-003
3.500225e+003,8.140613e-003
3.502153e+003,8.109217e-003
3.504082e+003,8.067155e-003
3.506010e+003,8.083190e-003
3.507939e+003,8.125185e-003
3.509867e+003,8.149019e-003
3.511796e+003,8.167724e-003
3.513724e+003,8.184168e-003
3.515653e+003,8.174409e-003
3.517581e+003,8.141795e-003
3.519510e+003,8.131430e-003
3.521438e+003,8.154219e-003
3.523367e+003,8.162558e-003
3.525295e+003,8.118940e-003
3.527224e+003,8.031242e-003
3.529152e+003,7.965429e-003
3.531081e+003,8.000359e-003
3.533009e+003,8.116779e-003
3.534938e+003,8.208006e-003
3.536866e+003,8.193047e-003
3.538795e+003,8.127751e-003
3.540723e+003,8.126974e-003
3.542652e+003,8.197032e-003
3.544580e+003,8.212530e-003
3.546509e+003,8.120459e-003
3.548437e+003,8.096625e-003
3.550366e+003,8.175287e-003
3.552294e+003,8.186260e-003
3.554223e+003,8.106752e-003
3.556151e+003,8.075122e-003
3.558080e+003,8.176165e-003
3.560008e+003,8.366804e-003
3.561937e+003,8.497107e-003
3.563865e+003,8.485720e-003
3.565794e+003,8.363864e-003
3.567722e+003,8.249236e-003
3.569651e+003,8.251769e-003
3.571579e+003,8.292126e-003
3.573508e+003,8.284999e-003
3.575436e+003,8.268958e-003
3.577365e+003,8.271119e-003
3.579293e+003,8.230629e-003
3.581222e+003,8.165631e-003
3.583150e+003,8.156076e-003
3.585079e+003,8.227455e-003
3.587007e+003,8.253525e-003
3.588936e+003,8.153274e-003
3.590864e+003,8.074885e-003
3.592793e+003,8.027461e-003
3.594721e+003,8.013859e-003
3.596650e+003,8.091798e-003
3.598578e+003,8.179980e-003
3.600507e+003,8.236944e-003
3.602435e+003,8.291584e-003
3.604364e+003,8.250925e-003
3.606292e+003,8.083696e-003
3.608221e+003,7.959523e-003
3.610149e+003,7.973866e-003
3.612078e+003,8.021116e-003
3.614006e+003,8.081536e-003
3.615935e+003,8.195445e-003
3.617863e+003,8.320427e-003
3.619792e+003,8.397779e-003
3.621720e+003,8.439264e-003
3.623649e+003,8.465887e-003
3.625577e+003,8.501161e-003
3.627506e+003,8.515792e-003
3.629434e+003,8.393422e-003
3.631363e+003,8.250452e-003
3.633291e+003,8.196356e-003
3.635220e+003,8.153814e-003
3.637148e+003,8.049772e-003
3.639077e+003,7.960401e-003
3.641005e+003,7.982269e-003
3.642934e+003,8.080759e-003
3.644862e+003,8.181264e-003
3.646791e+003,8.214151e-003
3.648719e+003,8.094903e-003
3.650648e+003,7.924630e-003
3.652576e+003,7.872735e-003
3.654505e+003,7.893891e-003
3.656433e+003,7.942178e-003
3.658362e+003,7.992461e-003
3.660290e+003,8.020711e-003
3.662219e+003,8.013454e-003
3.664147e+003,7.966746e-003
3.666076e+003,7.923551e-003
3.668004e+003,7.896489e-003
3.669933e+003,7.865211e-003
3.671861e+003,7.898345e-003
3.673790e+003,7.969884e-003
3.675718e+003,8.033098e-003
3.677647e+003,8.101891e-003
3.679575e+003,8.113605e-003
3.681504e+003,8.089064e-003
3.683432e+003,8.121505e-003
3.685361e+003,8.195951e-003
3.687289e+003,8.219824e-003
3.689218e+003,8.179542e-003
3.691146e+003,8.155131e-003
3.693075e+003,8.164415e-003
3.695003e+003,8.191966e-003
3.696932e+003,8.181129e-003
3.698860e+003,8.123159e-003
3.700789e+003,8.124070e-003
3.702717e+003,8.195614e-003
3.704646e+003,8.241536e-003
3.706574e+003,8.273145e-003
3.708503e+003,8.302595e-003
3.710431e+003,8.267168e-003
3.712360e+003,8.198990e-003
3.714288e+003,8.206554e-003
3.716217e+003,8.240051e-003
3.718145e+003,8.209795e-003
3.720074e+003,8.143381e-003
3.722002e+003,8.178090e-003
3.723931e+003,8.256125e-003
3.725859e+003,8.207262e-003
3.727788e+003,8.147771e-003
3.729716e+003,8.200746e-003
3.731645e+003,8.283209e-003
3.733573e+003,8.305432e-003
3.735502e+003,8.276117e-003
3.737430e+003,8.245015e-003
3.739359e+003,8.193858e-003
3.741287e+003,8.060371e-003
3.743216e+003,7.865109e-003
3.745144e+003,7.851176e-003
3.747073e+003,8.012070e-003
3.749001e+003,8.079747e-003
3.750930e+003,7.990977e-003
3.752858e+003,7.934248e-003
3.754787e+003,8.006806e-003
3.756715e+003,8.097570e-003
3.758644e+003,8.078025e-003
3.760572e+003,8.002215e-003
3.762500e+003,8.015919e-003
3.764429e+003,8.068337e-003
3.766358e+003,8.056927e-003
3.768286e+003,7.982303e-003
3.770215e+003,7.904317e-003
3.772143e+003,7.911538e-003
3.774072e+003,7.997322e-003
3.776000e+003,8.048118e-003
3.777928e+003,7.980042e-003
3.779857e+003,7.901280e-003
3.781786e+003,7.936643e-003
3.783714e+003,7.966037e-003
3.785643e+003,7.910323e-003
3.787571e+003,7.838389e-003
3.789500e+003,7.804923e-003
3.791428e+003,7.800874e-003
3.793356e+003,7.791125e-003
3.795285e+003,7.773213e-003
3.797214e+003,7.827897e-003
3.799142e+003,7.941335e-003
3.801071e+003,7.934417e-003
3.802999e+003,7.846823e-003
3.804927e+003,7.836634e-003
3.806856e+003,7.880900e-003
3.808785e+003,7.961447e-003
3.810713e+003,8.021926e-003
3.812642e+003,7.983821e-003
3.814570e+003,7.841054e-003
3.816499e+003,7.761609e-003
3.818427e+003,7.840211e-003
3.820355e+003,7.860892e-003
3.822284e+003,7.759484e-003
3.824213e+003,7.728081e-003
3.826141e+003,7.764409e-003
3.828070e+003,7.787516e-003
3.829998e+003,7.779622e-003
3.831927e+003,7.806103e-003
3.833855e+003,7.883971e-003
3.835783e+003,7.917308e-003
3.837712e+003,7.854617e-003
3.839641e+003,7.844664e-003
3.841569e+003,7.956756e-003
3.843498e+003,8.004106e-003
3.845426e+003,7.939849e-003
3.847354e+003,7.882588e-003
3.849283e+003,7.851918e-003
3.851211e+003,7.789169e-003
3.853140e+003,7.662348e-003
3.855069e+003,7.655907e-003
3.856997e+003,7.787111e-003
3.858926e+003,7.891596e-003
3.860854e+003,7.903035e-003
3.862782e+003,7.857248e-003
3.864711e+003,7.808364e-003
3.866639e+003,7.786807e-003
3.868568e+003,7.793891e-003
3.870497e+003,7.803877e-003
3.872425e+003,7.817809e-003
3.874354e+003,7.837410e-003
3.876282e+003,7.858801e-003
3.878210e+003,7.895376e-003
3.880139e+003,7.967994e-003
3.882067e+003,8.033166e-003
3.883996e+003,7.952032e-003
3.885925e+003,7.781882e-003
3.887853e+003,7.744035e-003
3.889781e+003,7.751659e-003
3.891710e+003,7.684438e-003
3.893638e+003,7.679885e-003
3.895567e+003,7.767209e-003
3.897495e+003,7.790889e-003
3.899424e+003,7.627682e-003
3.901353e+003,7.380745e-003
3.903281e+003,7.310516e-003
3.905209e+003,7.480615e-003
3.907138e+003,7.690408e-003
3.909066e+003,7.758439e-003
3.910995e+003,7.735131e-003
3.912924e+003,7.802494e-003
3.914852e+003,7.908771e-003
3.916781e+003,7.888391e-003
3.918709e+003,7.790214e-003
3.920637e+003,7.702380e-003
3.922566e+003,7.639620e-003
3.924494e+003,7.596592e-003
3.926423e+003,7.558795e-003
3.928352e+003,7.570461e-003
3.930280e+003,7.630009e-003
3.932208e+003,7.664237e-003
3.934137e+003,7.707035e-003
3.936065e+003,7.764409e-003
3.937994e+003,7.749028e-003
3.939922e+003,7.698907e-003
3.941851e+003,7.692533e-003
3.943780e+003,7.703696e-003
3.945708e+003,7.704809e-003
3.947636e+003,7.685382e-003
3.949565e+003,7.609034e-003
3.951493e+003,7.524170e-003
3.953422e+003,7.528486e-003
3.955350e+003,7.622051e-003
3.957279e+003,7.744137e-003
3.959208e+003,7.781646e-003
3.961136e+003,7.680729e-003
3.963064e+003,7.565370e-003
3.964993e+003,7.515843e-003
3.966921e+003,7.518810e-003
3.968850e+003,7.587185e-003
3.970778e+003,7.695602e-003
3.972707e+003,7.744946e-003
3.974635e+003,7.687271e-003
3.976564e+003,7.614126e-003
3.978492e+003,7.591130e-003
3.980421e+003,7.576058e-003
3.982349e+003,7.577238e-003
3.984278e+003,7.622186e-003
3.986206e+003,7.638203e-003
3.988135e+003,7.591163e-003
3.990063e+003,7.561189e-003
3.991992e+003,7.566280e-003
3.993920e+003,7.552086e-003
3.995849e+003,7.541331e-003
3.997777e+003,7.556941e-003
3.999706e+003,7.567090e-003
