3.953422e+002,-3.236912e-002
3.972707e+002,-8.057436e-002
3.991992e+002,-1.121725e-001
4.011277e+002,-4.658159e-002
4.030562e+002,3.937052e-003
4.049847e+002,-4.174184e-002
4.069132e+002,-1.300152e-001
4.088417e+002,-1.502795e-001
4.107702e+002,-6.839784e-002
4.126987e+002,1.246498e-002
4.146272e+002,-3.971784e-003
4.165557e+002,-1.121531e-001
4.184842e+002,-1.759541e-001
4.204127e+002,-1.422151e-001
4.223412e+002,-1.998030e-001
4.242697e+002,-3.913513e-001
4.261982e+002,-6.227585e-001
4.281267e+002,-7.830706e-001
4.300552e+002,-4.955205e-001
4.319837e+002,-2.233769e-001
4.339122e+002,-4.183621e-002
4.358407e+002,1.017332e-001
4.377692e+002,9.089635e-002
4.396977e+002,-7.506366e-002
4.416262e+002,-2.892278e-001
4.435547e+002,-5.072876e-001
4.454832e+002,-6.667216e-001
4.474117e+002,-8.905891e-001
4.493401e+002,-7.902808e-001
4.512686e+002,-3.440283e-001
4.531971e+002,-3.885956e-002
4.551256e+002,1.720477e-002
4.570541e+002,-1.067822e-001
4.589826e+002,-2.472417e-001
4.609111e+002,-2.258721e-001
4.628396e+002,-9.652204e-002
4.647681e+002,-7.846286e-002
4.666966e+002,-3.059205e-001
4.686251e+002,-3.785232e-001
4.705536e+002,-1.865085e-001
4.724821e+002,-1.422715e-001
4.744106e+002,-3.219390e-001
4.763391e+002,-5.724229e-001
4.782676e+002,-3.789371e-001
4.801961e+002,-8.086417e-002
4.821246e+002,-1.617313e-001
4.840531e+002,-4.533126e-001
4.859816e+002,-5.462340e-001
4.879101e+002,-3.262644e-001
4.898386e+002,-2.915874e-001
4.917671e+002,-5.094803e-001
4.936956e+002,-5.793873e-001
4.956241e+002,-4.428760e-001
4.975526e+002,-2.661316e-001
4.994811e+002,-1.115089e-001
5.014096e+002,-9.724430e-002
5.033381e+002,-3.170447e-001
5.052666e+002,-3.201986e-001
5.071951e+002,-1.752086e-001
5.091236e+002,-1.038102e-001
5.110521e+002,-1.072133e-001
5.129806e+002,-1.378107e-001
5.149091e+002,-1.376479e-001
5.168376e+002,-9.222826e-002
5.187661e+002,-4.094581e-002
5.206946e+002,-7.244207e-003
5.226231e+002,1.426770e-002
5.245516e+002,2.677603e-002
5.264801e+002,3.163328e-002
5.284086e+002,3.375143e-002
5.303371e+002,3.364132e-002
5.322656e+002,3.338136e-002
5.341941e+002,3.420321e-002
5.361226e+002,3.397434e-002
5.380511e+002,3.307497e-002
5.399796e+002,3.313265e-002
5.419081e+002,3.412564e-002
5.438366e+002,3.507378e-002
5.457651e+002,3.422992e-002
5.476936e+002,3.131509e-002
5.496221e+002,2.919431e-002
5.515506e+002,2.897458e-002
5.534791e+002,2.899817e-002
5.554076e+002,2.961605e-002
5.573361e+002,3.114376e-002
5.592646e+002,3.056558e-002
5.611931e+002,2.717053e-002
5.631216e+002,2.487864e-002
5.650500e+002,2.553453e-002
5.669786e+002,2.645602e-002
5.689070e+002,2.512180e-002
5.708356e+002,2.324341e-002
5.727640e+002,2.376460e-002
5.746926e+002,2.555067e-002
5.766210e+002,2.611478e-002
5.785496e+002,2.490847e-002
5.804780e+002,2.265827e-002
5.824066e+002,2.123789e-002
5.843350e+002,2.196323e-002
5.862635e+002,2.373846e-002
5.881920e+002,2.386285e-002
5.901205e+002,2.203124e-002
5.920490e+002,2.060019e-002
5.939775e+002,2.010451e-002
5.959061e+002,1.954360e-002
5.978345e+002,1.888413e-002
5.997631e+002,1.856234e-002
6.016915e+002,1.866484e-002
6.036201e+002,1.860370e-002
6.055485e+002,1.787990e-002
6.074771e+002,1.675513e-002
6.094055e+002,1.547598e-002
6.113340e+002,1.419953e-002
6.132625e+002,1.313516e-002
6.151910e+002,1.185136e-002
6.171195e+002,1.029914e-002
6.190480e+002,9.155979e-003
6.209765e+002,7.944540e-003
6.229050e+002,5.865153e-003
6.248335e+002,3.338295e-003
6.267620e+002,1.222676e-003
6.286905e+002,4.857722e-005
6.306190e+002,-3.054851e-005
6.325475e+002,1.068827e-003
6.344760e+002,3.460953e-003
6.364045e+002,6.617763e-003
6.383330e+002,9.580371e-003
6.402615e+002,1.172474e-002
6.421900e+002,1.289596e-002
6.441185e+002,1.353211e-002
6.460470e+002,1.407425e-002
6.479755e+002,1.468759e-002
6.499040e+002,1.523607e-002
6.518325e+002,1.524393e-002
6.537610e+002,1.492826e-002
6.556895e+002,1.489390e-002
6.576180e+002,1.504552e-002
6.595465e+002,1.521892e-002
6.614750e+002,1.551121e-002
6.634035e+002,1.574863e-002
6.653320e+002,1.569885e-002
6.672605e+002,1.538988e-002
6.691890e+002,1.511077e-002
6.711175e+002,1.498844e-002
6.730460e+002,1.482237e-002
6.749745e+002,1.459838e-002
6.769030e+002,1.443856e-002
6.788315e+002,1.427407e-002
6.807599e+002,1.393617e-002
6.826885e+002,1.355956e-002
6.846169e+002,1.332980e-002
6.865455e+002,1.324719e-002
6.884739e+002,1.333875e-002
6.904025e+002,1.355074e-002
6.923310e+002,1.367122e-002
6.942595e+002,1.357881e-002
6.961880e+002,1.335645e-002
6.981165e+002,1.309124e-002
7.000450e+002,1.275399e-002
7.019734e+002,1.241598e-002
7.039020e+002,1.224240e-002
7.058304e+002,1.217131e-002
7.077590e+002,1.200686e-002
7.096874e+002,1.179123e-002
7.116160e+002,1.172144e-002
7.135444e+002,1.177567e-002
7.154730e+002,1.176958e-002
7.174014e+002,1.163948e-002
7.193300e+002,1.140379e-002
7.212584e+002,1.114001e-002
7.231870e+002,1.092637e-002
7.251154e+002,1.073902e-002
7.270439e+002,1.060006e-002
7.289724e+002,1.055881e-002
7.309009e+002,1.054588e-002
7.328294e+002,1.044628e-002
7.347579e+002,1.024886e-002
7.366864e+002,1.005702e-002
7.386149e+002,9.914047e-003
7.405434e+002,9.786334e-003
7.424719e+002,9.664689e-003
7.444005e+002,9.554763e-003
7.463289e+002,9.446695e-003
7.482574e+002,9.297419e-003
7.501859e+002,9.136048e-003
7.521144e+002,9.073215e-003
7.540429e+002,9.076564e-003
7.559714e+002,8.966347e-003
7.578999e+002,8.722637e-003
7.598284e+002,8.480618e-003
7.617569e+002,8.267472e-003
7.636854e+002,8.047915e-003
7.656139e+002,7.789708e-003
7.675424e+002,7.505426e-003
7.694709e+002,7.284638e-003
7.713994e+002,7.120105e-003
7.733279e+002,6.975836e-003
7.752564e+002,6.879718e-003
7.771849e+002,6.765648e-003
7.791134e+002,6.512238e-003
7.810419e+002,6.093857e-003
7.829704e+002,5.564843e-003
7.848989e+002,4.987033e-003
7.868274e+002,4.463884e-003
7.887559e+002,4.114431e-003
7.906844e+002,3.902012e-003
7.926129e+002,3.697784e-003
7.945414e+002,3.446992e-003
7.964699e+002,3.113807e-003
7.983984e+002,2.645844e-003
8.003269e+002,2.020002e-003
8.022554e+002,1.201743e-003
8.041839e+002,2.008056e-004
8.061124e+002,-7.683940e-004
8.080409e+002,-1.560457e-003
8.099694e+002,-2.316804e-003
8.118979e+002,-3.088483e-003
8.138264e+002,-3.804044e-003
8.157549e+002,-4.510263e-003
8.176833e+002,-5.222275e-003
8.196119e+002,-5.855196e-003
8.215403e+002,-6.379200e-003
8.234689e+002,-6.906453e-003
8.253973e+002,-7.587820e-003
8.273259e+002,-8.374996e-003
8.292543e+002,-9.094497e-003
8.311829e+002,-9.746654e-003
8.331113e+002,-1.040825e-002
8.350399e+002,-1.108334e-002
8.369683e+002,-1.179847e-002
8.388969e+002,-1.257767e-002
8.408254e+002,-1.341177e-002
8.427538e+002,-1.426363e-002
8.446824e+002,-1.509088e-002
8.466108e+002,-1.586405e-002
8.485394e+002,-1.653553e-002
8.504678e+002,-1.715929e-002
8.523964e+002,-1.782691e-002
8.543248e+002,-1.849432e-002
8.562534e+002,-1.906156e-002
8.581818e+002,-1.953722e-002
8.601104e+002,-2.003239e-002
8.620388e+002,-2.052956e-002
8.639673e+002,-2.093488e-002
8.658958e+002,-2.132245e-002
8.678243e+002,-2.176614e-002
8.697528e+002,-2.219239e-002
8.716813e+002,-2.258484e-002
8.736098e+002,-2.300029e-002
8.755383e+002,-2.342074e-002
8.774668e+002,-2.381117e-002
8.793953e+002,-2.415566e-002
8.813238e+002,-2.447459e-002
8.832523e+002,-2.480394e-002
8.851808e+002,-2.507299e-002
8.871093e+002,-2.519022e-002
8.890378e+002,-2.509845e-002
8.909663e+002,-2.471909e-002
8.928948e+002,-2.405839e-002
8.948233e+002,-2.313209e-002
8.967518e+002,-2.186304e-002
8.986803e+002,-2.029148e-002
9.006088e+002,-1.865944e-002
9.025373e+002,-1.721777e-002
9.044658e+002,-1.603827e-002
9.063943e+002,-1.505306e-002
9.083228e+002,-1.419758e-002
9.102513e+002,-1.344071e-002
9.121798e+002,-1.281023e-002
9.141083e+002,-1.235500e-002
9.160368e+002,-1.198588e-002
9.179653e+002,-1.157269e-002
9.198938e+002,-1.115242e-002
9.218223e+002,-1.076133e-002
9.237508e+002,-1.036716e-002
9.256793e+002,-1.004035e-002
9.276078e+002,-9.833085e-003
9.295363e+002,-9.686000e-003
9.314648e+002,-9.468293e-003
9.333932e+002,-8.975399e-003
9.353218e+002,-8.082550e-003
9.372502e+002,-6.826058e-003
9.391788e+002,-5.332195e-003
9.411073e+002,-3.751915e-003
9.430358e+002,-2.188975e-003
9.449643e+002,-6.955226e-004
9.468928e+002,6.598021e-004
9.488213e+002,1.848334e-003
9.507498e+002,2.914219e-003
9.526783e+002,3.870352e-003
9.546068e+002,4.749666e-003
9.565353e+002,5.621498e-003
9.584637e+002,6.451599e-003
9.603923e+002,7.217355e-003
9.623207e+002,8.007581e-003
9.642493e+002,8.846690e-003
9.661777e+002,9.695521e-003
9.681063e+002,1.058244e-002
9.700347e+002,1.151534e-002
9.719633e+002,1.243193e-002
9.738917e+002,1.330609e-002
9.758203e+002,1.419419e-002
9.777487e+002,1.511934e-002
9.796772e+002,1.601312e-002
9.816057e+002,1.687230e-002
9.835342e+002,1.774381e-002
9.854627e+002,1.861175e-002
9.873912e+002,1.946944e-002
9.893198e+002,2.034000e-002
9.912482e+002,2.121973e-002
9.931768e+002,2.206540e-002
9.951052e+002,2.281336e-002
9.970338e+002,2.348181e-002
9.989622e+002,2.415472e-002
1.000891e+003,2.481166e-002
1.002819e+003,2.537850e-002
1.004748e+003,2.587342e-002
1.006676e+003,2.634574e-002
1.008605e+003,2.678135e-002
1.010533e+003,2.713363e-002
1.012462e+003,2.740484e-002
1.014390e+003,2.762639e-002
1.016319e+003,2.779128e-002
1.018247e+003,2.790522e-002
1.020176e+003,2.798861e-002
1.022104e+003,2.802865e-002
1.024033e+003,2.802261e-002
1.025961e+003,2.799907e-002
1.027890e+003,2.796416e-002
1.029818e+003,2.788172e-002
1.031747e+003,2.775451e-002
1.033675e+003,2.760386e-002
1.035604e+003,2.739284e-002
1.037532e+003,2.711413e-002
1.039461e+003,2.682188e-002
1.041389e+003,2.653836e-002
1.043318e+003,2.626125e-002
1.045246e+003,2.599259e-002
1.047175e+003,2.567681e-002
1.049103e+003,2.523419e-002
1.051032e+003,2.468170e-002
1.052960e+003,2.408926e-002
1.054889e+003,2.348030e-002
1.056817e+003,2.285059e-002
1.058746e+003,2.218541e-002
1.060674e+003,2.145228e-002
1.062603e+003,2.061523e-002
1.064531e+003,1.967814e-002
1.066460e+003,1.867339e-002
1.068388e+003,1.759304e-002
1.070317e+003,1.640253e-002
1.072245e+003,1.507869e-002
1.074174e+003,1.358684e-002
1.076102e+003,1.184972e-002
1.078031e+003,9.813548e-003
1.079959e+003,7.494268e-003
1.081888e+003,4.891521e-003
1.083816e+003,2.074765e-003
1.085745e+003,-6.604223e-004
1.087673e+003,-2.863097e-003
1.089602e+003,-4.143299e-003
1.091530e+003,-4.424077e-003
1.093459e+003,-3.957928e-003
1.095387e+003,-3.086772e-003
1.097316e+003,-2.029977e-003
1.099244e+003,-8.053377e-004
1.101173e+003,5.886937e-004
1.103101e+003,1.992906e-003
1.105030e+003,3.288815e-003
1.106958e+003,4.475835e-003
1.108887e+003,5.539505e-003
1.110815e+003,6.488392e-003
1.112744e+003,7.339765e-003
1.114672e+003,8.086396e-003
1.116601e+003,8.746065e-003
1.118529e+003,9.344103e-003
1.120458e+003,9.910895e-003
1.122386e+003,1.047975e-002
1.124315e+003,1.103158e-002
1.126243e+003,1.152742e-002
1.128172e+003,1.195533e-002
1.130100e+003,1.230719e-002
1.132029e+003,1.260327e-002
1.133957e+003,1.289067e-002
1.135886e+003,1.317030e-002
1.137814e+003,1.338662e-002
1.139743e+003,1.348467e-002
1.141671e+003,1.347944e-002
1.143600e+003,1.342858e-002
1.145528e+003,1.335812e-002
1.147457e+003,1.325641e-002
1.149385e+003,1.311511e-002
1.151314e+003,1.295286e-002
1.153242e+003,1.276416e-002
1.155171e+003,1.257411e-002
1.157099e+003,1.245457e-002
1.159028e+003,1.240943e-002
1.160956e+003,1.238833e-002
1.162885e+003,1.233044e-002
1.164813e+003,1.218501e-002
1.166742e+003,1.198458e-002
1.168670e+003,1.183246e-002
1.170599e+003,1.175330e-002
1.172527e+003,1.164703e-002
1.174456e+003,1.146196e-002
1.176384e+003,1.127754e-002
1.178313e+003,1.115568e-002
1.180241e+003,1.106540e-002
1.182170e+003,1.097367e-002
1.184098e+003,1.087931e-002
1.186027e+003,1.077271e-002
1.187955e+003,1.064414e-002
1.189884e+003,1.049187e-002
1.191812e+003,1.031699e-002
1.193741e+003,1.012587e-002
1.195669e+003,9.928692e-003
1.197598e+003,9.735435e-003
1.199526e+003,9.550598e-003
1.201455e+003,9.383680e-003
1.203383e+003,9.242211e-003
1.205312e+003,9.093684e-003
1.207240e+003,8.893595e-003
1.209169e+003,8.639245e-003
1.211097e+003,8.361770e-003
1.213026e+003,8.080557e-003
1.214954e+003,7.767782e-003
1.216883e+003,7.393181e-003
1.218811e+003,6.995062e-003
1.220740e+003,6.606021e-003
1.222668e+003,6.189600e-003
1.224597e+003,5.714720e-003
1.226525e+003,5.170073e-003
1.228453e+003,4.515541e-003
1.230382e+003,3.648663e-003
1.232311e+003,2.512952e-003
1.234239e+003,1.349058e-003
1.236168e+003,7.223592e-004
1.238096e+003,1.122872e-003
1.240025e+003,2.518317e-003
1.241953e+003,4.358045e-003
1.243882e+003,5.969076e-003
1.245810e+003,6.985230e-003
1.247739e+003,7.475525e-003
1.249667e+003,7.680594e-003
1.251596e+003,7.751287e-003
1.253524e+003,7.758304e-003
1.255453e+003,7.767445e-003
1.257381e+003,7.804079e-003
1.259310e+003,7.850096e-003
1.261238e+003,7.895544e-003
1.263167e+003,7.926655e-003
1.265095e+003,7.916498e-003
1.267024e+003,7.859273e-003
1.268952e+003,7.801347e-003
1.270880e+003,7.784345e-003
1.272809e+003,7.783737e-003
1.274738e+003,7.767310e-003
1.276666e+003,7.723798e-003
1.278594e+003,7.660089e-003
1.280523e+003,7.615003e-003
1.282452e+003,7.600740e-003
1.284380e+003,7.588601e-003
1.286308e+003,7.584487e-003
1.288237e+003,7.586038e-003
1.290166e+003,7.570697e-003
1.292094e+003,7.586241e-003
1.294022e+003,7.655705e-003
1.295951e+003,7.728486e-003
1.297880e+003,7.777666e-003
1.299808e+003,7.796658e-003
1.301736e+003,7.793588e-003
1.303665e+003,7.776822e-003
1.305594e+003,7.742146e-003
1.307522e+003,7.715399e-003
1.309450e+003,7.706799e-003
1.311379e+003,7.691858e-003
1.313307e+003,7.666733e-003
1.315236e+003,7.647511e-003
1.317164e+003,7.641946e-003
1.319093e+003,7.645723e-003
1.321021e+003,7.643093e-003
1.322950e+003,7.618577e-003
1.324878e+003,7.582970e-003
1.326807e+003,7.549321e-003
1.328735e+003,7.512843e-003
1.330664e+003,7.477244e-003
1.332592e+003,7.471885e-003
1.334521e+003,7.512708e-003
1.336449e+003,7.554918e-003
1.338378e+003,7.540185e-003
1.340307e+003,7.477716e-003
1.342235e+003,7.425604e-003
1.344163e+003,7.378352e-003
1.346092e+003,7.316143e-003
1.348021e+003,7.287097e-003
1.349949e+003,7.300137e-003
1.351877e+003,7.262400e-003
1.353806e+003,7.152676e-003
1.355734e+003,7.070292e-003
1.357663e+003,7.061065e-003
1.359591e+003,7.071067e-003
1.361520e+003,7.033518e-003
1.363448e+003,6.936982e-003
1.365377e+003,6.863357e-003
1.367305e+003,6.815560e-003
1.369234e+003,6.748619e-003
1.371162e+003,6.701272e-003
1.373091e+003,6.632633e-003
1.375019e+003,6.437340e-003
1.376948e+003,6.163352e-003
1.378876e+003,5.851787e-003
1.380805e+003,5.563601e-003
1.382733e+003,5.473834e-003
1.384662e+003,5.620055e-003
1.386590e+003,5.843995e-003
1.388519e+003,5.987687e-003
1.390447e+003,6.064355e-003
1.392376e+003,6.149203e-003
1.394304e+003,6.234740e-003
1.396233e+003,6.263917e-003
1.398161e+003,6.220153e-003
1.400090e+003,6.152295e-003
1.402018e+003,6.114355e-003
1.403947e+003,6.087002e-003
1.405875e+003,6.068689e-003
1.407804e+003,6.086599e-003
1.409732e+003,6.092547e-003
1.411661e+003,6.071848e-003
1.413589e+003,6.080114e-003
1.415518e+003,6.098292e-003
1.417446e+003,6.056123e-003
1.419375e+003,5.991852e-003
1.421303e+003,6.002536e-003
1.423232e+003,5.988963e-003
1.425160e+003,5.891551e-003
1.427089e+003,5.808433e-003
1.429017e+003,5.753969e-003
1.430946e+003,5.685882e-003
1.432874e+003,5.663760e-003
1.434803e+003,5.713881e-003
1.436731e+003,5.793456e-003
1.438660e+003,5.877176e-003
1.440588e+003,5.947342e-003
1.442517e+003,5.997362e-003
1.444445e+003,6.028909e-003
1.446374e+003,6.002502e-003
1.448302e+003,5.921612e-003
1.450231e+003,5.869888e-003
1.452159e+003,5.866429e-003
1.454088e+003,5.907371e-003
1.456016e+003,5.937265e-003
1.457945e+003,5.799601e-003
1.459873e+003,5.644794e-003
1.461802e+003,5.537995e-003
1.463730e+003,5.309080e-003
1.465659e+003,4.949194e-003
1.467587e+003,4.754255e-003
1.469516e+003,4.785845e-003
1.471444e+003,4.947150e-003
1.473373e+003,5.134162e-003
1.475301e+003,5.253740e-003
1.477230e+003,5.350674e-003
1.479158e+003,5.424948e-003
1.481087e+003,5.456957e-003
1.483015e+003,5.482659e-003
1.484944e+003,5.537190e-003
1.486872e+003,5.615859e-003
1.488801e+003,5.658254e-003
1.490729e+003,5.626701e-003
1.492658e+003,5.612771e-003
1.494586e+003,5.643786e-003
1.496515e+003,5.691992e-003
1.498443e+003,5.733622e-003
1.500372e+003,5.785834e-003
1.502300e+003,5.851350e-003
1.504229e+003,5.871165e-003
1.506157e+003,5.764109e-003
1.508086e+003,5.683364e-003
1.510014e+003,5.747355e-003
1.511943e+003,5.825961e-003
1.513871e+003,5.917817e-003
1.515800e+003,5.977709e-003
1.517728e+003,5.952381e-003
1.519657e+003,5.901594e-003
1.521585e+003,5.864683e-003
1.523514e+003,5.860720e-003
1.525442e+003,5.884565e-003
1.527371e+003,5.899209e-003
1.529299e+003,5.894070e-003
1.531228e+003,5.876807e-003
1.533156e+003,5.855078e-003
1.535085e+003,5.872710e-003
1.537013e+003,5.914357e-003
1.538942e+003,5.914693e-003
1.540870e+003,5.902131e-003
1.542799e+003,5.938441e-003
1.544727e+003,5.973678e-003
1.546656e+003,6.019938e-003
1.548584e+003,6.066606e-003
1.550513e+003,6.105517e-003
1.552441e+003,6.153203e-003
1.554370e+003,6.173602e-003
1.556298e+003,6.105214e-003
1.558227e+003,5.963366e-003
1.560155e+003,6.021013e-003
1.562084e+003,6.167452e-003
1.564012e+003,6.259043e-003
1.565941e+003,6.328228e-003
1.567869e+003,6.365280e-003
1.569798e+003,6.388245e-003
1.571726e+003,6.471408e-003
1.573655e+003,6.550449e-003
1.575583e+003,6.489031e-003
1.577512e+003,6.339223e-003
1.579440e+003,6.321337e-003
1.581369e+003,6.374627e-003
1.583297e+003,6.403208e-003
1.585226e+003,6.403814e-003
1.587154e+003,6.399611e-003
1.589083e+003,6.398534e-003
1.591011e+003,6.405529e-003
1.592940e+003,6.410640e-003
1.594868e+003,6.387841e-003
1.596797e+003,6.336600e-003
1.598725e+003,6.288222e-003
1.600654e+003,6.253631e-003
1.602582e+003,6.222741e-003
1.604511e+003,6.202574e-003
1.606439e+003,6.193028e-003
1.608368e+003,6.161840e-003
1.610296e+003,6.108709e-003
1.612225e+003,6.078938e-003
1.614153e+003,6.065766e-003
1.616082e+003,5.964776e-003
1.618010e+003,5.770388e-003
1.619939e+003,5.660336e-003
1.621867e+003,5.599916e-003
1.623796e+003,5.485377e-003
1.625724e+003,5.351143e-003
1.627653e+003,5.218427e-003
1.629581e+003,5.096848e-003
1.631510e+003,5.057022e-003
1.633438e+003,5.047702e-003
1.635367e+003,4.923289e-003
1.637295e+003,4.771071e-003
1.639224e+003,4.699287e-003
1.641152e+003,4.623864e-003
1.643081e+003,4.562751e-003
1.645009e+003,4.481527e-003
1.646938e+003,4.307310e-003
1.648866e+003,4.209940e-003
1.650795e+003,4.174310e-003
1.652723e+003,4.027705e-003
1.654652e+003,3.974635e-003
1.656580e+003,4.047136e-003
1.658509e+003,4.058574e-003
1.660437e+003,4.005166e-003
1.662366e+003,3.927690e-003
1.664294e+003,3.889375e-003
1.666223e+003,3.887335e-003
1.668151e+003,3.840333e-003
1.670080e+003,3.748214e-003
1.672008e+003,3.730334e-003
1.673937e+003,3.742098e-003
1.675865e+003,3.702596e-003
1.677794e+003,3.649198e-003
1.679722e+003,3.630754e-003
1.681651e+003,3.624840e-003
1.683579e+003,3.531130e-003
1.685508e+003,3.414297e-003
1.687436e+003,3.393459e-003
1.689365e+003,3.367145e-003
1.691293e+003,3.339831e-003
1.693222e+003,3.329380e-003
1.695150e+003,3.292921e-003
1.697079e+003,3.252259e-003
1.699007e+003,3.225620e-003
1.700936e+003,3.172313e-003
1.702864e+003,3.135667e-003
1.704793e+003,3.089279e-003
1.706721e+003,3.011433e-003
1.708650e+003,2.958687e-003
1.710578e+003,2.959754e-003
1.712507e+003,2.980038e-003
1.714435e+003,2.960255e-003
1.716364e+003,2.840273e-003
1.718292e+003,2.671081e-003
1.720221e+003,2.613276e-003
1.722149e+003,2.594609e-003
1.724078e+003,2.526682e-003
1.726006e+003,2.439407e-003
1.727935e+003,2.369739e-003
1.729863e+003,2.311374e-003
1.731792e+003,2.239529e-003
1.733720e+003,2.103231e-003
1.735649e+003,2.032885e-003
1.737577e+003,2.075964e-003
1.739506e+003,2.123575e-003
1.741434e+003,2.175055e-003
1.743363e+003,2.244191e-003
1.745291e+003,2.312574e-003
1.747220e+003,2.397991e-003
1.749148e+003,2.461266e-003
1.751077e+003,2.445305e-003
1.753005e+003,2.436808e-003
1.754934e+003,2.473262e-003
1.756862e+003,2.509153e-003
1.758791e+003,2.526316e-003
1.760719e+003,2.525216e-003
1.762648e+003,2.511785e-003
1.764576e+003,2.509253e-003
1.766505e+003,2.512952e-003
1.768433e+003,2.530482e-003
1.770362e+003,2.577210e-003
1.772290e+003,2.602442e-003
1.774219e+003,2.567377e-003
1.776147e+003,2.525849e-003
1.778076e+003,2.512752e-003
1.780004e+003,2.510719e-003
1.781933e+003,2.494090e-003
1.783861e+003,2.465064e-003
1.785790e+003,2.435941e-003
1.787718e+003,2.440673e-003
1.789647e+003,2.476594e-003
1.791575e+003,2.474462e-003
1.793504e+003,2.429544e-003
1.795432e+003,2.418249e-003
1.797361e+003,2.423413e-003
1.799289e+003,2.402489e-003
1.801218e+003,2.363276e-003
1.803146e+003,2.342088e-003
1.805075e+003,2.337224e-003
1.807003e+003,2.339123e-003
1.808932e+003,2.339223e-003
1.810860e+003,2.299949e-003
1.812789e+003,2.227606e-003
1.814717e+003,2.174522e-003
1.816646e+003,2.160602e-003
1.818574e+003,2.170193e-003
1.820503e+003,2.173822e-003
1.822431e+003,2.172457e-003
1.824360e+003,2.192071e-003
1.826288e+003,2.249387e-003
1.828217e+003,2.296351e-003
1.830145e+003,2.267573e-003
1.832074e+003,2.227139e-003
1.834002e+003,2.227006e-003
1.835931e+003,2.227206e-003
1.837859e+003,2.213618e-003
1.839788e+003,2.217514e-003
1.841716e+003,2.239662e-003
1.843645e+003,2.228638e-003
1.845573e+003,2.201263e-003
1.847502e+003,2.202262e-003
1.849430e+003,2.200397e-003
1.851359e+003,2.197733e-003
1.853287e+003,2.201895e-003
1.855216e+003,2.189341e-003
1.857144e+003,2.163832e-003
1.859073e+003,2.160469e-003
1.861001e+003,2.192671e-003
1.862930e+003,2.234233e-003
1.864858e+003,2.260278e-003
1.866786e+003,2.262277e-003
1.868715e+003,2.233401e-003
1.870644e+003,2.216449e-003
1.872572e+003,2.245257e-003
1.874500e+003,2.281629e-003
1.876429e+003,2.293454e-003
1.878358e+003,2.283461e-003
1.880286e+003,2.262610e-003
1.882215e+003,2.257780e-003
1.884143e+003,2.278731e-003
1.886072e+003,2.286625e-003
1.888000e+003,2.254516e-003
1.889929e+003,2.204793e-003
1.891857e+003,2.198565e-003
1.893786e+003,2.248488e-003
1.895714e+003,2.290289e-003
1.897643e+003,2.289556e-003
1.899571e+003,2.273668e-003
1.901500e+003,2.265041e-003
1.903428e+003,2.271770e-003
1.905357e+003,2.281029e-003
1.907285e+003,2.293154e-003
1.909214e+003,2.312307e-003
1.911142e+003,2.308143e-003
1.913071e+003,2.298483e-003
1.914999e+003,2.329529e-003
1.916927e+003,2.364009e-003
1.918856e+003,2.356613e-003
1.920785e+003,2.347885e-003
1.922713e+003,2.350050e-003
1.924641e+003,2.342821e-003
1.926570e+003,2.324899e-003
1.928499e+003,2.286958e-003
1.930427e+003,2.243725e-003
1.932355e+003,2.228338e-003
1.934284e+003,2.230769e-003
1.936213e+003,2.237297e-003
1.938141e+003,2.262710e-003
1.940069e+003,2.291022e-003
1.941998e+003,2.282628e-003
1.943927e+003,2.254783e-003
1.945855e+003,2.244258e-003
1.947783e+003,2.241860e-003
1.949712e+003,2.240528e-003
1.951641e+003,2.233301e-003
1.953569e+003,2.219846e-003
1.955497e+003,2.219146e-003
1.957426e+003,2.219679e-003
1.959354e+003,2.205759e-003
1.961283e+003,2.197433e-003
1.963211e+003,2.203760e-003
1.965140e+003,2.218913e-003
1.967068e+003,2.250686e-003
1.968997e+003,2.281096e-003
1.970925e+003,2.279331e-003
1.972854e+003,2.259679e-003
1.974782e+003,2.245957e-003
1.976711e+003,2.243925e-003
1.978640e+003,2.258280e-003
1.980568e+003,2.277132e-003
1.982496e+003,2.267173e-003
1.984425e+003,2.215849e-003
1.986354e+003,2.168827e-003
1.988282e+003,2.175121e-003
1.990210e+003,2.203894e-003
1.992139e+003,2.191838e-003
1.994068e+003,2.158971e-003
1.995996e+003,2.162900e-003
1.997924e+003,2.189507e-003
1.999853e+003,2.185478e-003
2.001781e+003,2.150479e-003
2.003710e+003,2.138992e-003
2.005638e+003,2.156773e-003
2.007567e+003,2.160769e-003
2.009495e+003,2.141223e-003
2.011424e+003,2.116949e-003
2.013352e+003,2.091845e-003
2.015281e+003,2.070737e-003
2.017209e+003,2.076763e-003
2.019138e+003,2.111356e-003
2.021066e+003,2.137593e-003
2.022995e+003,2.131167e-003
2.024923e+003,2.112021e-003
2.026852e+003,2.106861e-003
2.028780e+003,2.101633e-003
2.030709e+003,2.086884e-003
2.032637e+003,2.089880e-003
2.034566e+003,2.109724e-003
2.036494e+003,2.120578e-003
2.038423e+003,2.118281e-003
2.040351e+003,2.112454e-003
2.042280e+003,2.114685e-003
2.044208e+003,2.135828e-003
2.046137e+003,2.182081e-003
2.048065e+003,2.232568e-003
2.049994e+003,2.250886e-003
2.051922e+003,2.243359e-003
2.053851e+003,2.246823e-003
2.055779e+003,2.273568e-003
2.057708e+003,2.297217e-003
2.059636e+003,2.297018e-003
2.061565e+003,2.293887e-003
2.063493e+003,2.300848e-003
2.065422e+003,2.298350e-003
2.067350e+003,2.285093e-003
2.069279e+003,2.283361e-003
2.071207e+003,2.289257e-003
2.073136e+003,2.280330e-003
2.075064e+003,2.267140e-003
2.076993e+003,2.268172e-003
2.078921e+003,2.270104e-003
2.080850e+003,2.263842e-003
2.082778e+003,2.270570e-003
2.084707e+003,2.291522e-003
2.086635e+003,2.301648e-003
2.088564e+003,2.309276e-003
2.090492e+003,2.325365e-003
2.092421e+003,2.336158e-003
2.094349e+003,2.351116e-003
2.096278e+003,2.371338e-003
2.098206e+003,2.370339e-003
2.100135e+003,2.353448e-003
2.102063e+003,2.348518e-003
2.103992e+003,2.348518e-003
2.105920e+003,2.323400e-003
2.107849e+003,2.289623e-003
2.109777e+003,2.289923e-003
2.111706e+003,2.326165e-003
2.113634e+003,2.358445e-003
2.115563e+003,2.358045e-003
2.117491e+003,2.352282e-003
2.119420e+003,2.356813e-003
2.121348e+003,2.353182e-003
2.123277e+003,2.345553e-003
2.125205e+003,2.344687e-003
2.127134e+003,2.346918e-003
2.129062e+003,2.334393e-003
2.130991e+003,2.309576e-003
2.132919e+003,2.310042e-003
2.134848e+003,2.337991e-003
2.136776e+003,2.348251e-003
2.138705e+003,2.336058e-003
2.140633e+003,2.350850e-003
2.142562e+003,2.392394e-003
2.144490e+003,2.411685e-003
2.146419e+003,2.409986e-003
2.148347e+003,2.414717e-003
2.150276e+003,2.417716e-003
2.152204e+003,2.410852e-003
2.154133e+003,2.410452e-003
2.156061e+003,2.419648e-003
2.157990e+003,2.419048e-003
2.159918e+003,2.395759e-003
2.161847e+003,2.365508e-003
2.163775e+003,2.361943e-003
2.165704e+003,2.398524e-003
2.167632e+003,2.442872e-003
2.169561e+003,2.449636e-003
2.171489e+003,2.427312e-003
2.173418e+003,2.418049e-003
2.175346e+003,2.424313e-003
2.177275e+003,2.420848e-003
2.179203e+003,2.407987e-003
2.181132e+003,2.405488e-003
2.183060e+003,2.420981e-003
2.184989e+003,2.442139e-003
2.186917e+003,2.443672e-003
2.188846e+003,2.424413e-003
2.190774e+003,2.413917e-003
2.192703e+003,2.412918e-003
2.194631e+003,2.399024e-003
2.196560e+003,2.388396e-003
2.198488e+003,2.408653e-003
2.200417e+003,2.431676e-003
2.202345e+003,2.422647e-003
2.204274e+003,2.399591e-003
2.206202e+003,2.386997e-003
2.208131e+003,2.390662e-003
2.210059e+003,2.410019e-003
2.211988e+003,2.419948e-003
2.213916e+003,2.396325e-003
2.215845e+003,2.365774e-003
2.217773e+003,2.352349e-003
2.219702e+003,2.343754e-003
2.221630e+003,2.337524e-003
2.223559e+003,2.334326e-003
2.225487e+003,2.330795e-003
2.227416e+003,2.342321e-003
2.229344e+003,2.380033e-003
2.231273e+003,2.414084e-003
2.233201e+003,2.409552e-003
2.235130e+003,2.380566e-003
2.237058e+003,2.356047e-003
2.238987e+003,2.345553e-003
2.240915e+003,2.355880e-003
2.242844e+003,2.369239e-003
2.244772e+003,2.357312e-003
2.246701e+003,2.338690e-003
2.248629e+003,2.347352e-003
2.250558e+003,2.377968e-003
2.252486e+003,2.409119e-003
2.254415e+003,2.416416e-003
2.256343e+003,2.392461e-003
2.258272e+003,2.364941e-003
2.260200e+003,2.349384e-003
2.262129e+003,2.350283e-003
2.264057e+003,2.379567e-003
2.265986e+003,2.414650e-003
2.267914e+003,2.426645e-003
2.269843e+003,2.425146e-003
2.271771e+003,2.420248e-003
2.273700e+003,2.404621e-003
2.275628e+003,2.376102e-003
2.277557e+003,2.351216e-003
2.279485e+003,2.356646e-003
2.281414e+003,2.388596e-003
2.283342e+003,2.416683e-003
2.285271e+003,2.428744e-003
2.287199e+003,2.425313e-003
2.289128e+003,2.392527e-003
2.291056e+003,2.348384e-003
2.292985e+003,2.331761e-003
2.294913e+003,2.324832e-003
2.296842e+003,2.302547e-003
2.298770e+003,2.287391e-003
2.300699e+003,2.279331e-003
2.302627e+003,2.244891e-003
2.304556e+003,2.186976e-003
2.306484e+003,2.142388e-003
2.308413e+003,2.121278e-003
2.310341e+003,2.090180e-003
2.312270e+003,2.028091e-003
2.314198e+003,1.968175e-003
2.316127e+003,1.937222e-003
2.318055e+003,1.879248e-003
2.319984e+003,1.739770e-003
2.321912e+003,1.576493e-003
2.323841e+003,1.457125e-003
2.325769e+003,1.391637e-003
2.327698e+003,1.383792e-003
2.329626e+003,1.404169e-003
2.331555e+003,1.391238e-003
2.333483e+003,1.334733e-003
2.335412e+003,1.288405e-003
2.337340e+003,1.269197e-003
2.339269e+003,1.250787e-003
2.341197e+003,1.267469e-003
2.343126e+003,1.344571e-003
2.345054e+003,1.473117e-003
2.346983e+003,1.676368e-003
2.348911e+003,1.843143e-003
2.350840e+003,1.792269e-003
2.352768e+003,1.490405e-003
2.354697e+003,1.143137e-003
2.356625e+003,9.760319e-004
2.358554e+003,9.538492e-004
2.360482e+003,9.411311e-004
2.362411e+003,9.345564e-004
2.364339e+003,9.739730e-004
2.366268e+003,1.061420e-003
2.368196e+003,1.174366e-003
2.370125e+003,1.331243e-003
2.372053e+003,1.555776e-003
2.373982e+003,1.806775e-003
2.375910e+003,2.034616e-003
2.377839e+003,2.212019e-003
2.379767e+003,2.318903e-003
2.381696e+003,2.371338e-003
2.383624e+003,2.406087e-003
2.385553e+003,2.445971e-003
2.387481e+003,2.500288e-003
2.389410e+003,2.557245e-003
2.391338e+003,2.610709e-003
2.393267e+003,2.646411e-003
2.395195e+003,2.639577e-003
2.397124e+003,2.622176e-003
2.399052e+003,2.624509e-003
2.400981e+003,2.619843e-003
2.402909e+003,2.594709e-003
2.404838e+003,2.578043e-003
2.406766e+003,2.583176e-003
2.408695e+003,2.584176e-003
2.410623e+003,2.578376e-003
2.412552e+003,2.602242e-003
2.414480e+003,2.651045e-003
2.416409e+003,2.667313e-003
2.418337e+003,2.647278e-003
2.420266e+003,2.632177e-003
2.422194e+003,2.630343e-003
2.424123e+003,2.643811e-003
2.426051e+003,2.670447e-003
2.427980e+003,2.673281e-003
2.429908e+003,2.633310e-003
2.431837e+003,2.589942e-003
2.433765e+003,2.574910e-003
2.435694e+003,2.565477e-003
2.437622e+003,2.550012e-003
2.439551e+003,2.542513e-003
2.441479e+003,2.529782e-003
2.443408e+003,2.511052e-003
2.445336e+003,2.513318e-003
2.447265e+003,2.516984e-003
2.449193e+003,2.499755e-003
2.451122e+003,2.503987e-003
2.453050e+003,2.530315e-003
2.454979e+003,2.532981e-003
2.456907e+003,2.537647e-003
2.458836e+003,2.578776e-003
2.460764e+003,2.620342e-003
2.462693e+003,2.618009e-003
2.464621e+003,2.593676e-003
2.466550e+003,2.576243e-003
2.468478e+003,2.549746e-003
2.470406e+003,2.518917e-003
2.472335e+003,2.518717e-003
2.474264e+003,2.546479e-003
2.476192e+003,2.561611e-003
2.478121e+003,2.555245e-003
2.480049e+003,2.545679e-003
2.481978e+003,2.538547e-003
2.483906e+003,2.526916e-003
2.485834e+003,2.507386e-003
2.487763e+003,2.497989e-003
2.489692e+003,2.502254e-003
2.491620e+003,2.493923e-003
2.493549e+003,2.476294e-003
2.495477e+003,2.473362e-003
2.497406e+003,2.484392e-003
2.499334e+003,2.501854e-003
2.501262e+003,2.529615e-003
2.503191e+003,2.557111e-003
2.505120e+003,2.549579e-003
2.507048e+003,2.502254e-003
2.508977e+003,2.470296e-003
2.510905e+003,2.494589e-003
2.512833e+003,2.528149e-003
2.514762e+003,2.523450e-003
2.516690e+003,2.504420e-003
2.518619e+003,2.505120e-003
2.520548e+003,2.523650e-003
2.522476e+003,2.539514e-003
2.524405e+003,2.537614e-003
2.526333e+003,2.506753e-003
2.528261e+003,2.463898e-003
2.530190e+003,2.448070e-003
2.532119e+003,2.462798e-003
2.534047e+003,2.488658e-003
2.535976e+003,2.506786e-003
2.537904e+003,2.509753e-003
2.539833e+003,2.509886e-003
2.541761e+003,2.501054e-003
2.543689e+003,2.476661e-003
2.545618e+003,2.477427e-003
2.547547e+003,2.521983e-003
2.549475e+003,2.561044e-003
2.551404e+003,2.566711e-003
2.553332e+003,2.561578e-003
2.555260e+003,2.551412e-003
2.557189e+003,2.523183e-003
2.559117e+003,2.498755e-003
2.561046e+003,2.498722e-003
2.562975e+003,2.496589e-003
2.564903e+003,2.478094e-003
2.566832e+003,2.470596e-003
2.568760e+003,2.487825e-003
2.570688e+003,2.512452e-003
2.572617e+003,2.528216e-003
2.574545e+003,2.525949e-003
2.576474e+003,2.503920e-003
2.578403e+003,2.468263e-003
2.580331e+003,2.439540e-003
2.582260e+003,2.442672e-003
2.584188e+003,2.465264e-003
2.586116e+003,2.492523e-003
2.588045e+003,2.527849e-003
2.589973e+003,2.538880e-003
2.591902e+003,2.506620e-003
2.593831e+003,2.484325e-003
2.595759e+003,2.506420e-003
2.597688e+003,2.545180e-003
2.599616e+003,2.569544e-003
2.601544e+003,2.574610e-003
2.603473e+003,2.573043e-003
2.605401e+003,2.565677e-003
2.607330e+003,2.562344e-003
2.609259e+003,2.580143e-003
2.611187e+003,2.591776e-003
2.613115e+003,2.570210e-003
2.615044e+003,2.545913e-003
2.616972e+003,2.534214e-003
2.618901e+003,2.510486e-003
2.620830e+003,2.494123e-003
2.622758e+003,2.509953e-003
2.624687e+003,2.518917e-003
2.626615e+003,2.497722e-003
2.628543e+003,2.480193e-003
2.630472e+003,2.490657e-003
2.632400e+003,2.512185e-003
2.634329e+003,2.517484e-003
2.636258e+003,2.520584e-003
2.638186e+003,2.549579e-003
2.640115e+003,2.575610e-003
2.642043e+003,2.554978e-003
2.643971e+003,2.516784e-003
2.645900e+003,2.518317e-003
2.647828e+003,2.538247e-003
2.649757e+003,2.530082e-003
2.651686e+003,2.504587e-003
2.653614e+003,2.486891e-003
2.655542e+003,2.497122e-003
2.657471e+003,2.535581e-003
2.659399e+003,2.558611e-003
2.661328e+003,2.550645e-003
2.663256e+003,2.540580e-003
2.665185e+003,2.536481e-003
2.667114e+003,2.530815e-003
2.669042e+003,2.519850e-003
2.670970e+003,2.504320e-003
2.672899e+003,2.502821e-003
2.674827e+003,2.530182e-003
2.676756e+003,2.568444e-003
2.678684e+003,2.587342e-003
2.680613e+003,2.580943e-003
2.682542e+003,2.560011e-003
2.684470e+003,2.533681e-003
2.686398e+003,2.513918e-003
2.688327e+003,2.504187e-003
2.690255e+003,2.484459e-003
2.692184e+003,2.456101e-003
2.694112e+003,2.448537e-003
2.696041e+003,2.466264e-003
2.697969e+003,2.481426e-003
2.699898e+003,2.470063e-003
2.701826e+003,2.446904e-003
2.703755e+003,2.432443e-003
2.705683e+003,2.437274e-003
2.707612e+003,2.459166e-003
2.709540e+003,2.449570e-003
2.711469e+003,2.409319e-003
2.713397e+003,2.383732e-003
2.715326e+003,2.367807e-003
2.717254e+003,2.373637e-003
2.719183e+003,2.412618e-003
2.721111e+003,2.458467e-003
2.723040e+003,2.498822e-003
2.724969e+003,2.512652e-003
2.726897e+003,2.476894e-003
2.728825e+003,2.431943e-003
2.730754e+003,2.417716e-003
2.732682e+003,2.409819e-003
2.734611e+003,2.412884e-003
2.736539e+003,2.432476e-003
2.738468e+003,2.425479e-003
2.740396e+003,2.389395e-003
2.742325e+003,2.357179e-003
2.744253e+003,2.343221e-003
2.746182e+003,2.337258e-003
2.748110e+003,2.335192e-003
2.750039e+003,2.349017e-003
2.751967e+003,2.371571e-003
2.753896e+003,2.382899e-003
2.755824e+003,2.379600e-003
2.757753e+003,2.352415e-003
2.759681e+003,2.305145e-003
2.761610e+003,2.283494e-003
2.763538e+003,2.288524e-003
2.765467e+003,2.283061e-003
2.767395e+003,2.273135e-003
2.769324e+003,2.267506e-003
2.771252e+003,2.257114e-003
2.773181e+003,2.238163e-003
2.775109e+003,2.206125e-003
2.777038e+003,2.177252e-003
2.778966e+003,2.166430e-003
2.780895e+003,2.148115e-003
2.782823e+003,2.114352e-003
2.784752e+003,2.092078e-003
2.786680e+003,2.072634e-003
2.788609e+003,2.045668e-003
2.790537e+003,2.047233e-003
2.792466e+003,2.076496e-003
2.794394e+003,2.095773e-003
2.796323e+003,2.101833e-003
2.798251e+003,2.108658e-003
2.800180e+003,2.120845e-003
2.802108e+003,2.133331e-003
2.804037e+003,2.122276e-003
2.805965e+003,2.084853e-003
2.807894e+003,2.066375e-003
2.809822e+003,2.078194e-003
2.811751e+003,2.095740e-003
2.813679e+003,2.110656e-003
2.815608e+003,2.116083e-003
2.817536e+003,2.116550e-003
2.819465e+003,2.114885e-003
2.821393e+003,2.092977e-003
2.823322e+003,2.044270e-003
2.825250e+003,2.008385e-003
2.827179e+003,2.028824e-003
2.829107e+003,2.082489e-003
2.831036e+003,2.113586e-003
2.832964e+003,2.107027e-003
2.834893e+003,2.096706e-003
2.836821e+003,2.109757e-003
2.838750e+003,2.115151e-003
2.840678e+003,2.088415e-003
2.842607e+003,2.063646e-003
2.844535e+003,2.040908e-003
2.846464e+003,1.987813e-003
2.848392e+003,1.940516e-003
2.850321e+003,1.940916e-003
2.852249e+003,1.939518e-003
2.854178e+003,1.878782e-003
2.856106e+003,1.795263e-003
2.858035e+003,1.748852e-003
2.859963e+003,1.744594e-003
2.861892e+003,1.760529e-003
2.863820e+003,1.763157e-003
2.865749e+003,1.734547e-003
2.867677e+003,1.689373e-003
2.869606e+003,1.654216e-003
2.871534e+003,1.655912e-003
2.873463e+003,1.662897e-003
2.875391e+003,1.611079e-003
2.877320e+003,1.517869e-003
2.879248e+003,1.446587e-003
2.881177e+003,1.413742e-003
2.883105e+003,1.405631e-003
2.885034e+003,1.417731e-003
2.886962e+003,1.424679e-003
2.888891e+003,1.382995e-003
2.890819e+003,1.302628e-003
2.892748e+003,1.233342e-003
2.894676e+003,1.179914e-003
2.896605e+003,1.104967e-003
2.898533e+003,1.001670e-003
2.900462e+003,9.018503e-004
2.902390e+003,8.198800e-004
2.904319e+003,7.570765e-004
2.906247e+003,6.975012e-004
2.908176e+003,6.237321e-004
2.910104e+003,5.778111e-004
2.912033e+003,5.636775e-004
2.913961e+003,5.041950e-004
2.915890e+003,4.119520e-004
2.917818e+003,3.805786e-004
2.919747e+003,4.215370e-004
2.921675e+003,5.035980e-004
2.923604e+003,6.349144e-004
2.925532e+003,8.108174e-004
2.927461e+003,9.682944e-004
2.929389e+003,1.063877e-003
2.931318e+003,1.130944e-003
2.933246e+003,1.214369e-003
2.935175e+003,1.308345e-003
2.937103e+003,1.363782e-003
2.939032e+003,1.367106e-003
2.940960e+003,1.375915e-003
2.942889e+003,1.424579e-003
2.944817e+003,1.463442e-003
2.946746e+003,1.451274e-003
2.948674e+003,1.434619e-003
2.950603e+003,1.453768e-003
2.952531e+003,1.466301e-003
2.954460e+003,1.422352e-003
2.956388e+003,1.333038e-003
2.958317e+003,1.254808e-003
2.960245e+003,1.197291e-003
2.962174e+003,1.121742e-003
2.964102e+003,1.030298e-003
2.966031e+003,9.583985e-004
2.967959e+003,9.260227e-004
2.969888e+003,9.078932e-004
2.971816e+003,8.716367e-004
2.973745e+003,8.523475e-004
2.975673e+003,8.895654e-004
2.977602e+003,9.420941e-004
2.979530e+003,9.572363e-004
2.981459e+003,9.282142e-004
2.983387e+003,8.880381e-004
2.985316e+003,8.939481e-004
2.987244e+003,9.662687e-004
2.989173e+003,1.088889e-003
2.991101e+003,1.226497e-003
2.993030e+003,1.326059e-003
2.994958e+003,1.376413e-003
2.996887e+003,1.413909e-003
2.998815e+003,1.455729e-003
3.000744e+003,1.501145e-003
3.002672e+003,1.563723e-003
3.004601e+003,1.640712e-003
3.006529e+003,1.709797e-003
3.008458e+003,1.789773e-003
3.010386e+003,1.898516e-003
3.012315e+003,1.976995e-003
3.014243e+003,1.990643e-003
3.016172e+003,1.997932e-003
3.018100e+003,2.039376e-003
3.020029e+003,2.087550e-003
3.021957e+003,2.105362e-003
3.023886e+003,2.103331e-003
3.025814e+003,2.116982e-003
3.027743e+003,2.134396e-003
3.029671e+003,2.126605e-003
3.031600e+003,2.113919e-003
3.033528e+003,2.131833e-003
3.035457e+003,2.155907e-003
3.037385e+003,2.131366e-003
3.039314e+003,2.085219e-003
3.041242e+003,2.077861e-003
3.043171e+003,2.094575e-003
3.045099e+003,2.105862e-003
3.047028e+003,2.122643e-003
3.048956e+003,2.153676e-003
3.050885e+003,2.161501e-003
3.052813e+003,2.108425e-003
3.054742e+003,2.020368e-003
3.056670e+003,1.977428e-003
3.058599e+003,2.023198e-003
3.060527e+003,2.069705e-003
3.062456e+003,2.040409e-003
3.064384e+003,2.008751e-003
3.066313e+003,2.050063e-003
3.068241e+003,2.117715e-003
3.070170e+003,2.132499e-003
3.072098e+003,2.085419e-003
3.074027e+003,2.042173e-003
3.075955e+003,2.035748e-003
3.077884e+003,2.022133e-003
3.079812e+003,1.987081e-003
3.081741e+003,1.963748e-003
3.083669e+003,1.977694e-003
3.085598e+003,2.019702e-003
3.087526e+003,2.032086e-003
3.089455e+003,1.998132e-003
3.091383e+003,1.966744e-003
3.093312e+003,1.947839e-003
3.095240e+003,1.914890e-003
3.097169e+003,1.867601e-003
3.099097e+003,1.838984e-003
3.101026e+003,1.867401e-003
3.102954e+003,1.929134e-003
3.104883e+003,1.951899e-003
3.106811e+003,1.918284e-003
3.108740e+003,1.872060e-003
3.110668e+003,1.857285e-003
3.112597e+003,1.884339e-003
3.114525e+003,1.893491e-003
3.116454e+003,1.852560e-003
3.118382e+003,1.838717e-003
3.120311e+003,1.846703e-003
3.122239e+003,1.791038e-003
3.124167e+003,1.708400e-003
3.126096e+003,1.677432e-003
3.128025e+003,1.689739e-003
3.129953e+003,1.697955e-003
3.131882e+003,1.683818e-003
3.133810e+003,1.665125e-003
3.135739e+003,1.655613e-003
3.137667e+003,1.646965e-003
3.139595e+003,1.646732e-003
3.141524e+003,1.672809e-003
3.143453e+003,1.693631e-003
3.145381e+003,1.665491e-003
3.147310e+003,1.612775e-003
3.149238e+003,1.590793e-003
3.151167e+003,1.594916e-003
3.153095e+003,1.582246e-003
3.155023e+003,1.561961e-003
3.156952e+003,1.571804e-003
3.158881e+003,1.586769e-003
3.160809e+003,1.563823e-003
3.162738e+003,1.533530e-003
3.164666e+003,1.553914e-003
3.166594e+003,1.617032e-003
3.168523e+003,1.647963e-003
3.170452e+003,1.620790e-003
3.172380e+003,1.580616e-003
3.174309e+003,1.561894e-003
3.176237e+003,1.567015e-003
3.178166e+003,1.567780e-003
3.180094e+003,1.548028e-003
3.182022e+003,1.541145e-003
3.183951e+003,1.567148e-003
3.185880e+003,1.596745e-003
3.187808e+003,1.584008e-003
3.189737e+003,1.545501e-003
3.191665e+003,1.556674e-003
3.193594e+003,1.605458e-003
3.195522e+003,1.602632e-003
3.197450e+003,1.528709e-003
3.199379e+003,1.441733e-003
3.201308e+003,1.403803e-003
3.203236e+003,1.414341e-003
3.205165e+003,1.416568e-003
3.207093e+003,1.400113e-003
3.209021e+003,1.396291e-003
3.210950e+003,1.396390e-003
3.212878e+003,1.380003e-003
3.214807e+003,1.348360e-003
3.216736e+003,1.334401e-003
3.218664e+003,1.350986e-003
3.220593e+003,1.359761e-003
3.222521e+003,1.362686e-003
3.224449e+003,1.384191e-003
3.226378e+003,1.410884e-003
3.228306e+003,1.442830e-003
3.230235e+003,1.473881e-003
3.232164e+003,1.452804e-003
3.234092e+003,1.374718e-003
3.236021e+003,1.332839e-003
3.237949e+003,1.378374e-003
3.239877e+003,1.416867e-003
3.241806e+003,1.373355e-003
3.243734e+003,1.315290e-003
3.245663e+003,1.302628e-003
3.247592e+003,1.316421e-003
3.249520e+003,1.339087e-003
3.251448e+003,1.379139e-003
3.253377e+003,1.422186e-003
3.255305e+003,1.401842e-003
3.257234e+003,1.299438e-003
3.259163e+003,1.212209e-003
3.261091e+003,1.204467e-003
3.263020e+003,1.236864e-003
3.264948e+003,1.257367e-003
3.266876e+003,1.258496e-003
3.268805e+003,1.265010e-003
3.270733e+003,1.297411e-003
3.272662e+003,1.331011e-003
3.274591e+003,1.330645e-003
3.276519e+003,1.314892e-003
3.278448e+003,1.311402e-003
3.280376e+003,1.312366e-003
3.282304e+003,1.299671e-003
3.284233e+003,1.278202e-003
3.286161e+003,1.261919e-003
3.288090e+003,1.253445e-003
3.290019e+003,1.263913e-003
3.291947e+003,1.301100e-003
3.293875e+003,1.348460e-003
3.295804e+003,1.380967e-003
3.297732e+003,1.405166e-003
3.299661e+003,1.431959e-003
3.301589e+003,1.407692e-003
3.303518e+003,1.331277e-003
3.305447e+003,1.271423e-003
3.307375e+003,1.233442e-003
3.309303e+003,1.219652e-003
3.311232e+003,1.237130e-003
3.313160e+003,1.249690e-003
3.315089e+003,1.242945e-003
3.317017e+003,1.244474e-003
3.318946e+003,1.282124e-003
3.320875e+003,1.333969e-003
3.322803e+003,1.356171e-003
3.324731e+003,1.357102e-003
3.326660e+003,1.349058e-003
3.328588e+003,1.308112e-003
3.330517e+003,1.249192e-003
3.332445e+003,1.235336e-003
3.334374e+003,1.284948e-003
3.336302e+003,1.346698e-003
3.338231e+003,1.372557e-003
3.340159e+003,1.371361e-003
3.342088e+003,1.375881e-003
3.344016e+003,1.380767e-003
3.345945e+003,1.358298e-003
3.347873e+003,1.328186e-003
3.349802e+003,1.313961e-003
3.351730e+003,1.299903e-003
3.353659e+003,1.299338e-003
3.355587e+003,1.321107e-003
3.357516e+003,1.326258e-003
3.359444e+003,1.298541e-003
3.361373e+003,1.267269e-003
3.363302e+003,1.271955e-003
3.365230e+003,1.293423e-003
3.367158e+003,1.274946e-003
3.369087e+003,1.266804e-003
3.371015e+003,1.335298e-003
3.372944e+003,1.399615e-003
3.374872e+003,1.411183e-003
3.376801e+003,1.426707e-003
3.378729e+003,1.432259e-003
3.380658e+003,1.393565e-003
3.382586e+003,1.346565e-003
3.384515e+003,1.315357e-003
3.386443e+003,1.301997e-003
3.388372e+003,1.319478e-003
3.390300e+003,1.355506e-003
3.392229e+003,1.371992e-003
3.394157e+003,1.366641e-003
3.396086e+003,1.365079e-003
3.398014e+003,1.365478e-003
3.399943e+003,1.348925e-003
3.401871e+003,1.329648e-003
3.403800e+003,1.347164e-003
3.405728e+003,1.382862e-003
3.407657e+003,1.394030e-003
3.409585e+003,1.388213e-003
3.411514e+003,1.397986e-003
3.413442e+003,1.414740e-003
3.415371e+003,1.383959e-003
3.417299e+003,1.338522e-003
3.419228e+003,1.360193e-003
3.421156e+003,1.403770e-003
3.423085e+003,1.406762e-003
3.425013e+003,1.392967e-003
3.426942e+003,1.374086e-003
3.428870e+003,1.359362e-003
3.430799e+003,1.356537e-003
3.432727e+003,1.332938e-003
3.434656e+003,1.301465e-003
3.436584e+003,1.320974e-003
3.438513e+003,1.341613e-003
3.440441e+003,1.300634e-003
3.442370e+003,1.258297e-003
3.444298e+003,1.256901e-003
3.446227e+003,1.291462e-003
3.448155e+003,1.349490e-003
3.450084e+003,1.367738e-003
3.452012e+003,1.332506e-003
3.453941e+003,1.320641e-003
3.455869e+003,1.330346e-003
3.457798e+003,1.331110e-003
3.459726e+003,1.398451e-003
3.461655e+003,1.511751e-003
3.463583e+003,1.565752e-003
3.465512e+003,1.570008e-003
3.467440e+003,1.544237e-003
3.469369e+003,1.493464e-003
3.471297e+003,1.447484e-003
3.473226e+003,1.396523e-003
3.475154e+003,1.352083e-003
3.477083e+003,1.366076e-003
3.479011e+003,1.452571e-003
3.480940e+003,1.564688e-003
3.482868e+003,1.622021e-003
3.484797e+003,1.610913e-003
3.486725e+003,1.550455e-003
3.488654e+003,1.458023e-003
3.490582e+003,1.433588e-003
3.492511e+003,1.495426e-003
3.494439e+003,1.510022e-003
3.496368e+003,1.458621e-003
3.498296e+003,1.456361e-003
3.500225e+003,1.495359e-003
3.502153e+003,1.480132e-003
3.504082e+003,1.464938e-003
3.506010e+003,1.537554e-003
3.507939e+003,1.618262e-003
3.509867e+003,1.625147e-003
3.511796e+003,1.573932e-003
3.513724e+003,1.512915e-003
3.515653e+003,1.489807e-003
3.517581e+003,1.505400e-003
3.519510e+003,1.524918e-003
3.521438e+003,1.556374e-003
3.523367e+003,1.614970e-003
3.525295e+003,1.635590e-003
3.527224e+003,1.571671e-003
3.529152e+003,1.506431e-003
3.531081e+003,1.509357e-003
3.533009e+003,1.560930e-003
3.534938e+003,1.609616e-003
3.536866e+003,1.608485e-003
3.538795e+003,1.594717e-003
3.540723e+003,1.614139e-003
3.542652e+003,1.605758e-003
3.544580e+003,1.537919e-003
3.546509e+003,1.528343e-003
3.548437e+003,1.614072e-003
3.550366e+003,1.661566e-003
3.552294e+003,1.643772e-003
3.554223e+003,1.668551e-003
3.556151e+003,1.734148e-003
3.558080e+003,1.754607e-003
3.560008e+003,1.741500e-003
3.561937e+003,1.770111e-003
3.563865e+003,1.828170e-003
3.565794e+003,1.853359e-003
3.567722e+003,1.809470e-003
3.569651e+003,1.736776e-003
3.571579e+003,1.695727e-003
3.573508e+003,1.692001e-003
3.575436e+003,1.703777e-003
3.577365e+003,1.687910e-003
3.579293e+003,1.662331e-003
3.581222e+003,1.707602e-003
3.583150e+003,1.835889e-003
3.585079e+003,1.969373e-003
3.587007e+003,1.972236e-003
3.588936e+003,1.866236e-003
3.590864e+003,1.815625e-003
3.592793e+003,1.823877e-003
3.594721e+003,1.860746e-003
3.596650e+003,1.861079e-003
3.598578e+003,1.789906e-003
3.600507e+003,1.771907e-003
3.602435e+003,1.876286e-003
3.604364e+003,1.991308e-003
3.606292e+003,2.037080e-003
3.608221e+003,2.019403e-003
3.610149e+003,2.026194e-003
3.612078e+003,2.093176e-003
3.614006e+003,2.124574e-003
3.615935e+003,2.094941e-003
3.617863e+003,2.044203e-003
3.619792e+003,2.004790e-003
3.621720e+003,2.036414e-003
3.623649e+003,2.092477e-003
3.625577e+003,2.079360e-003
3.627506e+003,1.935125e-003
3.629434e+003,1.812165e-003
3.631363e+003,1.915522e-003
3.633291e+003,2.050063e-003
3.635220e+003,2.105629e-003
3.637148e+003,2.144253e-003
3.639077e+003,2.197366e-003
3.641005e+003,2.223010e-003
3.642934e+003,2.237297e-003
3.644862e+003,2.264275e-003
3.646791e+003,2.244325e-003
3.648719e+003,2.147849e-003
3.650648e+003,2.128536e-003
3.652576e+003,2.203128e-003
3.654505e+003,2.235732e-003
3.656433e+003,2.198465e-003
3.658362e+003,2.186976e-003
3.660290e+003,2.164132e-003
3.662219e+003,2.093509e-003
3.664147e+003,2.097738e-003
3.666076e+003,2.179550e-003
3.668004e+003,2.171092e-003
3.669933e+003,2.027259e-003
3.671861e+003,1.949170e-003
3.673790e+003,1.941581e-003
3.675718e+003,1.937222e-003
3.677647e+003,2.001694e-003
3.679575e+003,2.101633e-003
3.681504e+003,2.193337e-003
3.683432e+003,2.255349e-003
3.685361e+003,2.257714e-003
3.687289e+003,2.163533e-003
3.689218e+003,2.014643e-003
3.691146e+003,2.020468e-003
3.693075e+003,2.108492e-003
3.695003e+003,2.119613e-003
3.696932e+003,2.092111e-003
3.698860e+003,2.099169e-003
3.700789e+003,2.115085e-003
3.702717e+003,2.129036e-003
3.704646e+003,2.182880e-003
3.706574e+003,2.206924e-003
3.708503e+003,2.108925e-003
3.710431e+003,1.972402e-003
3.712360e+003,1.996834e-003
3.714288e+003,2.103631e-003
3.716217e+003,2.168727e-003
3.718145e+003,2.212019e-003
3.720074e+003,2.252385e-003
3.722002e+003,2.253018e-003
3.723931e+003,2.235266e-003
3.725859e+003,2.272136e-003
3.727788e+003,2.346485e-003
3.729716e+003,2.378734e-003
3.731645e+003,2.365208e-003
3.733573e+003,2.330995e-003
3.735502e+003,2.220012e-003
3.737430e+003,2.152511e-003
3.739359e+003,2.228838e-003
3.741287e+003,2.322034e-003
3.743216e+003,2.278065e-003
3.745144e+003,2.146117e-003
3.747073e+003,2.136661e-003
3.749001e+003,2.168228e-003
3.750930e+003,2.197766e-003
3.752858e+003,2.256881e-003
3.754787e+003,2.249654e-003
3.756715e+003,2.182713e-003
3.758644e+003,2.155008e-003
3.760572e+003,2.224775e-003
3.762500e+003,2.324332e-003
3.764429e+003,2.367907e-003
3.766358e+003,2.348284e-003
3.768286e+003,2.288291e-003
3.770215e+003,2.238596e-003
3.772143e+003,2.277698e-003
3.774072e+003,2.336425e-003
3.776000e+003,2.358012e-003
3.777928e+003,2.364808e-003
3.779857e+003,2.366574e-003
3.781786e+003,2.382299e-003
3.783714e+003,2.383532e-003
3.785643e+003,2.338290e-003
3.787571e+003,2.327231e-003
3.789500e+003,2.369572e-003
3.791428e+003,2.390128e-003
3.793356e+003,2.392161e-003
3.795285e+003,2.421614e-003
3.797214e+003,2.465198e-003
3.799142e+003,2.458933e-003
3.801071e+003,2.365408e-003
3.802999e+003,2.288291e-003
3.804927e+003,2.273668e-003
3.806856e+003,2.247622e-003
3.808785e+003,2.231103e-003
3.810713e+003,2.284427e-003
3.812642e+003,2.403888e-003
3.814570e+003,2.493890e-003
3.816499e+003,2.431543e-003
3.818427e+003,2.245724e-003
3.820355e+003,2.050262e-003
3.822284e+003,2.066842e-003
3.824213e+003,2.218647e-003
3.826141e+003,2.322034e-003
3.828070e+003,2.377402e-003
3.829998e+003,2.401690e-003
3.831927e+003,2.418582e-003
3.833855e+003,2.416549e-003
3.835783e+003,2.329462e-003
3.837712e+003,2.228305e-003
3.839641e+003,2.246157e-003
3.841569e+003,2.326964e-003
3.843498e+003,2.406154e-003
3.845426e+003,2.463165e-003
3.847354e+003,2.491890e-003
3.849283e+003,2.470396e-003
3.851211e+003,2.348118e-003
3.853140e+003,2.207290e-003
3.855069e+003,2.264142e-003
3.856997e+003,2.383965e-003
3.858926e+003,2.483792e-003
3.860854e+003,2.532081e-003
3.862782e+003,2.491690e-003
3.864711e+003,2.443838e-003
3.866639e+003,2.414884e-003
3.868568e+003,2.291422e-003
3.870497e+003,2.187209e-003
3.872425e+003,2.294186e-003
3.874354e+003,2.410252e-003
3.876282e+003,2.388762e-003
3.878210e+003,2.322767e-003
3.880139e+003,2.275700e-003
3.882067e+003,2.237497e-003
3.883996e+003,2.210021e-003
3.885925e+003,2.260712e-003
3.887853e+003,2.372937e-003
3.889781e+003,2.420381e-003
3.891710e+003,2.368373e-003
3.893638e+003,2.337691e-003
3.895567e+003,2.355580e-003
3.897495e+003,2.336591e-003
3.899424e+003,2.294619e-003
3.901353e+003,2.306378e-003
3.903281e+003,2.313939e-003
3.905209e+003,2.322234e-003
3.907138e+003,2.400757e-003
3.909066e+003,2.485292e-003
3.910995e+003,2.477194e-003
3.912924e+003,2.393527e-003
3.914852e+003,2.349384e-003
3.916781e+003,2.361543e-003
3.918709e+003,2.355747e-003
3.920637e+003,2.366107e-003
3.922566e+003,2.439873e-003
3.924494e+003,2.499455e-003
3.926423e+003,2.487924e-003
3.928352e+003,2.455834e-003
3.930280e+003,2.424313e-003
3.932208e+003,2.402722e-003
3.934137e+003,2.418482e-003
3.936065e+003,2.456801e-003
3.937994e+003,2.490824e-003
3.939922e+003,2.471196e-003
3.941851e+003,2.407154e-003
3.943780e+003,2.392161e-003
3.945708e+003,2.403289e-003
3.947636e+003,2.397458e-003
3.949565e+003,2.390295e-003
3.951493e+003,2.365508e-003
3.953422e+003,2.330395e-003
3.955350e+003,2.326198e-003
3.957279e+003,2.366341e-003
3.959208e+003,2.385897e-003
3.961136e+003,2.316038e-003
3.963064e+003,2.228838e-003
3.964993e+003,2.249221e-003
3.966921e+003,2.340289e-003
3.968850e+003,2.379201e-003
3.970778e+003,2.373737e-003
3.972707e+003,2.382366e-003
3.974635e+003,2.382765e-003
3.976564e+003,2.370938e-003
3.978492e+003,2.383831e-003
3.980421e+003,2.413584e-003
3.982349e+003,2.417549e-003
3.984278e+003,2.409852e-003
3.986206e+003,2.402922e-003
3.988135e+003,2.377402e-003
3.990063e+003,2.413384e-003
3.991992e+003,2.536148e-003
3.993920e+003,2.590342e-003
3.995849e+003,2.520617e-003
3.997777e+003,2.415250e-003
3.999706e+003,2.333993e-003
