3.953422e+002,-1.672447e-001
3.972707e+002,-1.080982e-001
3.991992e+002,6.217319e-002
4.011277e+002,3.278238e-001
4.030562e+002,4.011847e-001
4.049847e+002,1.806587e-001
4.069132e+002,-1.073899e-002
4.088417e+002,1.822392e-002
4.107702e+002,1.787024e-001
4.126987e+002,3.101114e-001
4.146272e+002,3.101994e-001
4.165557e+002,1.257704e-001
4.184842e+002,7.479604e-003
4.204127e+002,9.326261e-002
4.223412e+002,2.680067e-001
4.242697e+002,3.907620e-001
4.261982e+002,3.473794e-001
4.281267e+002,1.876853e-001
4.300552e+002,1.346949e-001
4.319837e+002,2.168909e-001
4.339122e+002,2.804780e-001
4.358407e+002,3.074047e-001
4.377692e+002,4.009293e-001
4.396977e+002,5.271499e-001
4.416262e+002,6.018255e-001
4.435547e+002,5.728939e-001
4.454832e+002,4.624490e-001
4.474117e+002,3.098832e-001
4.493401e+002,1.711628e-001
4.512686e+002,9.739757e-002
4.531971e+002,7.310404e-002
4.551256e+002,7.157010e-002
4.570541e+002,6.959368e-002
4.589826e+002,5.393280e-002
4.609111e+002,7.173935e-002
4.628396e+002,1.873035e-001
4.647681e+002,3.429587e-001
4.666966e+002,3.810779e-001
4.686251e+002,3.397933e-001
4.705536e+002,3.111283e-001
4.724821e+002,3.481399e-001
4.744106e+002,4.619646e-001
4.763391e+002,4.976568e-001
4.782676e+002,3.886245e-001
4.801961e+002,2.038700e-001
4.821246e+002,-2.253240e-002
4.840531e+002,-1.552739e-001
4.859816e+002,-1.063826e-001
4.879101e+002,-1.692234e-003
4.898386e+002,1.995782e-001
4.917671e+002,4.298430e-001
4.936956e+002,3.155385e-001
4.956241e+002,7.389607e-002
4.975526e+002,2.622760e-002
4.994811e+002,2.093302e-001
5.014096e+002,3.117747e-001
5.033381e+002,1.951510e-001
5.052666e+002,5.738293e-002
5.071951e+002,1.200308e-002
5.091236e+002,4.624749e-002
5.110521e+002,4.484553e-002
5.129806e+002,1.920542e-004
5.149091e+002,-2.225314e-002
5.168376e+002,-4.424536e-003
5.187661e+002,2.090135e-002
5.206946e+002,3.534493e-002
5.226231e+002,3.379713e-002
5.245516e+002,1.868940e-002
5.264801e+002,7.254381e-003
5.284086e+002,8.603486e-003
5.303371e+002,1.420658e-002
5.322656e+002,1.716896e-002
5.341941e+002,1.675978e-002
5.361226e+002,1.426770e-002
5.380511e+002,1.194817e-002
5.399796e+002,1.229516e-002
5.419081e+002,1.496282e-002
5.438366e+002,1.670585e-002
5.457651e+002,1.656594e-002
5.476936e+002,1.608227e-002
5.496221e+002,1.570898e-002
5.515506e+002,1.509255e-002
5.534791e+002,1.419275e-002
5.554076e+002,1.338064e-002
5.573361e+002,1.317464e-002
5.592646e+002,1.313120e-002
5.611931e+002,1.264891e-002
5.631216e+002,1.192478e-002
5.650500e+002,1.151146e-002
5.669786e+002,1.205540e-002
5.689070e+002,1.285695e-002
5.708356e+002,1.276720e-002
5.727640e+002,1.236017e-002
5.746926e+002,1.159908e-002
5.766210e+002,1.012129e-002
5.785496e+002,9.151106e-003
5.804780e+002,8.697317e-003
5.824066e+002,8.070363e-003
5.843350e+002,7.491537e-003
5.862635e+002,6.781230e-003
5.881920e+002,5.900788e-003
5.901205e+002,5.446320e-003
5.920490e+002,5.449173e-003
5.939775e+002,5.394519e-003
5.959061e+002,4.941386e-003
5.978345e+002,4.226936e-003
5.997631e+002,3.727861e-003
6.016915e+002,3.358497e-003
6.036201e+002,3.088078e-003
6.055485e+002,3.071193e-003
6.074771e+002,2.549845e-003
6.094055e+002,1.263381e-003
6.113340e+002,3.674721e-005
6.132625e+002,-8.658565e-004
6.151910e+002,-1.940626e-003
6.171195e+002,-3.355345e-003
6.190480e+002,-4.843954e-003
6.209765e+002,-6.704836e-003
6.229050e+002,-9.256574e-003
6.248335e+002,-1.185409e-002
6.267620e+002,-1.373359e-002
6.286905e+002,-1.460696e-002
6.306190e+002,-1.397631e-002
6.325475e+002,-1.155388e-002
6.344760e+002,-7.930478e-003
6.364045e+002,-3.821615e-003
6.383330e+002,1.792590e-004
6.402615e+002,3.373489e-003
6.421900e+002,5.595016e-003
6.441185e+002,7.180871e-003
6.460470e+002,8.262744e-003
6.479755e+002,9.049363e-003
6.499040e+002,9.741399e-003
6.518325e+002,1.020669e-002
6.537610e+002,1.047924e-002
6.556895e+002,1.061955e-002
6.576180e+002,1.069035e-002
6.595465e+002,1.089542e-002
6.614750e+002,1.113906e-002
6.634035e+002,1.121535e-002
6.653320e+002,1.115051e-002
6.672605e+002,1.093898e-002
6.691890e+002,1.059280e-002
6.711175e+002,1.036680e-002
6.730460e+002,1.025280e-002
6.749745e+002,1.009894e-002
6.769030e+002,9.845949e-003
6.788315e+002,9.584571e-003
6.807599e+002,9.310858e-003
6.826885e+002,8.998889e-003
6.846169e+002,8.787517e-003
6.865455e+002,8.727641e-003
6.884739e+002,8.630762e-003
6.904025e+002,8.383895e-003
6.923310e+002,8.088422e-003
6.942595e+002,7.808296e-003
6.961880e+002,7.535195e-003
6.981165e+002,7.236659e-003
7.000450e+002,6.934423e-003
7.019734e+002,6.720386e-003
7.039020e+002,6.602355e-003
7.058304e+002,6.487383e-003
7.077590e+002,6.270472e-003
7.096874e+002,5.962895e-003
7.116160e+002,5.685144e-003
7.135444e+002,5.447965e-003
7.154730e+002,5.183519e-003
7.174014e+002,4.941989e-003
7.193300e+002,4.780418e-003
7.212584e+002,4.680363e-003
7.231870e+002,4.625973e-003
7.251154e+002,4.574538e-003
7.270439e+002,4.481694e-003
7.289724e+002,4.328292e-003
7.309009e+002,4.179161e-003
7.328294e+002,4.136040e-003
7.347579e+002,4.149588e-003
7.366864e+002,4.136174e-003
7.386149e+002,4.115267e-003
7.405434e+002,4.073224e-003
7.424719e+002,3.947985e-003
7.444005e+002,3.768635e-003
7.463289e+002,3.657752e-003
7.482574e+002,3.623938e-003
7.501859e+002,3.511990e-003
7.521144e+002,3.310683e-003
7.540429e+002,3.120182e-003
7.559714e+002,2.877561e-003
7.578999e+002,2.517284e-003
7.598284e+002,2.077628e-003
7.617569e+002,1.623251e-003
7.636854e+002,1.240220e-003
7.656139e+002,8.803021e-004
7.675424e+002,4.624660e-004
7.694709e+002,2.750212e-005
7.713994e+002,-4.198372e-004
7.733279e+002,-8.971708e-004
7.752564e+002,-1.453078e-003
7.771849e+002,-2.131707e-003
7.791134e+002,-2.759925e-003
7.810419e+002,-3.202168e-003
7.829704e+002,-3.609919e-003
7.848989e+002,-4.086485e-003
7.868274e+002,-4.624395e-003
7.887559e+002,-5.205349e-003
7.906844e+002,-5.683767e-003
7.926129e+002,-6.045379e-003
7.945414e+002,-6.506650e-003
7.964699e+002,-7.080334e-003
7.983984e+002,-7.616211e-003
8.003269e+002,-8.118714e-003
8.022554e+002,-8.618687e-003
8.041839e+002,-9.131777e-003
8.061124e+002,-9.716846e-003
8.080409e+002,-1.036053e-002
8.099694e+002,-1.098278e-002
8.118979e+002,-1.160721e-002
8.138264e+002,-1.234837e-002
8.157549e+002,-1.316204e-002
8.176833e+002,-1.390957e-002
8.196119e+002,-1.462298e-002
8.215403e+002,-1.543388e-002
8.234689e+002,-1.636537e-002
8.253973e+002,-1.727120e-002
8.273259e+002,-1.805461e-002
8.292543e+002,-1.882680e-002
8.311829e+002,-1.968756e-002
8.331113e+002,-2.065880e-002
8.350399e+002,-2.169173e-002
8.369683e+002,-2.264941e-002
8.388969e+002,-2.354727e-002
8.408254e+002,-2.449755e-002
8.427538e+002,-2.548931e-002
8.446824e+002,-2.646407e-002
8.466108e+002,-2.738119e-002
8.485394e+002,-2.825551e-002
8.504678e+002,-2.915004e-002
8.523964e+002,-3.007350e-002
8.543248e+002,-3.097720e-002
8.562534e+002,-3.178855e-002
8.581818e+002,-3.249972e-002
8.601104e+002,-3.318470e-002
8.620388e+002,-3.385916e-002
8.639673e+002,-3.447969e-002
8.658958e+002,-3.505674e-002
8.678243e+002,-3.562602e-002
8.697528e+002,-3.616024e-002
8.716813e+002,-3.666146e-002
8.736098e+002,-3.720095e-002
8.755383e+002,-3.781141e-002
8.774668e+002,-3.847149e-002
8.793953e+002,-3.906588e-002
8.813238e+002,-3.953118e-002
8.832523e+002,-3.998888e-002
8.851808e+002,-4.045748e-002
8.871093e+002,-4.080063e-002
8.890378e+002,-4.090860e-002
8.909663e+002,-4.064599e-002
8.928948e+002,-3.986925e-002
8.948233e+002,-3.851563e-002
8.967518e+002,-3.667465e-002
8.986803e+002,-3.464374e-002
9.006088e+002,-3.270618e-002
9.025373e+002,-3.100586e-002
9.044658e+002,-2.965149e-002
9.063943e+002,-2.863474e-002
9.083228e+002,-2.784441e-002
9.102513e+002,-2.721117e-002
9.121798e+002,-2.672020e-002
9.141083e+002,-2.634609e-002
9.160368e+002,-2.600521e-002
9.179653e+002,-2.566738e-002
9.198938e+002,-2.541382e-002
9.218223e+002,-2.527892e-002
9.237508e+002,-2.520936e-002
9.256793e+002,-2.514908e-002
9.276078e+002,-2.510326e-002
9.295363e+002,-2.506739e-002
9.314648e+002,-2.485920e-002
9.333932e+002,-2.421536e-002
9.353218e+002,-2.301201e-002
9.372502e+002,-2.135062e-002
9.391788e+002,-1.944589e-002
9.411073e+002,-1.742730e-002
9.430358e+002,-1.540254e-002
9.449643e+002,-1.353929e-002
9.468928e+002,-1.196251e-002
9.488213e+002,-1.070240e-002
9.507498e+002,-9.714837e-003
9.526783e+002,-8.911715e-003
9.546068e+002,-8.179946e-003
9.565353e+002,-7.467884e-003
9.584637e+002,-6.815588e-003
9.603923e+002,-6.206736e-003
9.623207e+002,-5.568244e-003
9.642493e+002,-4.917377e-003
9.661777e+002,-4.328755e-003
9.681063e+002,-3.771788e-003
9.700347e+002,-3.138914e-003
9.719633e+002,-2.432503e-003
9.738917e+002,-1.726426e-003
9.758203e+002,-1.004389e-003
9.777487e+002,-2.426390e-004
9.796772e+002,5.119243e-004
9.816057e+002,1.232378e-003
9.835342e+002,1.955294e-003
9.854627e+002,2.732861e-003
9.873912e+002,3.565772e-003
9.893198e+002,4.409723e-003
9.912482e+002,5.226341e-003
9.931768e+002,5.979490e-003
9.951052e+002,6.650801e-003
9.970338e+002,7.239590e-003
9.989622e+002,7.717187e-003
1.000891e+003,8.104390e-003
1.002819e+003,8.487308e-003
1.004748e+003,8.853047e-003
1.006676e+003,9.131886e-003
1.008605e+003,9.364517e-003
1.010533e+003,9.590601e-003
1.012462e+003,9.750447e-003
1.014390e+003,9.809955e-003
1.016319e+003,9.822495e-003
1.018247e+003,9.841069e-003
1.020176e+003,9.840459e-003
1.022104e+003,9.814022e-003
1.024033e+003,9.812057e-003
1.025961e+003,9.865133e-003
1.027890e+003,9.968595e-003
1.029818e+003,1.005906e-002
1.031747e+003,1.006652e-002
1.033675e+003,9.967882e-003
1.035604e+003,9.793350e-003
1.037532e+003,9.639517e-003
1.039461e+003,9.536135e-003
1.041389e+003,9.422009e-003
1.043318e+003,9.296709e-003
1.045246e+003,9.173915e-003
1.047175e+003,9.017054e-003
1.049103e+003,8.820280e-003
1.051032e+003,8.590205e-003
1.052960e+003,8.315902e-003
1.054889e+003,7.969074e-003
1.056817e+003,7.495886e-003
1.058746e+003,6.915974e-003
1.060674e+003,6.276759e-003
1.062603e+003,5.518061e-003
1.064531e+003,4.575408e-003
1.066460e+003,3.473545e-003
1.068388e+003,2.218447e-003
1.070317e+003,7.632834e-004
1.072245e+003,-9.045444e-004
1.074174e+003,-2.824057e-003
1.076102e+003,-5.079514e-003
1.078031e+003,-7.684610e-003
1.079959e+003,-1.061090e-002
1.081888e+003,-1.378617e-002
1.083816e+003,-1.701362e-002
1.085745e+003,-1.997360e-002
1.087673e+003,-2.220419e-002
1.089602e+003,-2.323741e-002
1.091530e+003,-2.299950e-002
1.093459e+003,-2.192740e-002
1.095387e+003,-2.046644e-002
1.097316e+003,-1.871717e-002
1.099244e+003,-1.664470e-002
1.101173e+003,-1.432548e-002
1.103101e+003,-1.193627e-002
1.105030e+003,-9.586510e-003
1.106958e+003,-7.321298e-003
1.108887e+003,-5.243063e-003
1.110815e+003,-3.396541e-003
1.112744e+003,-1.700287e-003
1.114672e+003,-7.176240e-005
1.116601e+003,1.524054e-003
1.118529e+003,3.038826e-003
1.120458e+003,4.410024e-003
1.122386e+003,5.681082e-003
1.124315e+003,6.951426e-003
1.126243e+003,8.247176e-003
1.128172e+003,9.469484e-003
1.130100e+003,1.056767e-002
1.132029e+003,1.161562e-002
1.133957e+003,1.260446e-002
1.135886e+003,1.344249e-002
1.137814e+003,1.412501e-002
1.139743e+003,1.469876e-002
1.141671e+003,1.518546e-002
1.143600e+003,1.560016e-002
1.145528e+003,1.594369e-002
1.147457e+003,1.622997e-002
1.149385e+003,1.649800e-002
1.151314e+003,1.673753e-002
1.153242e+003,1.692270e-002
1.155171e+003,1.707796e-002
1.157099e+003,1.722480e-002
1.159028e+003,1.736041e-002
1.160956e+003,1.747464e-002
1.162885e+003,1.758211e-002
1.164813e+003,1.769926e-002
1.166742e+003,1.782145e-002
1.168670e+003,1.797986e-002
1.170599e+003,1.816124e-002
1.172527e+003,1.830762e-002
1.174456e+003,1.842469e-002
1.176384e+003,1.853336e-002
1.178313e+003,1.865225e-002
1.180241e+003,1.878921e-002
1.182170e+003,1.889022e-002
1.184098e+003,1.891700e-002
1.186027e+003,1.892140e-002
1.187955e+003,1.896941e-002
1.189884e+003,1.905172e-002
1.191812e+003,1.911778e-002
1.193741e+003,1.915303e-002
1.195669e+003,1.915750e-002
1.197598e+003,1.913247e-002
1.199526e+003,1.909680e-002
1.201455e+003,1.902181e-002
1.203383e+003,1.886637e-002
1.205312e+003,1.868200e-002
1.207240e+003,1.850580e-002
1.209169e+003,1.829431e-002
1.211097e+003,1.804023e-002
1.213026e+003,1.775883e-002
1.214954e+003,1.743153e-002
1.216883e+003,1.703568e-002
1.218811e+003,1.655981e-002
1.220740e+003,1.601312e-002
1.222668e+003,1.541604e-002
1.224597e+003,1.476248e-002
1.226525e+003,1.399920e-002
1.228453e+003,1.301237e-002
1.230382e+003,1.163706e-002
1.232311e+003,9.821377e-003
1.234239e+003,7.984463e-003
1.236168e+003,7.097168e-003
1.238096e+003,7.979637e-003
1.240025e+003,1.051380e-002
1.241953e+003,1.376995e-002
1.243882e+003,1.667617e-002
1.245810e+003,1.861155e-002
1.247739e+003,1.963016e-002
1.249667e+003,2.011790e-002
1.251596e+003,2.036414e-002
1.253524e+003,2.046659e-002
1.255453e+003,2.046044e-002
1.257381e+003,2.040619e-002
1.259310e+003,2.034660e-002
1.261238e+003,2.026987e-002
1.263167e+003,2.018975e-002
1.265095e+003,2.015053e-002
1.267024e+003,2.011176e-002
1.268952e+003,2.001522e-002
1.270880e+003,1.988100e-002
1.272809e+003,1.972966e-002
1.274738e+003,1.956399e-002
1.276666e+003,1.942453e-002
1.278594e+003,1.933795e-002
1.280523e+003,1.927695e-002
1.282452e+003,1.921461e-002
1.284380e+003,1.913548e-002
1.286308e+003,1.903102e-002
1.288237e+003,1.892718e-002
1.290166e+003,1.884156e-002
1.292094e+003,1.878042e-002
1.294022e+003,1.877388e-002
1.295951e+003,1.880177e-002
1.297880e+003,1.879516e-002
1.299808e+003,1.872884e-002
1.301736e+003,1.863693e-002
1.303665e+003,1.855850e-002
1.305594e+003,1.849933e-002
1.307522e+003,1.846638e-002
1.309450e+003,1.846860e-002
1.311379e+003,1.847496e-002
1.313307e+003,1.843689e-002
1.315236e+003,1.836378e-002
1.317164e+003,1.830067e-002
1.319093e+003,1.823639e-002
1.321021e+003,1.815302e-002
1.322950e+003,1.807464e-002
1.324878e+003,1.803443e-002
1.326807e+003,1.806034e-002
1.328735e+003,1.812832e-002
1.330664e+003,1.817047e-002
1.332592e+003,1.816591e-002
1.334521e+003,1.815793e-002
1.336449e+003,1.821262e-002
1.338378e+003,1.831256e-002
1.340307e+003,1.830665e-002
1.342235e+003,1.820246e-002
1.344163e+003,1.815167e-002
1.346092e+003,1.816404e-002
1.348021e+003,1.818439e-002
1.349949e+003,1.819600e-002
1.351877e+003,1.818629e-002
1.353806e+003,1.815731e-002
1.355734e+003,1.812780e-002
1.357663e+003,1.811695e-002
1.359591e+003,1.814504e-002
1.361520e+003,1.814252e-002
1.363448e+003,1.799634e-002
1.365377e+003,1.780726e-002
1.367305e+003,1.767148e-002
1.369234e+003,1.753267e-002
1.371162e+003,1.739435e-002
1.373091e+003,1.724642e-002
1.375019e+003,1.694065e-002
1.376948e+003,1.642029e-002
1.378876e+003,1.575100e-002
1.380805e+003,1.513547e-002
1.382733e+003,1.491814e-002
1.384662e+003,1.518412e-002
1.386590e+003,1.560586e-002
1.388519e+003,1.578148e-002
1.390447e+003,1.577546e-002
1.392376e+003,1.580790e-002
1.394304e+003,1.586230e-002
1.396233e+003,1.584914e-002
1.398161e+003,1.574385e-002
1.400090e+003,1.555668e-002
1.402018e+003,1.540330e-002
1.403947e+003,1.532369e-002
1.405875e+003,1.522647e-002
1.407804e+003,1.511231e-002
1.409732e+003,1.502703e-002
1.411661e+003,1.496272e-002
1.413589e+003,1.494876e-002
1.415518e+003,1.502679e-002
1.417446e+003,1.510727e-002
1.419375e+003,1.497877e-002
1.421303e+003,1.477304e-002
1.423232e+003,1.463920e-002
1.425160e+003,1.446500e-002
1.427089e+003,1.428139e-002
1.429017e+003,1.412148e-002
1.430946e+003,1.396098e-002
1.432874e+003,1.392915e-002
1.434803e+003,1.409660e-002
1.436731e+003,1.427365e-002
1.438660e+003,1.424469e-002
1.440588e+003,1.413137e-002
1.442517e+003,1.402873e-002
1.444445e+003,1.395786e-002
1.446374e+003,1.389939e-002
1.448302e+003,1.378274e-002
1.450231e+003,1.365020e-002
1.452159e+003,1.361525e-002
1.454088e+003,1.372936e-002
1.456016e+003,1.385964e-002
1.457945e+003,1.346973e-002
1.459873e+003,1.282746e-002
1.461802e+003,1.240398e-002
1.463730e+003,1.197474e-002
1.465659e+003,1.133447e-002
1.467587e+003,1.083535e-002
1.469516e+003,1.082102e-002
1.471444e+003,1.131053e-002
1.473373e+003,1.187366e-002
1.475301e+003,1.196922e-002
1.477230e+003,1.184594e-002
1.479158e+003,1.174973e-002
1.481087e+003,1.171558e-002
1.483015e+003,1.175194e-002
1.484944e+003,1.191715e-002
1.486872e+003,1.221841e-002
1.488801e+003,1.245652e-002
1.490729e+003,1.238843e-002
1.492658e+003,1.227263e-002
1.494586e+003,1.234585e-002
1.496515e+003,1.250948e-002
1.498443e+003,1.251432e-002
1.500372e+003,1.242324e-002
1.502300e+003,1.246978e-002
1.504229e+003,1.276706e-002
1.506157e+003,1.331869e-002
1.508086e+003,1.345480e-002
1.510014e+003,1.314978e-002
1.511943e+003,1.299758e-002
1.513871e+003,1.310162e-002
1.515800e+003,1.335987e-002
1.517728e+003,1.355881e-002
1.519657e+003,1.373852e-002
1.521585e+003,1.391479e-002
1.523514e+003,1.386518e-002
1.525442e+003,1.372142e-002
1.527371e+003,1.360657e-002
1.529299e+003,1.359553e-002
1.531228e+003,1.375891e-002
1.533156e+003,1.394938e-002
1.535085e+003,1.394979e-002
1.537013e+003,1.401750e-002
1.538942e+003,1.448515e-002
1.540870e+003,1.508535e-002
1.542799e+003,1.514267e-002
1.544727e+003,1.499887e-002
1.546656e+003,1.494383e-002
1.548584e+003,1.509156e-002
1.550513e+003,1.536846e-002
1.552441e+003,1.567308e-002
1.554370e+003,1.608268e-002
1.556298e+003,1.661585e-002
1.558227e+003,1.706980e-002
1.560155e+003,1.696136e-002
1.562084e+003,1.681141e-002
1.564012e+003,1.687437e-002
1.565941e+003,1.706959e-002
1.567869e+003,1.733913e-002
1.569798e+003,1.750669e-002
1.571726e+003,1.751655e-002
1.573655e+003,1.761016e-002
1.575583e+003,1.778648e-002
1.577512e+003,1.779690e-002
1.579440e+003,1.773156e-002
1.581369e+003,1.772863e-002
1.583297e+003,1.772784e-002
1.585226e+003,1.770154e-002
1.587154e+003,1.768970e-002
1.589083e+003,1.768224e-002
1.591011e+003,1.763355e-002
1.592940e+003,1.754339e-002
1.594868e+003,1.741907e-002
1.596797e+003,1.725400e-002
1.598725e+003,1.706835e-002
1.600654e+003,1.689445e-002
1.602582e+003,1.673044e-002
1.604511e+003,1.656212e-002
1.606439e+003,1.639173e-002
1.608368e+003,1.615661e-002
1.610296e+003,1.582549e-002
1.612225e+003,1.554490e-002
1.614153e+003,1.540254e-002
1.616082e+003,1.519184e-002
1.618010e+003,1.475611e-002
1.619939e+003,1.441355e-002
1.621867e+003,1.417204e-002
1.623796e+003,1.383846e-002
1.625724e+003,1.347585e-002
1.627653e+003,1.310965e-002
1.629581e+003,1.271728e-002
1.631510e+003,1.249229e-002
1.633438e+003,1.252022e-002
1.635367e+003,1.254130e-002
1.637295e+003,1.216235e-002
1.639224e+003,1.172270e-002
1.641152e+003,1.148257e-002
1.643081e+003,1.146995e-002
1.645009e+003,1.162968e-002
1.646938e+003,1.167079e-002
1.648866e+003,1.150084e-002
1.650795e+003,1.149513e-002
1.652723e+003,1.156726e-002
1.654652e+003,1.124184e-002
1.656580e+003,1.092562e-002
1.658509e+003,1.083216e-002
1.660437e+003,1.087986e-002
1.662366e+003,1.088261e-002
1.664294e+003,1.079554e-002
1.666223e+003,1.086399e-002
1.668151e+003,1.116051e-002
1.670080e+003,1.141933e-002
1.672008e+003,1.141056e-002
1.673937e+003,1.129910e-002
1.675865e+003,1.118998e-002
1.677794e+003,1.120695e-002
1.679722e+003,1.140409e-002
1.681651e+003,1.173043e-002
1.683579e+003,1.202301e-002
1.685508e+003,1.200127e-002
1.687436e+003,1.191953e-002
1.689365e+003,1.188820e-002
1.691293e+003,1.186358e-002
1.693222e+003,1.197219e-002
1.695150e+003,1.229261e-002
1.697079e+003,1.264563e-002
1.699007e+003,1.276324e-002
1.700936e+003,1.259655e-002
1.702864e+003,1.241093e-002
1.704793e+003,1.229700e-002
1.706721e+003,1.212858e-002
1.708650e+003,1.194456e-002
1.710578e+003,1.183270e-002
1.712507e+003,1.182991e-002
1.714435e+003,1.192822e-002
1.716364e+003,1.189675e-002
1.718292e+003,1.146631e-002
1.720221e+003,1.104935e-002
1.722149e+003,1.080865e-002
1.724078e+003,1.056295e-002
1.726006e+003,1.031964e-002
1.727935e+003,1.022790e-002
1.729863e+003,1.029602e-002
1.731792e+003,1.038883e-002
1.733720e+003,1.023526e-002
1.735649e+003,9.844153e-003
1.737577e+003,9.608690e-003
1.739506e+003,9.489262e-003
1.741434e+003,9.384086e-003
1.743363e+003,9.341733e-003
1.745291e+003,9.371966e-003
1.747220e+003,9.414865e-003
1.749148e+003,9.341462e-003
1.751077e+003,9.072809e-003
1.753005e+003,8.803915e-003
1.754934e+003,8.656956e-003
1.756862e+003,8.554078e-003
1.758791e+003,8.463421e-003
1.760719e+003,8.388456e-003
1.762648e+003,8.242009e-003
1.764576e+003,8.088219e-003
1.766505e+003,8.051865e-003
1.768433e+003,8.127008e-003
1.770362e+003,8.231676e-003
1.772290e+003,8.147365e-003
1.774219e+003,7.823005e-003
1.776147e+003,7.545511e-003
1.778076e+003,7.397226e-003
1.780004e+003,7.270890e-003
1.781933e+003,7.086593e-003
1.783861e+003,6.897997e-003
1.785790e+003,6.747374e-003
1.787718e+003,6.685289e-003
1.789647e+003,6.747946e-003
1.791575e+003,6.787793e-003
1.793504e+003,6.617460e-003
1.795432e+003,6.402670e-003
1.797361e+003,6.299652e-003
1.799289e+003,6.259010e-003
1.801218e+003,6.148531e-003
1.803146e+003,5.990005e-003
1.805075e+003,5.912611e-003
1.807003e+003,5.896220e-003
1.808932e+003,5.859410e-003
1.810860e+003,5.756923e-003
1.812789e+003,5.599278e-003
1.814717e+003,5.491585e-003
1.816646e+003,5.486786e-003
1.818574e+003,5.528061e-003
1.820503e+003,5.586155e-003
1.822431e+003,5.679672e-003
1.824360e+003,5.770723e-003
1.826288e+003,5.809977e-003
1.828217e+003,5.839260e-003
1.830145e+003,5.821629e-003
1.832074e+003,5.709147e-003
1.834002e+003,5.630897e-003
1.835931e+003,5.638819e-003
1.837859e+003,5.654092e-003
1.839788e+003,5.660436e-003
1.841716e+003,5.737853e-003
1.843645e+003,5.870929e-003
1.845573e+003,5.908714e-003
1.847502e+003,5.816223e-003
1.849430e+003,5.684305e-003
1.851359e+003,5.602635e-003
1.853287e+003,5.599480e-003
1.855216e+003,5.638315e-003
1.857144e+003,5.681686e-003
1.859073e+003,5.712605e-003
1.861001e+003,5.726773e-003
1.862930e+003,5.745239e-003
1.864858e+003,5.832477e-003
1.866786e+003,6.007105e-003
1.868715e+003,6.100208e-003
1.870644e+003,5.980800e-003
1.872572e+003,5.828077e-003
1.874500e+003,5.766157e-003
1.876429e+003,5.766459e-003
1.878358e+003,5.771261e-003
1.880286e+003,5.764310e-003
1.882215e+003,5.774619e-003
1.884143e+003,5.819883e-003
1.886072e+003,5.883793e-003
1.888000e+003,5.929002e-003
1.889929e+003,5.906565e-003
1.891857e+003,5.864918e-003
1.893786e+003,5.890980e-003
1.895714e+003,5.945260e-003
1.897643e+003,5.950433e-003
1.899571e+003,5.917414e-003
1.901500e+003,5.893533e-003
1.903428e+003,5.901929e-003
1.905357e+003,5.943244e-003
1.907285e+003,5.986847e-003
1.909214e+003,5.989434e-003
1.911142e+003,5.952280e-003
1.913071e+003,5.931958e-003
1.914999e+003,5.970857e-003
1.916927e+003,6.032504e-003
1.918856e+003,6.049471e-003
1.920785e+003,6.047925e-003
1.922713e+003,6.038988e-003
1.924641e+003,5.973846e-003
1.926570e+003,5.907472e-003
1.928499e+003,5.912443e-003
1.930427e+003,5.964978e-003
1.932355e+003,6.005593e-003
1.934284e+003,6.007944e-003
1.936213e+003,5.991214e-003
1.938141e+003,5.993398e-003
1.940069e+003,6.040264e-003
1.941998e+003,6.098830e-003
1.943927e+003,6.092882e-003
1.945855e+003,6.026926e-003
1.947783e+003,5.971998e-003
1.949712e+003,5.964575e-003
1.951641e+003,5.985738e-003
1.953569e+003,5.995850e-003
1.955497e+003,5.979490e-003
1.957426e+003,5.942169e-003
1.959354e+003,5.911233e-003
1.961283e+003,5.931017e-003
1.963211e+003,5.996892e-003
1.965140e+003,6.054611e-003
1.967068e+003,6.053402e-003
1.968997e+003,5.992625e-003
1.970925e+003,5.934914e-003
1.972854e+003,5.930715e-003
1.974782e+003,5.950399e-003
1.976711e+003,5.935149e-003
1.978640e+003,5.901258e-003
1.980568e+003,5.888864e-003
1.982496e+003,5.904382e-003
1.984425e+003,5.946099e-003
1.986354e+003,5.989602e-003
1.988282e+003,6.014227e-003
1.990210e+003,6.028774e-003
1.992139e+003,6.005559e-003
1.994068e+003,5.915701e-003
1.995996e+003,5.815753e-003
1.997924e+003,5.762161e-003
1.999853e+003,5.744366e-003
2.001781e+003,5.749000e-003
2.003710e+003,5.781468e-003
2.005638e+003,5.808197e-003
2.007567e+003,5.797989e-003
2.009495e+003,5.769649e-003
2.011424e+003,5.757394e-003
2.013352e+003,5.788990e-003
2.015281e+003,5.835667e-003
2.017209e+003,5.824484e-003
2.019138e+003,5.760583e-003
2.021066e+003,5.719286e-003
2.022995e+003,5.724893e-003
2.024923e+003,5.760818e-003
2.026852e+003,5.802354e-003
2.028780e+003,5.812697e-003
2.030709e+003,5.795504e-003
2.032637e+003,5.784289e-003
2.034566e+003,5.796176e-003
2.036494e+003,5.842383e-003
2.038423e+003,5.913484e-003
2.040351e+003,5.966657e-003
2.042280e+003,5.972267e-003
2.044208e+003,5.961451e-003
2.046137e+003,5.973141e-003
2.048065e+003,5.997731e-003
2.049994e+003,6.021988e-003
2.051922e+003,6.046178e-003
2.053851e+003,6.064792e-003
2.055779e+003,6.085120e-003
2.057708e+003,6.108239e-003
2.059636e+003,6.121311e-003
2.061565e+003,6.126217e-003
2.063493e+003,6.131594e-003
2.065422e+003,6.138046e-003
2.067350e+003,6.149842e-003
2.069279e+003,6.170006e-003
2.071207e+003,6.192995e-003
2.073136e+003,6.201599e-003
2.075064e+003,6.179820e-003
2.076993e+003,6.156731e-003
2.078921e+003,6.174442e-003
2.080850e+003,6.217060e-003
2.082778e+003,6.240589e-003
2.084707e+003,6.237933e-003
2.086635e+003,6.231850e-003
2.088564e+003,6.229833e-003
2.090492e+003,6.217867e-003
2.092421e+003,6.203750e-003
2.094349e+003,6.215178e-003
2.096278e+003,6.236757e-003
2.098206e+003,6.238471e-003
2.100135e+003,6.234270e-003
2.102063e+003,6.233430e-003
2.103992e+003,6.221833e-003
2.105920e+003,6.215178e-003
2.107849e+003,6.235110e-003
2.109777e+003,6.263548e-003
2.111706e+003,6.289264e-003
2.113634e+003,6.335861e-003
2.115563e+003,6.385992e-003
2.117491e+003,6.398601e-003
2.119420e+003,6.390901e-003
2.121348e+003,6.389826e-003
2.123277e+003,6.392044e-003
2.125205e+003,6.385891e-003
2.127134e+003,6.373147e-003
2.129062e+003,6.366927e-003
2.130991e+003,6.369852e-003
2.132919e+003,6.377552e-003
2.134848e+003,6.376712e-003
2.136776e+003,6.370357e-003
2.138705e+003,6.394936e-003
2.140633e+003,6.441746e-003
2.142562e+003,6.468179e-003
2.144490e+003,6.478571e-003
2.146419e+003,6.486542e-003
2.148347e+003,6.486979e-003
2.150276e+003,6.488258e-003
2.152204e+003,6.496060e-003
2.154133e+003,6.502585e-003
2.156061e+003,6.496396e-003
2.157990e+003,6.477697e-003
2.159918e+003,6.481632e-003
2.161847e+003,6.510085e-003
2.163775e+003,6.524717e-003
2.165704e+003,6.523540e-003
2.167632e+003,6.523405e-003
2.169561e+003,6.526500e-003
2.171489e+003,6.527912e-003
2.173418e+003,6.536994e-003
2.175346e+003,6.556806e-003
2.177275e+003,6.565250e-003
2.179203e+003,6.546547e-003
2.181132e+003,6.505175e-003
2.183060e+003,6.477898e-003
2.184989e+003,6.503863e-003
2.186917e+003,6.563467e-003
2.188846e+003,6.609823e-003
2.190774e+003,6.628192e-003
2.192703e+003,6.630614e-003
2.194631e+003,6.621497e-003
2.196560e+003,6.607636e-003
2.198488e+003,6.602018e-003
2.200417e+003,6.592800e-003
2.202345e+003,6.576250e-003
2.204274e+003,6.556840e-003
2.206202e+003,6.533193e-003
2.208131e+003,6.529796e-003
2.210059e+003,6.561583e-003
2.211988e+003,6.596299e-003
2.213916e+003,6.597780e-003
2.215845e+003,6.569555e-003
2.217773e+003,6.549776e-003
2.219702e+003,6.561482e-003
2.221630e+003,6.571271e-003
2.223559e+003,6.547421e-003
2.225487e+003,6.507428e-003
2.227416e+003,6.480454e-003
2.229344e+003,6.482372e-003
2.231273e+003,6.502888e-003
2.233201e+003,6.510018e-003
2.235130e+003,6.493067e-003
2.237058e+003,6.471946e-003
2.238987e+003,6.464984e-003
2.240915e+003,6.482002e-003
2.242844e+003,6.505209e-003
2.244772e+003,6.503359e-003
2.246701e+003,6.491318e-003
2.248629e+003,6.508000e-003
2.250558e+003,6.556436e-003
2.252486e+003,6.611404e-003
2.254415e+003,6.648379e-003
2.256343e+003,6.659448e-003
2.258272e+003,6.662880e-003
2.260200e+003,6.676776e-003
2.262129e+003,6.698782e-003
2.264057e+003,6.703661e-003
2.265986e+003,6.680949e-003
2.267914e+003,6.650364e-003
2.269843e+003,6.625804e-003
2.271771e+003,6.607771e-003
2.273700e+003,6.601749e-003
2.275628e+003,6.625837e-003
2.277557e+003,6.663284e-003
2.279485e+003,6.677483e-003
2.281414e+003,6.678459e-003
2.283342e+003,6.683708e-003
2.285271e+003,6.681790e-003
2.287199e+003,6.677348e-003
2.289128e+003,6.693196e-003
2.291056e+003,6.715573e-003
2.292985e+003,6.717895e-003
2.294913e+003,6.701070e-003
2.296842e+003,6.680477e-003
2.298770e+003,6.660794e-003
2.300699e+003,6.642255e-003
2.302627e+003,6.659078e-003
2.304556e+003,6.722101e-003
2.306484e+003,6.761946e-003
2.308413e+003,6.715472e-003
2.310341e+003,6.642020e-003
2.312270e+003,6.648076e-003
2.314198e+003,6.709449e-003
2.316127e+003,6.745321e-003
2.318055e+003,6.748922e-003
2.319984e+003,6.722606e-003
2.321912e+003,6.666076e-003
2.323841e+003,6.637444e-003
2.325769e+003,6.662948e-003
2.327698e+003,6.680511e-003
2.329626e+003,6.671931e-003
2.331555e+003,6.675801e-003
2.333483e+003,6.699725e-003
2.335412e+003,6.715338e-003
2.337340e+003,6.686837e-003
2.339269e+003,6.625938e-003
2.341197e+003,6.588932e-003
2.343126e+003,6.608007e-003
2.345054e+003,6.642626e-003
2.346983e+003,6.673008e-003
2.348911e+003,6.735091e-003
2.350840e+003,6.816906e-003
2.352768e+003,6.878977e-003
2.354697e+003,6.907221e-003
2.356625e+003,6.889648e-003
2.358554e+003,6.833568e-003
2.360482e+003,6.791361e-003
2.362411e+003,6.766254e-003
2.364339e+003,6.736706e-003
2.366268e+003,6.740577e-003
2.368196e+003,6.794188e-003
2.370125e+003,6.852956e-003
2.372053e+003,6.893991e-003
2.373982e+003,6.914257e-003
2.375910e+003,6.899613e-003
2.377839e+003,6.880492e-003
2.379767e+003,6.885339e-003
2.381696e+003,6.872413e-003
2.383624e+003,6.838617e-003
2.385553e+003,6.836799e-003
2.387481e+003,6.868440e-003
2.389410e+003,6.893789e-003
2.391338e+003,6.900690e-003
2.393267e+003,6.892375e-003
2.395195e+003,6.872682e-003
2.397124e+003,6.873759e-003
2.399052e+003,6.903181e-003
2.400981e+003,6.924963e-003
2.402909e+003,6.922438e-003
2.404838e+003,6.911126e-003
2.406766e+003,6.917523e-003
2.408695e+003,6.933817e-003
2.410623e+003,6.927353e-003
2.412552e+003,6.906884e-003
2.414480e+003,6.910655e-003
2.416409e+003,6.932336e-003
2.418337e+003,6.931629e-003
2.420266e+003,6.904865e-003
2.422194e+003,6.877596e-003
2.424123e+003,6.884464e-003
2.426051e+003,6.934760e-003
2.427980e+003,6.981998e-003
2.429908e+003,6.988833e-003
2.431837e+003,6.975634e-003
2.433765e+003,6.980584e-003
2.435694e+003,6.990012e-003
2.437622e+003,6.979304e-003
2.439551e+003,6.969472e-003
2.441479e+003,6.977217e-003
2.443408e+003,6.982672e-003
2.445336e+003,6.972941e-003
2.447265e+003,6.970112e-003
2.449193e+003,6.970045e-003
2.451122e+003,6.937925e-003
2.453050e+003,6.905706e-003
2.454979e+003,6.922303e-003
2.456907e+003,6.967654e-003
2.458836e+003,6.996376e-003
2.460764e+003,6.985668e-003
2.462693e+003,6.963748e-003
2.464621e+003,6.957890e-003
2.466550e+003,6.947756e-003
2.468478e+003,6.934390e-003
2.470406e+003,6.946376e-003
2.472335e+003,6.966476e-003
2.474264e+003,6.964995e-003
2.476192e+003,6.970482e-003
2.478121e+003,7.000921e-003
2.480049e+003,7.014087e-003
2.481978e+003,6.990955e-003
2.483906e+003,6.955836e-003
2.485834e+003,6.931460e-003
2.487763e+003,6.933043e-003
2.489692e+003,6.948092e-003
2.491620e+003,6.951695e-003
2.493549e+003,6.940147e-003
2.495477e+003,6.923313e-003
2.497406e+003,6.910352e-003
2.499334e+003,6.904663e-003
2.501262e+003,6.895640e-003
2.503191e+003,6.877226e-003
2.505120e+003,6.871773e-003
2.507048e+003,6.893654e-003
2.508977e+003,6.913315e-003
2.510905e+003,6.908938e-003
2.512833e+003,6.898401e-003
2.514762e+003,6.896684e-003
2.516690e+003,6.905167e-003
2.518619e+003,6.918634e-003
2.520548e+003,6.932875e-003
2.522476e+003,6.952268e-003
2.524405e+003,6.967991e-003
2.526333e+003,6.966341e-003
2.528261e+003,6.964119e-003
2.530190e+003,6.976476e-003
2.532119e+003,6.997015e-003
2.534047e+003,7.011529e-003
2.535976e+003,6.989608e-003
2.537904e+003,6.951258e-003
2.539833e+003,6.951796e-003
2.541761e+003,6.980988e-003
2.543689e+003,6.992099e-003
2.545618e+003,6.993716e-003
2.547547e+003,7.028601e-003
2.549475e+003,7.057697e-003
2.551404e+003,7.031767e-003
2.553332e+003,7.006747e-003
2.555260e+003,7.025873e-003
2.557189e+003,7.036852e-003
2.559117e+003,7.002403e-003
2.561046e+003,6.961526e-003
2.562975e+003,6.947823e-003
2.564903e+003,6.957351e-003
2.566832e+003,6.974624e-003
2.568760e+003,6.966610e-003
2.570688e+003,6.928734e-003
2.572617e+003,6.898670e-003
2.574545e+003,6.893250e-003
2.576474e+003,6.915839e-003
2.578403e+003,6.955500e-003
2.580331e+003,6.976307e-003
2.582260e+003,6.980281e-003
2.584188e+003,6.995365e-003
2.586116e+003,7.006713e-003
2.588045e+003,6.994793e-003
2.589973e+003,6.990045e-003
2.591902e+003,7.009744e-003
2.593831e+003,7.002201e-003
2.595759e+003,6.947520e-003
2.597688e+003,6.901936e-003
2.599616e+003,6.894900e-003
2.601544e+003,6.910116e-003
2.603473e+003,6.930720e-003
2.605401e+003,6.945062e-003
2.607330e+003,6.944221e-003
2.609259e+003,6.914224e-003
2.611187e+003,6.878270e-003
2.613115e+003,6.886652e-003
2.615044e+003,6.923886e-003
2.616972e+003,6.932067e-003
2.618901e+003,6.901531e-003
2.620830e+003,6.857366e-003
2.622758e+003,6.835688e-003
2.624687e+003,6.862953e-003
2.626615e+003,6.901296e-003
2.628543e+003,6.929070e-003
2.630472e+003,6.952268e-003
2.632400e+003,6.939777e-003
2.634329e+003,6.910251e-003
2.636258e+003,6.891702e-003
2.638186e+003,6.871941e-003
2.640115e+003,6.875173e-003
2.642043e+003,6.908837e-003
2.643971e+003,6.928700e-003
2.645900e+003,6.911429e-003
2.647828e+003,6.890961e-003
2.649757e+003,6.890591e-003
2.651686e+003,6.881939e-003
2.653614e+003,6.866858e-003
2.655542e+003,6.871167e-003
2.657471e+003,6.872682e-003
2.659399e+003,6.846561e-003
2.661328e+003,6.823604e-003
2.663256e+003,6.829697e-003
2.665185e+003,6.838650e-003
2.667114e+003,6.843531e-003
2.669042e+003,6.870258e-003
2.670970e+003,6.891836e-003
2.672899e+003,6.880155e-003
2.674827e+003,6.870898e-003
2.676756e+003,6.880795e-003
2.678684e+003,6.888975e-003
2.680613e+003,6.871840e-003
2.682542e+003,6.823975e-003
2.684470e+003,6.782610e-003
2.686398e+003,6.766725e-003
2.688327e+003,6.752759e-003
2.690255e+003,6.748821e-003
2.692184e+003,6.771336e-003
2.694112e+003,6.790654e-003
2.696041e+003,6.802063e-003
2.697969e+003,6.820743e-003
2.699898e+003,6.823975e-003
2.701826e+003,6.806338e-003
2.703755e+003,6.791361e-003
2.705683e+003,6.783990e-003
2.707612e+003,6.784057e-003
2.709540e+003,6.786379e-003
2.711469e+003,6.770326e-003
2.713397e+003,6.742360e-003
2.715326e+003,6.736471e-003
2.717254e+003,6.765177e-003
2.719183e+003,6.804218e-003
2.721111e+003,6.814012e-003
2.723040e+003,6.801256e-003
2.724969e+003,6.794962e-003
2.726897e+003,6.766826e-003
2.728825e+003,6.705714e-003
2.730754e+003,6.661837e-003
2.732682e+003,6.652080e-003
2.734611e+003,6.643534e-003
2.736539e+003,6.613894e-003
2.738468e+003,6.571237e-003
2.740396e+003,6.538070e-003
2.742325e+003,6.529191e-003
2.744253e+003,6.555393e-003
2.746182e+003,6.603566e-003
2.748110e+003,6.622473e-003
2.750039e+003,6.595896e-003
2.751967e+003,6.562828e-003
2.753896e+003,6.550953e-003
2.755824e+003,6.548061e-003
2.757753e+003,6.536691e-003
2.759681e+003,6.510691e-003
2.761610e+003,6.466699e-003
2.763538e+003,6.431186e-003
2.765467e+003,6.430917e-003
2.767395e+003,6.440502e-003
2.769324e+003,6.433809e-003
2.771252e+003,6.395710e-003
2.773181e+003,6.319689e-003
2.775109e+003,6.248421e-003
2.777038e+003,6.198036e-003
2.778966e+003,6.132602e-003
2.780895e+003,6.056459e-003
2.782823e+003,5.990710e-003
2.784752e+003,5.943949e-003
2.786680e+003,5.922015e-003
2.788609e+003,5.909655e-003
2.790537e+003,5.911570e-003
2.792466e+003,5.939213e-003
2.794394e+003,5.966892e-003
2.796323e+003,5.987754e-003
2.798251e+003,6.005223e-003
2.800180e+003,5.997329e-003
2.802108e+003,5.971831e-003
2.804037e+003,5.958461e-003
2.805965e+003,5.975459e-003
2.807894e+003,6.015840e-003
2.809822e+003,6.034150e-003
2.811751e+003,6.025549e-003
2.813679e+003,6.038148e-003
2.815608e+003,6.072016e-003
2.817536e+003,6.075611e-003
2.819465e+003,6.030387e-003
2.821393e+003,5.984092e-003
2.823322e+003,5.985470e-003
2.825250e+003,6.031092e-003
2.827179e+003,6.075107e-003
2.829107e+003,6.073259e-003
2.831036e+003,6.027901e-003
2.832964e+003,5.977609e-003
2.834893e+003,5.955471e-003
2.836821e+003,5.962929e-003
2.838750e+003,5.953859e-003
2.840678e+003,5.875564e-003
2.842607e+003,5.743225e-003
2.844535e+003,5.608844e-003
2.846464e+003,5.502256e-003
2.848392e+003,5.430082e-003
2.850321e+003,5.392607e-003
2.852249e+003,5.398210e-003
2.854178e+003,5.427230e-003
2.856106e+003,5.437463e-003
2.858035e+003,5.414179e-003
2.859963e+003,5.362012e-003
2.861892e+003,5.302540e-003
2.863820e+003,5.260616e-003
2.865749e+003,5.221378e-003
2.867677e+003,5.170743e-003
2.869606e+003,5.121489e-003
2.871534e+003,5.073481e-003
2.873463e+003,5.003892e-003
2.875391e+003,4.885690e-003
2.877320e+003,4.742497e-003
2.879248e+003,4.641579e-003
2.881177e+003,4.579125e-003
2.883105e+003,4.493110e-003
2.885034e+003,4.383147e-003
2.886962e+003,4.277796e-003
2.888891e+003,4.164541e-003
2.890819e+003,4.047604e-003
2.892748e+003,3.954572e-003
2.894676e+003,3.857582e-003
2.896605e+003,3.678336e-003
2.898533e+003,3.413395e-003
2.900462e+003,3.178822e-003
2.902390e+003,3.038493e-003
2.904319e+003,2.928363e-003
2.906247e+003,2.787514e-003
2.908176e+003,2.624609e-003
2.910104e+003,2.471796e-003
2.912033e+003,2.323600e-003
2.913961e+003,2.146117e-003
2.915890e+003,1.966078e-003
2.917818e+003,1.871295e-003
2.919747e+003,1.894290e-003
2.921675e+003,2.011913e-003
2.923604e+003,2.223010e-003
2.925532e+003,2.523716e-003
2.927461e+003,2.871858e-003
2.929389e+003,3.224251e-003
2.931318e+003,3.540350e-003
2.933246e+003,3.788956e-003
2.935175e+003,3.960089e-003
2.937103e+003,4.054895e-003
2.939032e+003,4.106604e-003
2.940960e+003,4.155342e-003
2.942889e+003,4.187591e-003
2.944817e+003,4.166716e-003
2.946746e+003,4.122225e-003
2.948674e+003,4.086468e-003
2.950603e+003,4.011988e-003
2.952531e+003,3.884193e-003
2.954460e+003,3.755901e-003
2.956388e+003,3.644687e-003
2.958317e+003,3.546630e-003
2.960245e+003,3.473678e-003
2.962174e+003,3.420375e-003
2.964102e+003,3.358430e-003
2.966031e+003,3.273057e-003
2.967959e+003,3.176185e-003
2.969888e+003,3.076265e-003
2.971816e+003,2.973499e-003
2.973745e+003,2.876861e-003
2.975673e+003,2.799286e-003
2.977602e+003,2.754068e-003
2.979530e+003,2.759403e-003
2.981459e+003,2.817061e-003
2.983387e+003,2.903312e-003
2.985316e+003,2.998354e-003
2.987244e+003,3.109436e-003
2.989173e+003,3.249020e-003
2.991101e+003,3.376996e-003
2.993030e+003,3.450199e-003
2.994958e+003,3.527757e-003
2.996887e+003,3.668411e-003
2.998815e+003,3.821647e-003
3.000744e+003,3.953636e-003
3.002672e+003,4.106671e-003
3.004601e+003,4.295999e-003
3.006529e+003,4.488088e-003
3.008458e+003,4.664789e-003
3.010386e+003,4.830035e-003
3.012315e+003,4.968097e-003
3.014243e+003,5.065167e-003
3.016172e+003,5.123266e-003
3.018100e+003,5.132955e-003
3.020029e+003,5.122260e-003
3.021957e+003,5.159678e-003
3.023886e+003,5.242707e-003
3.025814e+003,5.294087e-003
3.027743e+003,5.293484e-003
3.029671e+003,5.297006e-003
3.031600e+003,5.329676e-003
3.033528e+003,5.356175e-003
3.035457e+003,5.352418e-003
3.037385e+003,5.354431e-003
3.039314e+003,5.383616e-003
3.041242e+003,5.386702e-003
3.043171e+003,5.339034e-003
3.045099e+003,5.271683e-003
3.047028e+003,5.211284e-003
3.048956e+003,5.196395e-003
3.050885e+003,5.218326e-003
3.052813e+003,5.212659e-003
3.054742e+003,5.177416e-003
3.056670e+003,5.139427e-003
3.058599e+003,5.104190e-003
3.060527e+003,5.092456e-003
3.062456e+003,5.104324e-003
3.064384e+003,5.109453e-003
3.066313e+003,5.080353e-003
3.068241e+003,5.037646e-003
3.070170e+003,5.020819e-003
3.072098e+003,4.997758e-003
3.074027e+003,4.939475e-003
3.075955e+003,4.878184e-003
3.077884e+003,4.846185e-003
3.079812e+003,4.833085e-003
3.081741e+003,4.809163e-003
3.083669e+003,4.779915e-003
3.085598e+003,4.761625e-003
3.087526e+003,4.758275e-003
3.089455e+003,4.756398e-003
3.091383e+003,4.705282e-003
3.093312e+003,4.601494e-003
3.095240e+003,4.518822e-003
3.097169e+003,4.490298e-003
3.099097e+003,4.485243e-003
3.101026e+003,4.485946e-003
3.102954e+003,4.453908e-003
3.104883e+003,4.366345e-003
3.106811e+003,4.284488e-003
3.108740e+003,4.233494e-003
3.110668e+003,4.212349e-003
3.112597e+003,4.251796e-003
3.114525e+003,4.313267e-003
3.116454e+003,4.307711e-003
3.118382e+003,4.218773e-003
3.120311e+003,4.123897e-003
3.122239e+003,4.087505e-003
3.124167e+003,4.073926e-003
3.126096e+003,4.047236e-003
3.128025e+003,4.022053e-003
3.129953e+003,3.995869e-003
3.131882e+003,3.966376e-003
3.133810e+003,3.946614e-003
3.135739e+003,3.939994e-003
3.137667e+003,3.936416e-003
3.139595e+003,3.909033e-003
3.141524e+003,3.846517e-003
3.143453e+003,3.770239e-003
3.145381e+003,3.717768e-003
3.147310e+003,3.729164e-003
3.149238e+003,3.777759e-003
3.151167e+003,3.782873e-003
3.153095e+003,3.716331e-003
3.155023e+003,3.629551e-003
3.156952e+003,3.577832e-003
3.158881e+003,3.551474e-003
3.160809e+003,3.512625e-003
3.162738e+003,3.455676e-003
3.164666e+003,3.397967e-003
3.166594e+003,3.347745e-003
3.168523e+003,3.324239e-003
3.170452e+003,3.336826e-003
3.172380e+003,3.351585e-003
3.174309e+003,3.333320e-003
3.176237e+003,3.310149e-003
3.178166e+003,3.332252e-003
3.180094e+003,3.354723e-003
3.182022e+003,3.306209e-003
3.183951e+003,3.222983e-003
3.185880e+003,3.186566e-003
3.187808e+003,3.209797e-003
3.189737e+003,3.234165e-003
3.191665e+003,3.213035e-003
3.193594e+003,3.165304e-003
3.195522e+003,3.123052e-003
3.197450e+003,3.099357e-003
3.199379e+003,3.104230e-003
3.201308e+003,3.088011e-003
3.203236e+003,3.006295e-003
3.205165e+003,2.929864e-003
3.207093e+003,2.918089e-003
3.209021e+003,2.936669e-003
3.210950e+003,2.942340e-003
3.212878e+003,2.919557e-003
3.214807e+003,2.881497e-003
3.216736e+003,2.856982e-003
3.218664e+003,2.819529e-003
3.220593e+003,2.735129e-003
3.222521e+003,2.663780e-003
3.224449e+003,2.650578e-003
3.226378e+003,2.662346e-003
3.228306e+003,2.675281e-003
3.230235e+003,2.702953e-003
3.232164e+003,2.760237e-003
3.234092e+003,2.801287e-003
3.236021e+003,2.782746e-003
3.237949e+003,2.733095e-003
3.239877e+003,2.674981e-003
3.241806e+003,2.629510e-003
3.243734e+003,2.628309e-003
3.245663e+003,2.632443e-003
3.247592e+003,2.603309e-003
3.249520e+003,2.571177e-003
3.251448e+003,2.534381e-003
3.253377e+003,2.491890e-003
3.255305e+003,2.462998e-003
3.257234e+003,2.433909e-003
3.259163e+003,2.418648e-003
3.261091e+003,2.426778e-003
3.263020e+003,2.410186e-003
3.264948e+003,2.371805e-003
3.266876e+003,2.389062e-003
3.268805e+003,2.452369e-003
3.270733e+003,2.462998e-003
3.272662e+003,2.401290e-003
3.274591e+003,2.325865e-003
3.276519e+003,2.279897e-003
3.278448e+003,2.276632e-003
3.280376e+003,2.302947e-003
3.282304e+003,2.316637e-003
3.284233e+003,2.309109e-003
3.286161e+003,2.323000e-003
3.288090e+003,2.348518e-003
3.290019e+003,2.346619e-003
3.291947e+003,2.345886e-003
3.293875e+003,2.366574e-003
3.295804e+003,2.369639e-003
3.297732e+003,2.330529e-003
3.299661e+003,2.284227e-003
3.301589e+003,2.289123e-003
3.303518e+003,2.330695e-003
3.305447e+003,2.346885e-003
3.307375e+003,2.333260e-003
3.309303e+003,2.298883e-003
3.311232e+003,2.245724e-003
3.313160e+003,2.203394e-003
3.315089e+003,2.168394e-003
3.317017e+003,2.106195e-003
3.318946e+003,2.029290e-003
3.320875e+003,1.991874e-003
3.322803e+003,2.012845e-003
3.324731e+003,2.048165e-003
3.326660e+003,2.047865e-003
3.328588e+003,2.026960e-003
3.330517e+003,2.046734e-003
3.332445e+003,2.108459e-003
3.334374e+003,2.165064e-003
3.336302e+003,2.197333e-003
3.338231e+003,2.200996e-003
3.340159e+003,2.174522e-003
3.342088e+003,2.125673e-003
3.344016e+003,2.075997e-003
3.345945e+003,2.040741e-003
3.347873e+003,1.995036e-003
3.349802e+003,1.937488e-003
3.351730e+003,1.917219e-003
3.353659e+003,1.943212e-003
3.355587e+003,1.961851e-003
3.357516e+003,1.942380e-003
3.359444e+003,1.918617e-003
3.361373e+003,1.910497e-003
3.363302e+003,1.913692e-003
3.365230e+003,1.934892e-003
3.367158e+003,1.961618e-003
3.369087e+003,1.977295e-003
3.371015e+003,1.969673e-003
3.372944e+003,1.943445e-003
3.374872e+003,1.939285e-003
3.376801e+003,1.954362e-003
3.378729e+003,1.932762e-003
3.380658e+003,1.898416e-003
3.382586e+003,1.933095e-003
3.384515e+003,2.003558e-003
3.386443e+003,2.022499e-003
3.388372e+003,1.997566e-003
3.390300e+003,1.959754e-003
3.392229e+003,1.933694e-003
3.394157e+003,1.955028e-003
3.396086e+003,2.010848e-003
3.398014e+003,2.049031e-003
3.399943e+003,2.035015e-003
3.401871e+003,1.978360e-003
3.403800e+003,1.930332e-003
3.405728e+003,1.946640e-003
3.407657e+003,2.036181e-003
3.409585e+003,2.141056e-003
3.411514e+003,2.168994e-003
3.413442e+003,2.080525e-003
3.415371e+003,1.969440e-003
3.417299e+003,1.962051e-003
3.419228e+003,2.038345e-003
3.421156e+003,2.085485e-003
3.423085e+003,2.080125e-003
3.425013e+003,2.090280e-003
3.426942e+003,2.151512e-003
3.428870e+003,2.231802e-003
3.430799e+003,2.302880e-003
3.432727e+003,2.338890e-003
3.434656e+003,2.290456e-003
3.436584e+003,2.198199e-003
3.438513e+003,2.165664e-003
3.440441e+003,2.191905e-003
3.442370e+003,2.207657e-003
3.444298e+003,2.231969e-003
3.446227e+003,2.289323e-003
3.448155e+003,2.296585e-003
3.450084e+003,2.248388e-003
3.452012e+003,2.233967e-003
3.453941e+003,2.261777e-003
3.455869e+003,2.276300e-003
3.457798e+003,2.252218e-003
3.459726e+003,2.226074e-003
3.461655e+003,2.254750e-003
3.463583e+003,2.350650e-003
3.465512e+003,2.462432e-003
3.467440e+003,2.515018e-003
3.469369e+003,2.498255e-003
3.471297e+003,2.482626e-003
3.473226e+003,2.503121e-003
3.475154e+003,2.520683e-003
3.477083e+003,2.540880e-003
3.479011e+003,2.609709e-003
3.480940e+003,2.686717e-003
3.482868e+003,2.706188e-003
3.484797e+003,2.685816e-003
3.486725e+003,2.662146e-003
3.488654e+003,2.641910e-003
3.490582e+003,2.646378e-003
3.492511e+003,2.698252e-003
3.494439e+003,2.761304e-003
3.496368e+003,2.790015e-003
3.498296e+003,2.841907e-003
3.500225e+003,2.978003e-003
3.502153e+003,3.089279e-003
3.504082e+003,3.043197e-003
3.506010e+003,2.924127e-003
3.507939e+003,2.880763e-003
3.509867e+003,2.900643e-003
3.511796e+003,2.906581e-003
3.513724e+003,2.896374e-003
3.515653e+003,2.857349e-003
3.517581e+003,2.818228e-003
3.519510e+003,2.875860e-003
3.521438e+003,3.017539e-003
3.523367e+003,3.144411e-003
3.525295e+003,3.234232e-003
3.527224e+003,3.300633e-003
3.529152e+003,3.330215e-003
3.531081e+003,3.337294e-003
3.533009e+003,3.348279e-003
3.534938e+003,3.351818e-003
3.536866e+003,3.331684e-003
3.538795e+003,3.346810e-003
3.540723e+003,3.420308e-003
3.542652e+003,3.530462e-003
3.544580e+003,3.665337e-003
3.546509e+003,3.708545e-003
3.548437e+003,3.631489e-003
3.550366e+003,3.578902e-003
3.552294e+003,3.560761e-003
3.554223e+003,3.535306e-003
3.556151e+003,3.594704e-003
3.558080e+003,3.723717e-003
3.560008e+003,3.798716e-003
3.561937e+003,3.851865e-003
3.563865e+003,4.008878e-003
3.565794e+003,4.228776e-003
3.567722e+003,4.233795e-003
3.569651e+003,4.038140e-003
3.571579e+003,3.912878e-003
3.573508e+003,3.914684e-003
3.575436e+003,3.978447e-003
3.577365e+003,4.052253e-003
3.579293e+003,4.103861e-003
3.581222e+003,4.152331e-003
3.583150e+003,4.277461e-003
3.585079e+003,4.471483e-003
3.587007e+003,4.559202e-003
3.588936e+003,4.448720e-003
3.590864e+003,4.387330e-003
3.592793e+003,4.489494e-003
3.594721e+003,4.637360e-003
3.596650e+003,4.729634e-003
3.598578e+003,4.767286e-003
3.600507e+003,4.727289e-003
3.602435e+003,4.676812e-003
3.604364e+003,4.753149e-003
3.606292e+003,4.930662e-003
3.608221e+003,5.033423e-003
3.610149e+003,5.051725e-003
3.612078e+003,5.173493e-003
3.614006e+003,5.342523e-003
3.615935e+003,5.367883e-003
3.617863e+003,5.293551e-003
3.619792e+003,5.201291e-003
3.621720e+003,5.110995e-003
3.623649e+003,5.112336e-003
3.625577e+003,5.259039e-003
3.627506e+003,5.483263e-003
3.629434e+003,5.535478e-003
3.631363e+003,5.433571e-003
3.633291e+003,5.359765e-003
3.635220e+003,5.295328e-003
3.637148e+003,5.266351e-003
3.639077e+003,5.299354e-003
3.641005e+003,5.374055e-003
3.642934e+003,5.515377e-003
3.644862e+003,5.784558e-003
3.646791e+003,6.190407e-003
3.648719e+003,6.396719e-003
3.650648e+003,6.086633e-003
3.652576e+003,5.792012e-003
3.654505e+003,5.682559e-003
3.656433e+003,5.606998e-003
3.658362e+003,5.476720e-003
3.660290e+003,5.345039e-003
3.662219e+003,5.289392e-003
3.664147e+003,5.338799e-003
3.666076e+003,5.490310e-003
3.668004e+003,5.725128e-003
3.669933e+003,5.875598e-003
3.671861e+003,5.874691e-003
3.673790e+003,5.954766e-003
3.675718e+003,6.040701e-003
3.677647e+003,5.870023e-003
3.679575e+003,5.632642e-003
3.681504e+003,5.548365e-003
3.683432e+003,5.633716e-003
3.685361e+003,5.801549e-003
3.687289e+003,6.017922e-003
3.689218e+003,6.108373e-003
3.691146e+003,5.831603e-003
3.693075e+003,5.515813e-003
3.695003e+003,5.432330e-003
3.696932e+003,5.520175e-003
3.698860e+003,5.678396e-003
3.700789e+003,5.839025e-003
3.702717e+003,5.861996e-003
3.704646e+003,5.805545e-003
3.706574e+003,5.868478e-003
3.708503e+003,6.071478e-003
3.710431e+003,6.189768e-003
3.712360e+003,5.998504e-003
3.714288e+003,5.757931e-003
3.716217e+003,5.681417e-003
3.718145e+003,5.722442e-003
3.720074e+003,5.793019e-003
3.722002e+003,5.874523e-003
3.723931e+003,5.955975e-003
3.725859e+003,6.000352e-003
3.727788e+003,6.041340e-003
3.729716e+003,6.162948e-003
3.731645e+003,6.391608e-003
3.733573e+003,6.588730e-003
3.735502e+003,6.514694e-003
3.737430e+003,6.303014e-003
3.739359e+003,6.230539e-003
3.741287e+003,6.313133e-003
3.743216e+003,6.502854e-003
3.745144e+003,6.655512e-003
3.747073e+003,6.696091e-003
3.749001e+003,6.710156e-003
3.750930e+003,6.571843e-003
3.752858e+003,6.365616e-003
3.754787e+003,6.305973e-003
3.756715e+003,6.326648e-003
3.758644e+003,6.264052e-003
3.760572e+003,6.040097e-003
3.762500e+003,5.852055e-003
3.764429e+003,5.826499e-003
3.766358e+003,5.927759e-003
3.768286e+003,6.063851e-003
3.770215e+003,6.067010e-003
3.772143e+003,5.934410e-003
3.774072e+003,5.842014e-003
3.776000e+003,5.834088e-003
3.777928e+003,5.865119e-003
3.779857e+003,5.868511e-003
3.781786e+003,5.856959e-003
3.783714e+003,5.856253e-003
3.785643e+003,5.826096e-003
3.787571e+003,5.778581e-003
3.789500e+003,5.729862e-003
3.791428e+003,5.699210e-003
3.793356e+003,5.766627e-003
3.795285e+003,5.961518e-003
3.797214e+003,6.174375e-003
3.799142e+003,6.305468e-003
3.801071e+003,6.356504e-003
3.802999e+003,6.353613e-003
3.804927e+003,6.344837e-003
3.806856e+003,6.243749e-003
3.808785e+003,6.053872e-003
3.810713e+003,5.937735e-003
3.812642e+003,5.937399e-003
3.814570e+003,6.024306e-003
3.816499e+003,6.164293e-003
3.818427e+003,6.321202e-003
3.820355e+003,6.369886e-003
3.822284e+003,6.234875e-003
3.824213e+003,6.136097e-003
3.826141e+003,6.094428e-003
3.828070e+003,6.033444e-003
3.829998e+003,5.995817e-003
3.831927e+003,5.997496e-003
3.833855e+003,6.082634e-003
3.835783e+003,6.327489e-003
3.837712e+003,6.594079e-003
3.839641e+003,6.599428e-003
3.841569e+003,6.357445e-003
3.843498e+003,6.065161e-003
3.845426e+003,5.910159e-003
3.847354e+003,5.994976e-003
3.849283e+003,6.264523e-003
3.851211e+003,6.553275e-003
3.853140e+003,6.563904e-003
3.855069e+003,6.315588e-003
3.856997e+003,6.180223e-003
3.858926e+003,6.163049e-003
3.860854e+003,6.184055e-003
3.862782e+003,6.128771e-003
3.864711e+003,6.040903e-003
3.866639e+003,6.138685e-003
3.868568e+003,6.347863e-003
3.870497e+003,6.378393e-003
3.872425e+003,6.259480e-003
3.874354e+003,6.137710e-003
3.876282e+003,6.011640e-003
3.878210e+003,5.971931e-003
3.880139e+003,6.036065e-003
3.882067e+003,6.075745e-003
3.883996e+003,6.020744e-003
3.885925e+003,5.883759e-003
3.887853e+003,5.819044e-003
3.889781e+003,5.919832e-003
3.891710e+003,6.011035e-003
3.893638e+003,5.952347e-003
3.895567e+003,5.905590e-003
3.897495e+003,5.947174e-003
3.899424e+003,6.005761e-003
3.901353e+003,5.990508e-003
3.903281e+003,5.868344e-003
3.905209e+003,5.733857e-003
3.907138e+003,5.646673e-003
3.909066e+003,5.563769e-003
3.910995e+003,5.503162e-003
3.912924e+003,5.537257e-003
3.914852e+003,5.679537e-003
3.916781e+003,5.855514e-003
3.918709e+003,5.953489e-003
3.920637e+003,5.976970e-003
3.922566e+003,5.994909e-003
3.924494e+003,5.935519e-003
3.926423e+003,5.812999e-003
3.928352e+003,5.814443e-003
3.930280e+003,5.895011e-003
3.932208e+003,5.885539e-003
3.934137e+003,5.849839e-003
3.936065e+003,5.864515e-003
3.937994e+003,5.883121e-003
3.939922e+003,5.896018e-003
3.941851e+003,5.900922e-003
3.943780e+003,5.890645e-003
3.945708e+003,5.910931e-003
3.947636e+003,5.922351e-003
3.949565e+003,5.842484e-003
3.951493e+003,5.758737e-003
3.953422e+003,5.747355e-003
3.955350e+003,5.738155e-003
3.957279e+003,5.695953e-003
3.959208e+003,5.670843e-003
3.961136e+003,5.685580e-003
3.963064e+003,5.695953e-003
3.964993e+003,5.695349e-003
3.966921e+003,5.700855e-003
3.968850e+003,5.703104e-003
3.970778e+003,5.720394e-003
3.972707e+003,5.753197e-003
3.974635e+003,5.773175e-003
3.976564e+003,5.795236e-003
3.978492e+003,5.817365e-003
3.980421e+003,5.760315e-003
3.982349e+003,5.631635e-003
3.984278e+003,5.561118e-003
3.986206e+003,5.605253e-003
3.988135e+003,5.712639e-003
3.990063e+003,5.799265e-003
3.991992e+003,5.814309e-003
3.993920e+003,5.776566e-003
3.995849e+003,5.740807e-003
3.997777e+003,5.728015e-003
3.999706e+003,5.682424e-003
