3.953422e+002,2.915907e-001
3.972707e+002,3.737115e-001
3.991992e+002,1.837344e-001
4.011277e+002,1.740217e-001
4.030562e+002,3.210412e-001
4.049847e+002,4.545816e-001
4.069132e+002,3.939769e-001
4.088417e+002,1.840517e-001
4.107702e+002,1.153331e-001
4.126987e+002,1.761030e-001
4.146272e+002,2.015603e-001
4.165557e+002,2.435741e-001
4.184842e+002,2.684893e-001
4.204127e+002,2.075719e-001
4.223412e+002,9.634611e-002
4.242697e+002,7.850824e-002
4.261982e+002,9.452669e-002
4.281267e+002,-3.212932e-002
4.300552e+002,-2.658887e-001
4.319837e+002,-7.303839e-002
4.339122e+002,1.564679e-001
4.358407e+002,2.365268e-001
4.377692e+002,2.459415e-001
4.396977e+002,1.403645e-001
4.416262e+002,1.906325e-002
4.435547e+002,3.077310e-002
4.454832e+002,7.064661e-002
4.474117e+002,-5.203717e-002
4.493401e+002,-1.920128e-001
4.512686e+002,-1.138106e-001
4.531971e+002,-1.765285e-002
4.551256e+002,3.418099e-002
4.570541e+002,3.409410e-002
4.589826e+002,3.635500e-002
4.609111e+002,1.065085e-001
4.628396e+002,1.996157e-001
4.647681e+002,3.421920e-001
4.666966e+002,5.846720e-001
4.686251e+002,7.698286e-001
4.705536e+002,5.916556e-001
4.724821e+002,4.092395e-001
4.744106e+002,3.266371e-001
4.763391e+002,1.727769e-001
4.782676e+002,-1.145259e-002
4.801961e+002,-2.329234e-002
4.821246e+002,9.700847e-002
4.840531e+002,1.590672e-001
4.859816e+002,1.420001e-001
4.879101e+002,1.059522e-001
4.898386e+002,8.966550e-002
4.917671e+002,1.114691e-001
4.936956e+002,1.024201e-001
4.956241e+002,-1.215390e-002
4.975526e+002,-2.609493e-001
4.994811e+002,-5.261352e-001
5.014096e+002,-2.334592e-002
5.033381e+002,1.070460e-001
5.052666e+002,1.265901e-001
5.071951e+002,1.841276e-001
5.091236e+002,1.985702e-001
5.110521e+002,1.380359e-001
5.129806e+002,8.595714e-002
5.149091e+002,7.110007e-002
5.168376e+002,7.101527e-002
5.187661e+002,7.703034e-002
5.206946e+002,7.936055e-002
5.226231e+002,6.973122e-002
5.245516e+002,5.526088e-002
5.264801e+002,4.875021e-002
5.284086e+002,5.005069e-002
5.303371e+002,5.382323e-002
5.322656e+002,5.770217e-002
5.341941e+002,5.845865e-002
5.361226e+002,5.749980e-002
5.380511e+002,5.869041e-002
5.399796e+002,6.069972e-002
5.419081e+002,6.032946e-002
5.438366e+002,5.775485e-002
5.457651e+002,5.531225e-002
5.476936e+002,5.497307e-002
5.496221e+002,5.631542e-002
5.515506e+002,5.681420e-002
5.534791e+002,5.537947e-002
5.554076e+002,5.355234e-002
5.573361e+002,5.322273e-002
5.592646e+002,5.415450e-002
5.611931e+002,5.453376e-002
5.631216e+002,5.439572e-002
5.650500e+002,5.485966e-002
5.669786e+002,5.469115e-002
5.689070e+002,5.289813e-002
5.708356e+002,5.091311e-002
5.727640e+002,5.037722e-002
5.746926e+002,5.124984e-002
5.766210e+002,5.145387e-002
5.785496e+002,5.039564e-002
5.804780e+002,4.953228e-002
5.824066e+002,4.923057e-002
5.843350e+002,4.944142e-002
5.862635e+002,4.991994e-002
5.881920e+002,4.981026e-002
5.901205e+002,4.911298e-002
5.920490e+002,4.846397e-002
5.939775e+002,4.794468e-002
5.959061e+002,4.741939e-002
5.978345e+002,4.716151e-002
5.997631e+002,4.732431e-002
6.016915e+002,4.722442e-002
6.036201e+002,4.646861e-002
6.055485e+002,4.548003e-002
6.074771e+002,4.443261e-002
6.094055e+002,4.343626e-002
6.113340e+002,4.277319e-002
6.132625e+002,4.219291e-002
6.151910e+002,4.108002e-002
6.171195e+002,3.936128e-002
6.190480e+002,3.738067e-002
6.209765e+002,3.519816e-002
6.229050e+002,3.316265e-002
6.248335e+002,3.162652e-002
6.267620e+002,3.047710e-002
6.286905e+002,3.002105e-002
6.306190e+002,3.057536e-002
6.325475e+002,3.216743e-002
6.344760e+002,3.481925e-002
6.364045e+002,3.809661e-002
6.383330e+002,4.121462e-002
6.402615e+002,4.351515e-002
6.421900e+002,4.492284e-002
6.441185e+002,4.589992e-002
6.460470e+002,4.662533e-002
6.479755e+002,4.702166e-002
6.499040e+002,4.731537e-002
6.518325e+002,4.775139e-002
6.537610e+002,4.819551e-002
6.556895e+002,4.843493e-002
6.576180e+002,4.848313e-002
6.595465e+002,4.848061e-002
6.614750e+002,4.840752e-002
6.634035e+002,4.820966e-002
6.653320e+002,4.798065e-002
6.672605e+002,4.772454e-002
6.691890e+002,4.754776e-002
6.711175e+002,4.760237e-002
6.730460e+002,4.765273e-002
6.749745e+002,4.750233e-002
6.769030e+002,4.716413e-002
6.788315e+002,4.680188e-002
6.807599e+002,4.655130e-002
6.826885e+002,4.643229e-002
6.846169e+002,4.636257e-002
6.865455e+002,4.626315e-002
6.884739e+002,4.614957e-002
6.904025e+002,4.600577e-002
6.923310e+002,4.579766e-002
6.942595e+002,4.559425e-002
6.961880e+002,4.544158e-002
6.981165e+002,4.532891e-002
7.000450e+002,4.523789e-002
7.019734e+002,4.509928e-002
7.039020e+002,4.492519e-002
7.058304e+002,4.475344e-002
7.077590e+002,4.453297e-002
7.096874e+002,4.428251e-002
7.116160e+002,4.405120e-002
7.135444e+002,4.389956e-002
7.154730e+002,4.385634e-002
7.174014e+002,4.377574e-002
7.193300e+002,4.357415e-002
7.212584e+002,4.335677e-002
7.231870e+002,4.311764e-002
7.251154e+002,4.282833e-002
7.270439e+002,4.262396e-002
7.289724e+002,4.252945e-002
7.309009e+002,4.240281e-002
7.328294e+002,4.219459e-002
7.347579e+002,4.203625e-002
7.366864e+002,4.198859e-002
7.386149e+002,4.193344e-002
7.405434e+002,4.181037e-002
7.424719e+002,4.166049e-002
7.444005e+002,4.146443e-002
7.463289e+002,4.116948e-002
7.482574e+002,4.080378e-002
7.501859e+002,4.045850e-002
7.521144e+002,4.018240e-002
7.540429e+002,3.991806e-002
7.559714e+002,3.959171e-002
7.578999e+002,3.921043e-002
7.598284e+002,3.880391e-002
7.617569e+002,3.832564e-002
7.636854e+002,3.772792e-002
7.656139e+002,3.708126e-002
7.675424e+002,3.650378e-002
7.694709e+002,3.599488e-002
7.713994e+002,3.549520e-002
7.733279e+002,3.505999e-002
7.752564e+002,3.469728e-002
7.771849e+002,3.426814e-002
7.791134e+002,3.374219e-002
7.810419e+002,3.320307e-002
7.829704e+002,3.272416e-002
7.848989e+002,3.232238e-002
7.868274e+002,3.193923e-002
7.887559e+002,3.152543e-002
7.906844e+002,3.104378e-002
7.926129e+002,3.052150e-002
7.945414e+002,3.003035e-002
7.964699e+002,2.958355e-002
7.983984e+002,2.918757e-002
8.003269e+002,2.883501e-002
8.022554e+002,2.837819e-002
8.041839e+002,2.772958e-002
8.061124e+002,2.705365e-002
8.080409e+002,2.642574e-002
8.099694e+002,2.580295e-002
8.118979e+002,2.520255e-002
8.138264e+002,2.459691e-002
8.157549e+002,2.398724e-002
8.176833e+002,2.337389e-002
8.196119e+002,2.264514e-002
8.215403e+002,2.179768e-002
8.234689e+002,2.100667e-002
8.253973e+002,2.030081e-002
8.273259e+002,1.951394e-002
8.292543e+002,1.865263e-002
8.311829e+002,1.782887e-002
8.331113e+002,1.698117e-002
8.350399e+002,1.607549e-002
8.369683e+002,1.518807e-002
8.388969e+002,1.432105e-002
8.408254e+002,1.339814e-002
8.427538e+002,1.237950e-002
8.446824e+002,1.130451e-002
8.466108e+002,1.023719e-002
8.485394e+002,9.251148e-003
8.504678e+002,8.421055e-003
8.523964e+002,7.702583e-003
8.543248e+002,6.975365e-003
8.562534e+002,6.251043e-003
8.581818e+002,5.628111e-003
8.601104e+002,5.126149e-003
8.620388e+002,4.690846e-003
8.639673e+002,4.279268e-003
8.658958e+002,3.870519e-003
8.678243e+002,3.444354e-003
8.697528e+002,2.971898e-003
8.716813e+002,2.435508e-003
8.736098e+002,1.880479e-003
8.755383e+002,1.368569e-003
8.774668e+002,8.514179e-004
8.793953e+002,1.868499e-004
8.813238e+002,-6.425898e-004
8.832523e+002,-1.451989e-003
8.851808e+002,-2.089567e-003
8.871093e+002,-2.558844e-003
8.890378e+002,-2.880905e-003
8.909663e+002,-2.986384e-003
8.928948e+002,-2.672108e-003
8.948233e+002,-1.782659e-003
8.967518e+002,-4.528056e-004
8.986803e+002,1.030929e-003
9.006088e+002,2.434142e-003
9.025373e+002,3.605161e-003
9.044658e+002,4.516981e-003
9.063943e+002,5.269570e-003
9.083228e+002,5.894776e-003
9.102513e+002,6.367062e-003
9.121798e+002,6.760836e-003
9.141083e+002,7.087064e-003
9.160368e+002,7.336395e-003
9.179653e+002,7.597368e-003
9.198938e+002,7.855359e-003
9.218223e+002,8.040051e-003
9.237508e+002,8.141457e-003
9.256793e+002,8.134942e-003
9.276078e+002,8.052574e-003
9.295363e+002,8.036034e-003
9.314648e+002,8.228772e-003
9.333932e+002,8.772132e-003
9.353218e+002,9.737774e-003
9.372502e+002,1.103219e-002
9.391788e+002,1.254866e-002
9.411073e+002,1.417283e-002
9.430358e+002,1.576110e-002
9.449643e+002,1.724445e-002
9.468928e+002,1.855888e-002
9.488213e+002,1.964551e-002
9.507498e+002,2.050403e-002
9.526783e+002,2.116758e-002
9.546068e+002,2.171435e-002
9.565353e+002,2.223287e-002
9.584637e+002,2.275672e-002
9.603923e+002,2.324355e-002
9.623207e+002,2.368744e-002
9.642493e+002,2.414817e-002
9.661777e+002,2.461307e-002
9.681063e+002,2.506745e-002
9.700347e+002,2.555629e-002
9.719633e+002,2.608723e-002
9.738917e+002,2.662128e-002
9.758203e+002,2.711399e-002
9.777487e+002,2.756689e-002
9.796772e+002,2.803303e-002
9.816057e+002,2.854408e-002
9.835342e+002,2.910519e-002
9.854627e+002,2.969317e-002
9.873912e+002,3.021740e-002
9.893198e+002,3.066051e-002
9.912482e+002,3.112703e-002
9.931768e+002,3.163414e-002
9.951052e+002,3.210792e-002
9.970338e+002,3.252871e-002
9.989622e+002,3.289172e-002
1.000891e+003,3.318887e-002
1.002819e+003,3.345476e-002
1.004748e+003,3.370946e-002
1.006676e+003,3.392522e-002
1.008605e+003,3.411349e-002
1.010533e+003,3.430877e-002
1.012462e+003,3.447406e-002
1.014390e+003,3.455970e-002
1.016319e+003,3.457222e-002
1.018247e+003,3.456734e-002
1.020176e+003,3.461320e-002
1.022104e+003,3.470704e-002
1.024033e+003,3.479459e-002
1.025961e+003,3.485598e-002
1.027890e+003,3.491404e-002
1.029818e+003,3.500180e-002
1.031747e+003,3.509153e-002
1.033675e+003,3.513180e-002
1.035604e+003,3.514549e-002
1.037532e+003,3.521224e-002
1.039461e+003,3.534726e-002
1.041389e+003,3.543508e-002
1.043318e+003,3.537821e-002
1.045246e+003,3.519543e-002
1.047175e+003,3.494833e-002
1.049103e+003,3.464578e-002
1.051032e+003,3.427793e-002
1.052960e+003,3.392794e-002
1.054889e+003,3.363577e-002
1.056817e+003,3.329432e-002
1.058746e+003,3.287028e-002
1.060674e+003,3.242316e-002
1.062603e+003,3.192041e-002
1.064531e+003,3.130159e-002
1.066460e+003,3.056960e-002
1.068388e+003,2.976342e-002
1.070317e+003,2.888961e-002
1.072245e+003,2.782361e-002
1.074174e+003,2.644067e-002
1.076102e+003,2.476988e-002
1.078031e+003,2.285097e-002
1.079959e+003,2.065957e-002
1.081888e+003,1.822361e-002
1.083816e+003,1.567253e-002
1.085745e+003,1.327008e-002
1.087673e+003,1.139835e-002
1.089602e+003,1.035632e-002
1.091530e+003,1.017291e-002
1.093459e+003,1.061996e-002
1.095387e+003,1.146526e-002
1.097316e+003,1.265682e-002
1.099244e+003,1.418125e-002
1.101173e+003,1.594874e-002
1.103101e+003,1.778658e-002
1.105030e+003,1.952777e-002
1.106958e+003,2.117666e-002
1.108887e+003,2.277222e-002
1.110815e+003,2.426318e-002
1.112744e+003,2.564918e-002
1.114672e+003,2.692746e-002
1.116601e+003,2.805329e-002
1.118529e+003,2.905871e-002
1.120458e+003,3.002698e-002
1.122386e+003,3.099652e-002
1.124315e+003,3.195043e-002
1.126243e+003,3.286620e-002
1.128172e+003,3.375347e-002
1.130100e+003,3.461438e-002
1.132029e+003,3.539924e-002
1.133957e+003,3.608448e-002
1.135886e+003,3.668506e-002
1.137814e+003,3.717062e-002
1.139743e+003,3.751467e-002
1.141671e+003,3.776161e-002
1.143600e+003,3.798905e-002
1.145528e+003,3.822385e-002
1.147457e+003,3.841417e-002
1.149385e+003,3.852318e-002
1.151314e+003,3.858731e-002
1.153242e+003,3.865347e-002
1.155171e+003,3.875443e-002
1.157099e+003,3.886664e-002
1.159028e+003,3.888062e-002
1.160956e+003,3.878921e-002
1.162885e+003,3.874435e-002
1.164813e+003,3.881721e-002
1.166742e+003,3.892606e-002
1.168670e+003,3.900457e-002
1.170599e+003,3.906409e-002
1.172527e+003,3.911564e-002
1.174456e+003,3.915375e-002
1.176384e+003,3.918070e-002
1.178313e+003,3.920119e-002
1.180241e+003,3.923067e-002
1.182170e+003,3.927985e-002
1.184098e+003,3.932798e-002
1.186027e+003,3.935330e-002
1.187955e+003,3.933836e-002
1.189884e+003,3.927111e-002
1.191812e+003,3.918418e-002
1.193741e+003,3.912003e-002
1.195669e+003,3.907334e-002
1.197598e+003,3.902708e-002
1.199526e+003,3.897296e-002
1.201455e+003,3.888124e-002
1.203383e+003,3.874102e-002
1.205312e+003,3.858235e-002
1.207240e+003,3.842691e-002
1.209169e+003,3.826788e-002
1.211097e+003,3.806728e-002
1.213026e+003,3.778879e-002
1.214954e+003,3.745265e-002
1.216883e+003,3.711031e-002
1.218811e+003,3.677769e-002
1.220740e+003,3.639344e-002
1.222668e+003,3.588974e-002
1.224597e+003,3.530733e-002
1.226525e+003,3.468256e-002
1.228453e+003,3.391612e-002
1.230382e+003,3.289401e-002
1.232311e+003,3.162534e-002
1.234239e+003,3.041463e-002
1.236168e+003,2.988962e-002
1.238096e+003,3.052566e-002
1.240025e+003,3.221674e-002
1.241953e+003,3.438841e-002
1.243882e+003,3.636541e-002
1.245810e+003,3.772850e-002
1.247739e+003,3.846786e-002
1.249667e+003,3.879877e-002
1.251596e+003,3.890722e-002
1.253524e+003,3.890671e-002
1.255453e+003,3.888624e-002
1.257381e+003,3.886747e-002
1.259310e+003,3.882297e-002
1.261238e+003,3.874888e-002
1.263167e+003,3.865963e-002
1.265095e+003,3.855041e-002
1.267024e+003,3.842181e-002
1.268952e+003,3.828438e-002
1.270880e+003,3.812298e-002
1.272809e+003,3.797628e-002
1.274738e+003,3.790043e-002
1.276666e+003,3.784395e-002
1.278594e+003,3.774686e-002
1.280523e+003,3.761543e-002
1.282452e+003,3.748180e-002
1.284380e+003,3.736905e-002
1.286308e+003,3.726448e-002
1.288237e+003,3.714254e-002
1.290166e+003,3.701710e-002
1.292094e+003,3.694087e-002
1.294022e+003,3.692034e-002
1.295951e+003,3.690169e-002
1.297880e+003,3.685714e-002
1.299808e+003,3.680351e-002
1.301736e+003,3.674852e-002
1.303665e+003,3.667514e-002
1.305594e+003,3.658743e-002
1.307522e+003,3.650298e-002
1.309450e+003,3.642861e-002
1.311379e+003,3.635597e-002
1.313307e+003,3.626944e-002
1.315236e+003,3.619640e-002
1.317164e+003,3.613975e-002
1.319093e+003,3.605892e-002
1.321021e+003,3.597843e-002
1.322950e+003,3.593109e-002
1.324878e+003,3.588164e-002
1.326807e+003,3.580169e-002
1.328735e+003,3.571091e-002
1.330664e+003,3.563699e-002
1.332592e+003,3.559355e-002
1.334521e+003,3.555780e-002
1.336449e+003,3.548517e-002
1.338378e+003,3.535531e-002
1.340307e+003,3.520535e-002
1.342235e+003,3.509160e-002
1.344163e+003,3.501621e-002
1.346092e+003,3.496011e-002
1.348021e+003,3.489249e-002
1.349949e+003,3.479764e-002
1.351877e+003,3.469599e-002
1.353806e+003,3.459748e-002
1.355734e+003,3.451535e-002
1.357663e+003,3.445918e-002
1.359591e+003,3.439863e-002
1.361520e+003,3.429718e-002
1.363448e+003,3.418522e-002
1.365377e+003,3.412263e-002
1.367305e+003,3.404956e-002
1.369234e+003,3.390093e-002
1.371162e+003,3.371558e-002
1.373091e+003,3.350611e-002
1.375019e+003,3.326001e-002
1.376948e+003,3.299077e-002
1.378876e+003,3.266022e-002
1.380805e+003,3.234080e-002
1.382733e+003,3.221807e-002
1.384662e+003,3.230372e-002
1.386590e+003,3.245244e-002
1.388519e+003,3.256860e-002
1.390447e+003,3.264082e-002
1.392376e+003,3.267247e-002
1.394304e+003,3.266129e-002
1.396233e+003,3.261035e-002
1.398161e+003,3.254242e-002
1.400090e+003,3.250128e-002
1.402018e+003,3.247668e-002
1.403947e+003,3.241813e-002
1.405875e+003,3.235651e-002
1.407804e+003,3.232371e-002
1.409732e+003,3.227759e-002
1.411661e+003,3.221328e-002
1.413589e+003,3.214434e-002
1.415518e+003,3.205348e-002
1.417446e+003,3.190657e-002
1.419375e+003,3.173561e-002
1.421303e+003,3.164825e-002
1.423232e+003,3.158871e-002
1.425160e+003,3.149653e-002
1.427089e+003,3.138055e-002
1.429017e+003,3.123650e-002
1.430946e+003,3.111048e-002
1.432874e+003,3.106506e-002
1.434803e+003,3.107545e-002
1.436731e+003,3.112614e-002
1.438660e+003,3.120464e-002
1.440588e+003,3.125331e-002
1.442517e+003,3.125245e-002
1.444445e+003,3.121856e-002
1.446374e+003,3.115814e-002
1.448302e+003,3.107816e-002
1.450231e+003,3.100431e-002
1.452159e+003,3.093066e-002
1.454088e+003,3.082236e-002
1.456016e+003,3.057966e-002
1.457945e+003,3.026894e-002
1.459873e+003,3.018174e-002
1.461802e+003,3.011206e-002
1.463730e+003,2.985126e-002
1.465659e+003,2.945241e-002
1.467587e+003,2.922808e-002
1.469516e+003,2.922106e-002
1.471444e+003,2.932910e-002
1.473373e+003,2.949865e-002
1.475301e+003,2.967469e-002
1.477230e+003,2.981460e-002
1.479158e+003,2.988270e-002
1.481087e+003,2.989087e-002
1.483015e+003,2.991589e-002
1.484944e+003,2.999641e-002
1.486872e+003,3.008979e-002
1.488801e+003,3.010669e-002
1.490729e+003,3.008457e-002
1.492658e+003,3.012708e-002
1.494586e+003,3.017193e-002
1.496515e+003,3.018458e-002
1.498443e+003,3.022269e-002
1.500372e+003,3.031748e-002
1.502300e+003,3.041136e-002
1.504229e+003,3.043687e-002
1.506157e+003,3.037006e-002
1.508086e+003,3.038705e-002
1.510014e+003,3.049953e-002
1.511943e+003,3.058446e-002
1.513871e+003,3.063341e-002
1.515800e+003,3.062741e-002
1.517728e+003,3.061788e-002
1.519657e+003,3.067619e-002
1.521585e+003,3.078718e-002
1.523514e+003,3.089002e-002
1.525442e+003,3.094247e-002
1.527371e+003,3.099545e-002
1.529299e+003,3.107122e-002
1.531228e+003,3.113137e-002
1.533156e+003,3.116978e-002
1.535085e+003,3.121080e-002
1.537013e+003,3.122628e-002
1.538942e+003,3.115714e-002
1.540870e+003,3.113237e-002
1.542799e+003,3.131345e-002
1.544727e+003,3.151762e-002
1.546656e+003,3.168429e-002
1.548584e+003,3.179925e-002
1.550513e+003,3.186021e-002
1.552441e+003,3.189751e-002
1.554370e+003,3.192750e-002
1.556298e+003,3.187875e-002
1.558227e+003,3.168061e-002
1.560155e+003,3.168179e-002
1.562084e+003,3.183914e-002
1.564012e+003,3.192511e-002
1.565941e+003,3.195018e-002
1.567869e+003,3.192344e-002
1.569798e+003,3.186756e-002
1.571726e+003,3.185561e-002
1.573655e+003,3.182556e-002
1.575583e+003,3.168664e-002
1.577512e+003,3.158268e-002
1.579440e+003,3.159754e-002
1.581369e+003,3.159530e-002
1.583297e+003,3.153330e-002
1.585226e+003,3.142717e-002
1.587154e+003,3.129326e-002
1.589083e+003,3.115373e-002
1.591011e+003,3.102844e-002
1.592940e+003,3.089803e-002
1.594868e+003,3.073006e-002
1.596797e+003,3.054784e-002
1.598725e+003,3.038243e-002
1.600654e+003,3.022447e-002
1.602582e+003,3.006511e-002
1.604511e+003,2.990315e-002
1.606439e+003,2.972631e-002
1.608368e+003,2.954000e-002
1.610296e+003,2.936894e-002
1.612225e+003,2.921220e-002
1.614153e+003,2.903012e-002
1.616082e+003,2.876144e-002
1.618010e+003,2.850598e-002
1.619939e+003,2.833851e-002
1.621867e+003,2.809383e-002
1.623796e+003,2.775854e-002
1.625724e+003,2.751154e-002
1.627653e+003,2.732505e-002
1.629581e+003,2.716164e-002
1.631510e+003,2.703654e-002
1.633438e+003,2.685181e-002
1.635367e+003,2.652427e-002
1.637295e+003,2.628931e-002
1.639224e+003,2.621134e-002
1.641152e+003,2.612379e-002
1.643081e+003,2.600511e-002
1.645009e+003,2.582662e-002
1.646938e+003,2.556033e-002
1.648866e+003,2.541300e-002
1.650795e+003,2.533713e-002
1.652723e+003,2.514096e-002
1.654652e+003,2.507184e-002
1.656580e+003,2.513127e-002
1.658509e+003,2.511021e-002
1.660437e+003,2.501828e-002
1.662366e+003,2.493520e-002
1.664294e+003,2.492657e-002
1.666223e+003,2.493233e-002
1.668151e+003,2.489826e-002
1.670080e+003,2.487429e-002
1.672008e+003,2.489850e-002
1.673937e+003,2.489573e-002
1.675865e+003,2.487166e-002
1.677794e+003,2.490587e-002
1.679722e+003,2.497946e-002
1.681651e+003,2.498974e-002
1.683579e+003,2.486338e-002
1.685508e+003,2.483542e-002
1.687436e+003,2.495335e-002
1.689365e+003,2.505394e-002
1.691293e+003,2.511200e-002
1.693222e+003,2.508620e-002
1.695150e+003,2.495254e-002
1.697079e+003,2.481984e-002
1.699007e+003,2.472130e-002
1.700936e+003,2.468237e-002
1.702864e+003,2.476988e-002
1.704793e+003,2.481145e-002
1.706721e+003,2.474466e-002
1.708650e+003,2.466340e-002
1.710578e+003,2.460518e-002
1.712507e+003,2.454172e-002
1.714435e+003,2.442667e-002
1.716364e+003,2.422867e-002
1.718292e+003,2.407640e-002
1.720221e+003,2.406267e-002
1.722149e+003,2.405455e-002
1.724078e+003,2.399582e-002
1.726006e+003,2.392587e-002
1.727935e+003,2.385652e-002
1.729863e+003,2.376569e-002
1.731792e+003,2.362309e-002
1.733720e+003,2.340585e-002
1.735649e+003,2.330186e-002
1.737577e+003,2.332284e-002
1.739506e+003,2.333113e-002
1.741434e+003,2.333396e-002
1.743363e+003,2.337847e-002
1.745291e+003,2.343837e-002
1.747220e+003,2.348240e-002
1.749148e+003,2.352109e-002
1.751077e+003,2.355565e-002
1.753005e+003,2.359889e-002
1.754934e+003,2.365826e-002
1.756862e+003,2.370126e-002
1.758791e+003,2.370431e-002
1.760719e+003,2.368310e-002
1.762648e+003,2.366151e-002
1.764576e+003,2.366721e-002
1.766505e+003,2.369584e-002
1.768433e+003,2.370154e-002
1.770362e+003,2.362551e-002
1.772290e+003,2.352521e-002
1.774219e+003,2.354347e-002
1.776147e+003,2.360840e-002
1.778076e+003,2.363128e-002
1.780004e+003,2.361082e-002
1.781933e+003,2.357835e-002
1.783861e+003,2.356800e-002
1.785790e+003,2.359031e-002
1.787718e+003,2.363226e-002
1.789647e+003,2.364174e-002
1.791575e+003,2.358926e-002
1.793504e+003,2.357912e-002
1.795432e+003,2.364269e-002
1.797361e+003,2.369384e-002
1.799289e+003,2.371036e-002
1.801218e+003,2.370063e-002
1.803146e+003,2.367106e-002
1.805075e+003,2.364031e-002
1.807003e+003,2.362467e-002
1.808932e+003,2.362324e-002
1.810860e+003,2.361333e-002
1.812789e+003,2.358930e-002
1.814717e+003,2.358122e-002
1.816646e+003,2.360770e-002
1.818574e+003,2.364902e-002
1.820503e+003,2.367208e-002
1.822431e+003,2.367838e-002
1.824360e+003,2.367887e-002
1.826288e+003,2.367841e-002
1.828217e+003,2.367596e-002
1.830145e+003,2.368454e-002
1.832074e+003,2.372026e-002
1.834002e+003,2.375736e-002
1.835931e+003,2.377682e-002
1.837859e+003,2.378396e-002
1.839788e+003,2.381518e-002
1.841716e+003,2.387094e-002
1.843645e+003,2.388182e-002
1.845573e+003,2.384958e-002
1.847502e+003,2.384591e-002
1.849430e+003,2.385483e-002
1.851359e+003,2.386170e-002
1.853287e+003,2.388385e-002
1.855216e+003,2.390626e-002
1.857144e+003,2.390059e-002
1.859073e+003,2.388417e-002
1.861001e+003,2.388830e-002
1.862930e+003,2.391704e-002
1.864858e+003,2.395741e-002
1.866786e+003,2.397499e-002
1.868715e+003,2.393823e-002
1.870644e+003,2.389649e-002
1.872572e+003,2.389758e-002
1.874500e+003,2.392611e-002
1.876429e+003,2.395948e-002
1.878358e+003,2.397800e-002
1.880286e+003,2.397411e-002
1.882215e+003,2.396641e-002
1.884143e+003,2.396851e-002
1.886072e+003,2.396413e-002
1.888000e+003,2.394400e-002
1.889929e+003,2.393045e-002
1.891857e+003,2.393521e-002
1.893786e+003,2.395195e-002
1.895714e+003,2.398451e-002
1.897643e+003,2.401435e-002
1.899571e+003,2.402737e-002
1.901500e+003,2.403918e-002
1.903428e+003,2.405276e-002
1.905357e+003,2.406295e-002
1.907285e+003,2.406912e-002
1.909214e+003,2.406544e-002
1.911142e+003,2.404439e-002
1.913071e+003,2.402156e-002
1.914999e+003,2.401298e-002
1.916927e+003,2.401526e-002
1.918856e+003,2.404247e-002
1.920785e+003,2.408481e-002
1.922713e+003,2.411094e-002
1.924641e+003,2.412029e-002
1.926570e+003,2.411773e-002
1.928499e+003,2.410544e-002
1.930427e+003,2.408481e-002
1.932355e+003,2.406106e-002
1.934284e+003,2.405602e-002
1.936213e+003,2.407780e-002
1.938141e+003,2.409966e-002
1.940069e+003,2.410176e-002
1.941998e+003,2.409248e-002
1.943927e+003,2.406807e-002
1.945855e+003,2.402492e-002
1.947783e+003,2.400174e-002
1.949712e+003,2.402342e-002
1.951641e+003,2.405494e-002
1.953569e+003,2.407150e-002
1.955497e+003,2.408632e-002
1.957426e+003,2.409157e-002
1.959354e+003,2.406866e-002
1.961283e+003,2.404758e-002
1.963211e+003,2.406513e-002
1.965140e+003,2.408491e-002
1.967068e+003,2.406341e-002
1.968997e+003,2.402713e-002
1.970925e+003,2.402265e-002
1.972854e+003,2.404839e-002
1.974782e+003,2.405423e-002
1.976711e+003,2.402226e-002
1.978640e+003,2.399750e-002
1.980568e+003,2.399761e-002
1.982496e+003,2.399288e-002
1.984425e+003,2.396935e-002
1.986354e+003,2.394516e-002
1.988282e+003,2.393192e-002
1.990210e+003,2.392296e-002
1.992139e+003,2.391645e-002
1.994068e+003,2.390031e-002
1.995996e+003,2.386387e-002
1.997924e+003,2.383089e-002
1.999853e+003,2.382221e-002
2.001781e+003,2.382631e-002
2.003710e+003,2.382946e-002
2.005638e+003,2.383019e-002
2.007567e+003,2.383523e-002
2.009495e+003,2.384220e-002
2.011424e+003,2.384556e-002
2.013352e+003,2.384374e-002
2.015281e+003,2.383156e-002
2.017209e+003,2.382428e-002
2.019138e+003,2.382834e-002
2.021066e+003,2.382911e-002
2.022995e+003,2.382585e-002
2.024923e+003,2.380947e-002
2.026852e+003,2.377034e-002
2.028780e+003,2.374395e-002
2.030709e+003,2.375862e-002
2.032637e+003,2.378277e-002
2.034566e+003,2.379572e-002
2.036494e+003,2.379845e-002
2.038423e+003,2.378833e-002
2.040351e+003,2.379407e-002
2.042280e+003,2.383471e-002
2.044208e+003,2.387377e-002
2.046137e+003,2.387783e-002
2.048065e+003,2.386271e-002
2.049994e+003,2.385795e-002
2.051922e+003,2.385921e-002
2.053851e+003,2.384731e-002
2.055779e+003,2.384437e-002
2.057708e+003,2.388158e-002
2.059636e+003,2.393669e-002
2.061565e+003,2.397485e-002
2.063493e+003,2.398287e-002
2.065422e+003,2.395752e-002
2.067350e+003,2.392398e-002
2.069279e+003,2.392082e-002
2.071207e+003,2.393542e-002
2.073136e+003,2.392223e-002
2.075064e+003,2.389940e-002
2.076993e+003,2.390094e-002
2.078921e+003,2.390906e-002
2.080850e+003,2.392650e-002
2.082778e+003,2.395899e-002
2.084707e+003,2.397937e-002
2.086635e+003,2.398595e-002
2.088564e+003,2.399075e-002
2.090492e+003,2.398077e-002
2.092421e+003,2.395825e-002
2.094349e+003,2.394316e-002
2.096278e+003,2.394530e-002
2.098206e+003,2.396312e-002
2.100135e+003,2.396876e-002
2.102063e+003,2.394236e-002
2.103992e+003,2.391971e-002
2.105920e+003,2.393098e-002
2.107849e+003,2.394334e-002
2.109777e+003,2.392951e-002
2.111706e+003,2.391305e-002
2.113634e+003,2.391095e-002
2.115563e+003,2.391610e-002
2.117491e+003,2.392289e-002
2.119420e+003,2.392590e-002
2.121348e+003,2.392394e-002
2.123277e+003,2.392349e-002
2.125205e+003,2.391459e-002
2.127134e+003,2.387990e-002
2.129062e+003,2.382932e-002
2.130991e+003,2.380524e-002
2.132919e+003,2.382666e-002
2.134848e+003,2.386863e-002
2.136776e+003,2.391351e-002
2.138705e+003,2.393774e-002
2.140633e+003,2.391368e-002
2.142562e+003,2.387409e-002
2.144490e+003,2.387528e-002
2.146419e+003,2.390108e-002
2.148347e+003,2.390689e-002
2.150276e+003,2.390255e-002
2.152204e+003,2.389184e-002
2.154133e+003,2.387566e-002
2.156061e+003,2.387745e-002
2.157990e+003,2.387790e-002
2.159918e+003,2.385613e-002
2.161847e+003,2.382382e-002
2.163775e+003,2.379134e-002
2.165704e+003,2.377783e-002
2.167632e+003,2.379145e-002
2.169561e+003,2.381507e-002
2.171489e+003,2.383233e-002
2.173418e+003,2.384248e-002
2.175346e+003,2.385746e-002
2.177275e+003,2.386670e-002
2.179203e+003,2.386135e-002
2.181132e+003,2.387395e-002
2.183060e+003,2.391386e-002
2.184989e+003,2.395514e-002
2.186917e+003,2.398795e-002
2.188846e+003,2.400286e-002
2.190774e+003,2.398665e-002
2.192703e+003,2.394019e-002
2.194631e+003,2.388998e-002
2.196560e+003,2.385729e-002
2.198488e+003,2.382043e-002
2.200417e+003,2.378221e-002
2.202345e+003,2.376709e-002
2.204274e+003,2.374101e-002
2.206202e+003,2.369979e-002
2.208131e+003,2.369479e-002
2.210059e+003,2.372086e-002
2.211988e+003,2.374070e-002
2.213916e+003,2.374679e-002
2.215845e+003,2.375246e-002
2.217773e+003,2.376863e-002
2.219702e+003,2.377339e-002
2.221630e+003,2.374490e-002
2.223559e+003,2.370280e-002
2.225487e+003,2.367694e-002
2.227416e+003,2.367120e-002
2.229344e+003,2.368443e-002
2.231273e+003,2.371204e-002
2.233201e+003,2.373010e-002
2.235130e+003,2.373482e-002
2.237058e+003,2.373507e-002
2.238987e+003,2.371823e-002
2.240915e+003,2.368600e-002
2.242844e+003,2.366784e-002
2.244772e+003,2.367561e-002
2.246701e+003,2.367323e-002
2.248629e+003,2.364685e-002
2.250558e+003,2.362673e-002
2.252486e+003,2.363184e-002
2.254415e+003,2.365511e-002
2.256343e+003,2.365962e-002
2.258272e+003,2.363195e-002
2.260200e+003,2.360455e-002
2.262129e+003,2.358713e-002
2.264057e+003,2.357251e-002
2.265986e+003,2.358167e-002
2.267914e+003,2.361680e-002
2.269843e+003,2.364311e-002
2.271771e+003,2.363065e-002
2.273700e+003,2.358251e-002
2.275628e+003,2.353434e-002
2.277557e+003,2.351899e-002
2.279485e+003,2.353217e-002
2.281414e+003,2.354120e-002
2.283342e+003,2.352462e-002
2.285271e+003,2.348408e-002
2.287199e+003,2.344425e-002
2.289128e+003,2.341875e-002
2.291056e+003,2.339634e-002
2.292985e+003,2.338595e-002
2.294913e+003,2.338368e-002
2.296842e+003,2.336854e-002
2.298770e+003,2.333787e-002
2.300699e+003,2.329047e-002
2.302627e+003,2.322080e-002
2.304556e+003,2.313038e-002
2.306484e+003,2.302762e-002
2.308413e+003,2.292781e-002
2.310341e+003,2.286050e-002
2.312270e+003,2.281902e-002
2.314198e+003,2.274673e-002
2.316127e+003,2.261851e-002
2.318055e+003,2.246600e-002
2.319984e+003,2.234340e-002
2.321912e+003,2.224473e-002
2.323841e+003,2.210633e-002
2.325769e+003,2.193100e-002
2.327698e+003,2.177921e-002
2.329626e+003,2.169237e-002
2.331555e+003,2.164807e-002
2.333483e+003,2.156978e-002
2.335412e+003,2.145701e-002
2.337340e+003,2.138753e-002
2.339269e+003,2.138725e-002
2.341197e+003,2.142948e-002
2.343126e+003,2.152542e-002
2.345054e+003,2.172243e-002
2.346983e+003,2.197289e-002
2.348911e+003,2.210152e-002
2.350840e+003,2.198749e-002
2.352768e+003,2.164264e-002
2.354697e+003,2.120007e-002
2.356625e+003,2.087517e-002
2.358554e+003,2.079014e-002
2.360482e+003,2.081117e-002
2.362411e+003,2.081458e-002
2.364339e+003,2.086046e-002
2.366268e+003,2.102493e-002
2.368196e+003,2.132593e-002
2.370125e+003,2.171456e-002
2.372053e+003,2.209664e-002
2.373982e+003,2.238805e-002
2.375910e+003,2.258175e-002
2.377839e+003,2.275152e-002
2.379767e+003,2.293455e-002
2.381696e+003,2.309813e-002
2.383624e+003,2.321860e-002
2.385553e+003,2.330176e-002
2.387481e+003,2.334630e-002
2.389410e+003,2.335518e-002
2.391338e+003,2.334630e-002
2.393267e+003,2.332959e-002
2.395195e+003,2.332295e-002
2.397124e+003,2.333620e-002
2.399052e+003,2.334651e-002
2.400981e+003,2.335179e-002
2.402909e+003,2.335686e-002
2.404838e+003,2.334371e-002
2.406766e+003,2.331983e-002
2.408695e+003,2.331501e-002
2.410623e+003,2.332795e-002
2.412552e+003,2.332267e-002
2.414480e+003,2.329655e-002
2.416409e+003,2.329351e-002
2.418337e+003,2.333050e-002
2.420266e+003,2.337585e-002
2.422194e+003,2.338417e-002
2.424123e+003,2.334602e-002
2.426051e+003,2.330707e-002
2.427980e+003,2.330347e-002
2.429908e+003,2.332239e-002
2.431837e+003,2.333309e-002
2.433765e+003,2.332207e-002
2.435694e+003,2.329903e-002
2.437622e+003,2.328239e-002
2.439551e+003,2.328173e-002
2.441479e+003,2.328348e-002
2.443408e+003,2.328536e-002
2.445336e+003,2.330284e-002
2.447265e+003,2.332371e-002
2.449193e+003,2.331997e-002
2.451122e+003,2.329662e-002
2.453050e+003,2.328970e-002
2.454979e+003,2.331158e-002
2.456907e+003,2.333721e-002
2.458836e+003,2.335242e-002
2.460764e+003,2.336137e-002
2.462693e+003,2.334766e-002
2.464621e+003,2.330784e-002
2.466550e+003,2.327302e-002
2.468478e+003,2.324212e-002
2.470406e+003,2.320549e-002
2.472335e+003,2.319472e-002
2.474264e+003,2.320822e-002
2.476192e+003,2.320423e-002
2.478121e+003,2.318836e-002
2.480049e+003,2.318487e-002
2.481978e+003,2.317777e-002
2.483906e+003,2.315939e-002
2.485834e+003,2.315292e-002
2.487763e+003,2.315460e-002
2.489692e+003,2.313349e-002
2.491620e+003,2.310900e-002
2.493549e+003,2.312193e-002
2.495477e+003,2.314681e-002
2.497406e+003,2.313954e-002
2.499334e+003,2.309264e-002
2.501262e+003,2.303286e-002
2.503191e+003,2.300169e-002
2.505120e+003,2.301476e-002
2.507048e+003,2.304599e-002
2.508977e+003,2.305431e-002
2.510905e+003,2.306018e-002
2.512833e+003,2.310064e-002
2.514762e+003,2.312336e-002
2.516690e+003,2.308031e-002
2.518619e+003,2.300816e-002
2.520548e+003,2.295991e-002
2.522476e+003,2.295376e-002
2.524405e+003,2.297490e-002
2.526333e+003,2.299289e-002
2.528261e+003,2.299736e-002
2.530190e+003,2.298580e-002
2.532119e+003,2.295401e-002
2.534047e+003,2.293626e-002
2.535976e+003,2.294804e-002
2.537904e+003,2.296595e-002
2.539833e+003,2.298559e-002
2.541761e+003,2.299167e-002
2.543689e+003,2.297399e-002
2.545618e+003,2.295268e-002
2.547547e+003,2.293057e-002
2.549475e+003,2.289658e-002
2.551404e+003,2.285649e-002
2.553332e+003,2.283931e-002
2.555260e+003,2.287528e-002
2.557189e+003,2.292784e-002
2.559117e+003,2.292844e-002
2.561046e+003,2.288094e-002
2.562975e+003,2.283246e-002
2.564903e+003,2.281619e-002
2.566832e+003,2.282698e-002
2.568760e+003,2.282439e-002
2.570688e+003,2.280086e-002
2.572617e+003,2.279063e-002
2.574545e+003,2.279087e-002
2.576474e+003,2.277383e-002
2.578403e+003,2.275868e-002
2.580331e+003,2.276807e-002
2.582260e+003,2.278329e-002
2.584188e+003,2.277400e-002
2.586116e+003,2.274146e-002
2.588045e+003,2.272135e-002
2.589973e+003,2.273074e-002
2.591902e+003,2.276049e-002
2.593831e+003,2.278277e-002
2.595759e+003,2.276779e-002
2.597688e+003,2.274000e-002
2.599616e+003,2.273724e-002
2.601544e+003,2.275298e-002
2.603473e+003,2.275208e-002
2.605401e+003,2.271053e-002
2.607330e+003,2.266891e-002
2.609259e+003,2.266689e-002
2.611187e+003,2.266493e-002
2.613115e+003,2.264758e-002
2.615044e+003,2.263338e-002
2.616972e+003,2.261795e-002
2.618901e+003,2.260933e-002
2.620830e+003,2.261390e-002
2.622758e+003,2.262556e-002
2.624687e+003,2.264458e-002
2.626615e+003,2.267066e-002
2.628543e+003,2.268790e-002
2.630472e+003,2.268005e-002
2.632400e+003,2.266008e-002
2.634329e+003,2.263991e-002
2.636258e+003,2.262709e-002
2.638186e+003,2.263289e-002
2.640115e+003,2.263470e-002
2.642043e+003,2.261819e-002
2.643971e+003,2.260957e-002
2.645900e+003,2.261467e-002
2.647828e+003,2.260657e-002
2.649757e+003,2.257952e-002
2.651686e+003,2.256029e-002
2.653614e+003,2.255812e-002
2.655542e+003,2.256549e-002
2.657471e+003,2.258605e-002
2.659399e+003,2.260221e-002
2.661328e+003,2.258950e-002
2.663256e+003,2.256382e-002
2.665185e+003,2.254968e-002
2.667114e+003,2.254954e-002
2.669042e+003,2.254874e-002
2.670970e+003,2.253303e-002
2.672899e+003,2.250536e-002
2.674827e+003,2.247633e-002
2.676756e+003,2.245870e-002
2.678684e+003,2.245989e-002
2.680613e+003,2.247015e-002
2.682542e+003,2.246799e-002
2.684470e+003,2.245270e-002
2.686398e+003,2.244496e-002
2.688327e+003,2.242824e-002
2.690255e+003,2.240888e-002
2.692184e+003,2.242629e-002
2.694112e+003,2.243759e-002
2.696041e+003,2.241415e-002
2.697969e+003,2.240204e-002
2.699898e+003,2.238418e-002
2.701826e+003,2.232470e-002
2.703755e+003,2.227214e-002
2.705683e+003,2.227741e-002
2.707612e+003,2.230981e-002
2.709540e+003,2.231846e-002
2.711469e+003,2.230667e-002
2.713397e+003,2.229279e-002
2.715326e+003,2.227926e-002
2.717254e+003,2.229279e-002
2.719183e+003,2.233412e-002
2.721111e+003,2.233569e-002
2.723040e+003,2.228484e-002
2.724969e+003,2.226227e-002
2.726897e+003,2.228717e-002
2.728825e+003,2.229516e-002
2.730754e+003,2.227448e-002
2.732682e+003,2.226590e-002
2.734611e+003,2.228961e-002
2.736539e+003,2.232481e-002
2.738468e+003,2.231895e-002
2.740396e+003,2.226966e-002
2.742325e+003,2.224263e-002
2.744253e+003,2.226980e-002
2.746182e+003,2.229833e-002
2.748110e+003,2.228138e-002
2.750039e+003,2.224284e-002
2.751967e+003,2.219873e-002
2.753896e+003,2.216016e-002
2.755824e+003,2.214995e-002
2.757753e+003,2.214736e-002
2.759681e+003,2.212380e-002
2.761610e+003,2.208775e-002
2.763538e+003,2.207523e-002
2.765467e+003,2.209583e-002
2.767395e+003,2.209876e-002
2.769324e+003,2.206613e-002
2.771252e+003,2.203214e-002
2.773181e+003,2.200558e-002
2.775109e+003,2.197390e-002
2.777038e+003,2.193413e-002
2.778966e+003,2.190158e-002
2.780895e+003,2.186698e-002
2.782823e+003,2.182130e-002
2.784752e+003,2.180702e-002
2.786680e+003,2.181907e-002
2.788609e+003,2.180458e-002
2.790537e+003,2.176922e-002
2.792466e+003,2.175786e-002
2.794394e+003,2.178127e-002
2.796323e+003,2.179482e-002
2.798251e+003,2.177650e-002
2.800180e+003,2.177103e-002
2.802108e+003,2.181447e-002
2.804037e+003,2.186984e-002
2.805965e+003,2.188179e-002
2.807894e+003,2.185562e-002
2.809822e+003,2.182893e-002
2.811751e+003,2.181527e-002
2.813679e+003,2.181729e-002
2.815608e+003,2.185022e-002
2.817536e+003,2.190050e-002
2.819465e+003,2.191437e-002
2.821393e+003,2.185785e-002
2.823322e+003,2.175612e-002
2.825250e+003,2.167931e-002
2.827179e+003,2.167987e-002
2.829107e+003,2.172846e-002
2.831036e+003,2.176343e-002
2.832964e+003,2.178653e-002
2.834893e+003,2.181691e-002
2.836821e+003,2.182614e-002
2.838750e+003,2.177963e-002
2.840678e+003,2.170300e-002
2.842607e+003,2.164215e-002
2.844535e+003,2.159092e-002
2.846464e+003,2.154837e-002
2.848392e+003,2.150735e-002
2.850321e+003,2.142307e-002
2.852249e+003,2.132753e-002
2.854178e+003,2.130289e-002
2.856106e+003,2.133192e-002
2.858035e+003,2.135544e-002
2.859963e+003,2.137754e-002
2.861892e+003,2.139645e-002
2.863820e+003,2.139088e-002
2.865749e+003,2.136498e-002
2.867677e+003,2.131427e-002
2.869606e+003,2.126287e-002
2.871534e+003,2.123901e-002
2.873463e+003,2.119586e-002
2.875391e+003,2.112009e-002
2.877320e+003,2.104688e-002
2.879248e+003,2.098828e-002
2.881177e+003,2.096703e-002
2.883105e+003,2.097124e-002
2.885034e+003,2.093674e-002
2.886962e+003,2.084284e-002
2.888891e+003,2.073363e-002
2.890819e+003,2.064758e-002
2.892748e+003,2.056548e-002
2.894676e+003,2.045190e-002
2.896605e+003,2.032264e-002
2.898533e+003,2.023536e-002
2.900462e+003,2.017930e-002
2.902390e+003,2.008199e-002
2.904319e+003,1.994653e-002
2.906247e+003,1.982946e-002
2.908176e+003,1.972186e-002
2.910104e+003,1.958756e-002
2.912033e+003,1.945641e-002
2.913961e+003,1.935780e-002
2.915890e+003,1.925811e-002
2.917818e+003,1.914337e-002
2.919747e+003,1.906343e-002
2.921675e+003,1.905678e-002
2.923604e+003,1.914431e-002
2.925532e+003,1.935226e-002
2.927461e+003,1.964888e-002
2.929389e+003,1.995704e-002
2.931318e+003,2.020770e-002
2.933246e+003,2.036754e-002
2.935175e+003,2.047437e-002
2.937103e+003,2.056635e-002
2.939032e+003,2.062420e-002
2.940960e+003,2.066030e-002
2.942889e+003,2.071841e-002
2.944817e+003,2.077120e-002
2.946746e+003,2.076039e-002
2.948674e+003,2.071337e-002
2.950603e+003,2.068709e-002
2.952531e+003,2.066760e-002
2.954460e+003,2.062840e-002
2.956388e+003,2.057566e-002
2.958317e+003,2.051702e-002
2.960245e+003,2.045384e-002
2.962174e+003,2.039296e-002
2.964102e+003,2.035924e-002
2.966031e+003,2.035379e-002
2.967959e+003,2.032132e-002
2.969888e+003,2.024293e-002
2.971816e+003,2.018312e-002
2.973745e+003,2.015973e-002
2.975673e+003,2.011190e-002
2.977602e+003,2.006054e-002
2.979530e+003,2.008268e-002
2.981459e+003,2.014272e-002
2.983387e+003,2.017011e-002
2.985316e+003,2.019822e-002
2.987244e+003,2.028400e-002
2.989173e+003,2.040272e-002
2.991101e+003,2.052703e-002
2.993030e+003,2.066663e-002
2.994958e+003,2.078086e-002
2.996887e+003,2.082163e-002
2.998815e+003,2.083283e-002
3.000744e+003,2.090270e-002
3.002672e+003,2.104086e-002
3.004601e+003,2.116072e-002
3.006529e+003,2.123632e-002
3.008458e+003,2.133108e-002
3.010386e+003,2.144988e-002
3.012315e+003,2.153319e-002
3.014243e+003,2.157490e-002
3.016172e+003,2.162115e-002
3.018100e+003,2.167186e-002
3.020029e+003,2.168645e-002
3.021957e+003,2.167586e-002
3.023886e+003,2.167837e-002
3.025814e+003,2.171021e-002
3.027743e+003,2.177486e-002
3.029671e+003,2.182517e-002
3.031600e+003,2.181228e-002
3.033528e+003,2.174946e-002
3.035457e+003,2.166733e-002
3.037385e+003,2.161700e-002
3.039314e+003,2.163957e-002
3.041242e+003,2.170296e-002
3.043171e+003,2.174671e-002
3.045099e+003,2.175417e-002
3.047028e+003,2.173536e-002
3.048956e+003,2.170735e-002
3.050885e+003,2.169878e-002
3.052813e+003,2.171529e-002
3.054742e+003,2.173295e-002
3.056670e+003,2.174079e-002
3.058599e+003,2.173585e-002
3.060527e+003,2.170550e-002
3.062456e+003,2.167273e-002
3.064384e+003,2.168109e-002
3.066313e+003,2.168844e-002
3.068241e+003,2.162749e-002
3.070170e+003,2.154088e-002
3.072098e+003,2.151059e-002
3.074027e+003,2.154082e-002
3.075955e+003,2.158622e-002
3.077884e+003,2.159454e-002
3.079812e+003,2.154813e-002
3.081741e+003,2.151540e-002
3.083669e+003,2.154980e-002
3.085598e+003,2.160941e-002
3.087526e+003,2.164365e-002
3.089455e+003,2.163306e-002
3.091383e+003,2.158180e-002
3.093312e+003,2.150937e-002
3.095240e+003,2.145179e-002
3.097169e+003,2.147223e-002
3.099097e+003,2.155920e-002
3.101026e+003,2.160325e-002
3.102954e+003,2.158117e-002
3.104883e+003,2.157431e-002
3.106811e+003,2.161157e-002
3.108740e+003,2.162777e-002
3.110668e+003,2.158323e-002
3.112597e+003,2.153309e-002
3.114525e+003,2.149893e-002
3.116454e+003,2.144768e-002
3.118382e+003,2.142109e-002
3.120311e+003,2.144532e-002
3.122239e+003,2.145573e-002
3.124167e+003,2.143063e-002
3.126096e+003,2.140974e-002
3.128025e+003,2.141872e-002
3.129953e+003,2.144761e-002
3.131882e+003,2.146881e-002
3.133810e+003,2.146311e-002
3.135739e+003,2.142182e-002
3.137667e+003,2.136836e-002
3.139595e+003,2.135610e-002
3.141524e+003,2.137567e-002
3.143453e+003,2.137852e-002
3.145381e+003,2.137260e-002
3.147310e+003,2.138029e-002
3.149238e+003,2.138994e-002
3.151167e+003,2.138217e-002
3.153095e+003,2.136463e-002
3.155023e+003,2.134375e-002
3.156952e+003,2.130408e-002
3.158881e+003,2.125268e-002
3.160809e+003,2.123079e-002
3.162738e+003,2.125216e-002
3.164666e+003,2.127916e-002
3.166594e+003,2.128953e-002
3.168523e+003,2.130446e-002
3.170452e+003,2.133293e-002
3.172380e+003,2.135405e-002
3.174309e+003,2.134998e-002
3.176237e+003,2.132412e-002
3.178166e+003,2.128045e-002
3.180094e+003,2.123587e-002
3.182022e+003,2.120564e-002
3.183951e+003,2.116810e-002
3.185880e+003,2.112406e-002
3.187808e+003,2.111710e-002
3.189737e+003,2.117140e-002
3.191665e+003,2.124854e-002
3.193594e+003,2.127251e-002
3.195522e+003,2.124906e-002
3.197450e+003,2.125456e-002
3.199379e+003,2.128758e-002
3.201308e+003,2.129040e-002
3.203236e+003,2.125870e-002
3.205165e+003,2.121705e-002
3.207093e+003,2.117120e-002
3.209021e+003,2.112990e-002
3.210950e+003,2.111891e-002
3.212878e+003,2.112461e-002
3.214807e+003,2.112938e-002
3.216736e+003,2.115178e-002
3.218664e+003,2.117370e-002
3.220593e+003,2.115655e-002
3.222521e+003,2.111126e-002
3.224449e+003,2.108120e-002
3.226378e+003,2.108291e-002
3.228306e+003,2.109084e-002
3.230235e+003,2.108691e-002
3.232164e+003,2.108952e-002
3.234092e+003,2.110966e-002
3.236021e+003,2.113909e-002
3.237949e+003,2.117276e-002
3.239877e+003,2.120393e-002
3.241806e+003,2.122328e-002
3.243734e+003,2.119788e-002
3.245663e+003,2.111884e-002
3.247592e+003,2.107021e-002
3.249520e+003,2.111199e-002
3.251448e+003,2.117641e-002
3.253377e+003,2.118720e-002
3.255305e+003,2.115697e-002
3.257234e+003,2.112715e-002
3.259163e+003,2.110120e-002
3.261091e+003,2.105929e-002
3.263020e+003,2.101088e-002
3.264948e+003,2.101026e-002
3.266876e+003,2.108026e-002
3.268805e+003,2.114476e-002
3.270733e+003,2.113609e-002
3.272662e+003,2.108538e-002
3.274591e+003,2.104555e-002
3.276519e+003,2.104051e-002
3.278448e+003,2.106948e-002
3.280376e+003,2.109821e-002
3.282304e+003,2.110447e-002
3.284233e+003,2.110987e-002
3.286161e+003,2.112058e-002
3.288090e+003,2.111728e-002
3.290019e+003,2.110454e-002
3.291947e+003,2.109487e-002
3.293875e+003,2.106375e-002
3.295804e+003,2.100507e-002
3.297732e+003,2.097381e-002
3.299661e+003,2.098157e-002
3.301589e+003,2.098556e-002
3.303518e+003,2.099523e-002
3.305447e+003,2.102156e-002
3.307375e+003,2.100963e-002
3.309303e+003,2.093567e-002
3.311232e+003,2.088372e-002
3.313160e+003,2.092628e-002
3.315089e+003,2.102190e-002
3.317017e+003,2.106256e-002
3.318946e+003,2.099217e-002
3.320875e+003,2.088358e-002
3.322803e+003,2.086783e-002
3.324731e+003,2.095176e-002
3.326660e+003,2.098459e-002
3.328588e+003,2.091157e-002
3.330517e+003,2.085369e-002
3.332445e+003,2.086596e-002
3.334374e+003,2.090281e-002
3.336302e+003,2.093601e-002
3.338231e+003,2.094763e-002
3.340159e+003,2.092892e-002
3.342088e+003,2.090980e-002
3.344016e+003,2.090493e-002
3.345945e+003,2.089147e-002
3.347873e+003,2.089318e-002
3.349802e+003,2.093288e-002
3.351730e+003,2.093587e-002
3.353659e+003,2.087034e-002
3.355587e+003,2.084152e-002
3.357516e+003,2.089700e-002
3.359444e+003,2.094478e-002
3.361373e+003,2.092134e-002
3.363302e+003,2.084277e-002
3.365230e+003,2.075945e-002
3.367158e+003,2.074617e-002
3.369087e+003,2.079633e-002
3.371015e+003,2.080029e-002
3.372944e+003,2.075677e-002
3.374872e+003,2.073797e-002
3.376801e+003,2.071799e-002
3.378729e+003,2.069877e-002
3.380658e+003,2.070965e-002
3.382586e+003,2.069283e-002
3.384515e+003,2.064686e-002
3.386443e+003,2.064995e-002
3.388372e+003,2.070819e-002
3.390300e+003,2.076008e-002
3.392229e+003,2.076063e-002
3.394157e+003,2.071048e-002
3.396086e+003,2.066975e-002
3.398014e+003,2.068435e-002
3.399943e+003,2.069331e-002
3.401871e+003,2.063521e-002
3.403800e+003,2.056736e-002
3.405728e+003,2.055968e-002
3.407657e+003,2.058612e-002
3.409585e+003,2.059699e-002
3.411514e+003,2.058383e-002
3.413442e+003,2.054214e-002
3.415371e+003,2.048236e-002
3.417299e+003,2.044742e-002
3.419228e+003,2.044842e-002
3.421156e+003,2.045565e-002
3.423085e+003,2.045919e-002
3.425013e+003,2.047968e-002
3.426942e+003,2.051709e-002
3.428870e+003,2.052112e-002
3.430799e+003,2.047194e-002
3.432727e+003,2.040675e-002
3.434656e+003,2.034990e-002
3.436584e+003,2.030955e-002
3.438513e+003,2.031091e-002
3.440441e+003,2.034250e-002
3.442370e+003,2.033938e-002
3.444298e+003,2.029594e-002
3.446227e+003,2.026442e-002
3.448155e+003,2.025727e-002
3.450084e+003,2.023828e-002
3.452012e+003,2.020096e-002
3.453941e+003,2.020718e-002
3.455869e+003,2.027477e-002
3.457798e+003,2.029914e-002
3.459726e+003,2.022127e-002
3.461655e+003,2.013928e-002
3.463583e+003,2.012165e-002
3.465512e+003,2.011100e-002
3.467440e+003,2.008521e-002
3.469369e+003,2.008705e-002
3.471297e+003,2.011968e-002
3.473226e+003,2.015032e-002
3.475154e+003,2.017601e-002
3.477083e+003,2.020016e-002
3.479011e+003,2.018406e-002
3.480940e+003,2.013498e-002
3.482868e+003,2.013318e-002
3.484797e+003,2.017319e-002
3.486725e+003,2.017899e-002
3.488654e+003,2.014817e-002
3.490582e+003,2.010954e-002
3.492511e+003,2.009226e-002
3.494439e+003,2.010420e-002
3.496368e+003,2.010152e-002
3.498296e+003,2.006970e-002
3.500225e+003,2.003587e-002
3.502153e+003,2.003337e-002
3.504082e+003,2.005319e-002
3.506010e+003,2.001158e-002
3.507939e+003,1.990459e-002
3.509867e+003,1.982055e-002
3.511796e+003,1.978712e-002
3.513724e+003,1.978923e-002
3.515653e+003,1.984160e-002
3.517581e+003,1.991659e-002
3.519510e+003,1.993900e-002
3.521438e+003,1.990858e-002
3.523367e+003,1.989748e-002
3.525295e+003,1.990875e-002
3.527224e+003,1.989432e-002
3.529152e+003,1.985922e-002
3.531081e+003,1.985575e-002
3.533009e+003,1.989599e-002
3.534938e+003,1.992953e-002
3.536866e+003,1.989956e-002
3.538795e+003,1.980016e-002
3.540723e+003,1.973261e-002
3.542652e+003,1.977842e-002
3.544580e+003,1.986338e-002
3.546509e+003,1.987754e-002
3.548437e+003,1.982298e-002
3.550366e+003,1.975757e-002
3.552294e+003,1.971551e-002
3.554223e+003,1.968160e-002
3.556151e+003,1.962451e-002
3.558080e+003,1.958194e-002
3.560008e+003,1.957917e-002
3.561937e+003,1.954458e-002
3.563865e+003,1.942588e-002
3.565794e+003,1.930889e-002
3.567722e+003,1.935105e-002
3.569651e+003,1.949165e-002
3.571579e+003,1.961366e-002
3.573508e+003,1.969339e-002
3.575436e+003,1.970549e-002
3.577365e+003,1.966545e-002
3.579293e+003,1.962257e-002
3.581222e+003,1.961068e-002
3.583150e+003,1.960658e-002
3.585079e+003,1.950514e-002
3.587007e+003,1.931782e-002
3.588936e+003,1.931474e-002
3.590864e+003,1.945000e-002
3.592793e+003,1.950638e-002
3.594721e+003,1.948354e-002
3.596650e+003,1.946767e-002
3.598578e+003,1.949169e-002
3.600507e+003,1.957716e-002
3.602435e+003,1.965165e-002
3.604364e+003,1.961695e-002
3.606292e+003,1.950888e-002
3.608221e+003,1.946133e-002
3.610149e+003,1.949630e-002
3.612078e+003,1.948906e-002
3.614006e+003,1.943340e-002
3.615935e+003,1.938067e-002
3.617863e+003,1.933050e-002
3.619792e+003,1.932936e-002
3.621720e+003,1.937031e-002
3.623649e+003,1.935399e-002
3.625577e+003,1.924554e-002
3.627506e+003,1.907395e-002
3.629434e+003,1.902701e-002
3.631363e+003,1.911889e-002
3.633291e+003,1.915383e-002
3.635220e+003,1.917063e-002
3.637148e+003,1.923400e-002
3.639077e+003,1.933286e-002
3.641005e+003,1.942886e-002
3.642934e+003,1.944522e-002
3.644862e+003,1.933972e-002
3.646791e+003,1.915712e-002
3.648719e+003,1.900537e-002
3.650648e+003,1.902150e-002
3.652576e+003,1.911920e-002
3.654505e+003,1.915605e-002
3.656433e+003,1.915643e-002
3.658362e+003,1.920273e-002
3.660290e+003,1.923913e-002
3.662219e+003,1.925693e-002
3.664147e+003,1.928800e-002
3.666076e+003,1.925509e-002
3.668004e+003,1.907347e-002
3.669933e+003,1.890444e-002
3.671861e+003,1.893895e-002
3.673790e+003,1.890683e-002
3.675718e+003,1.881035e-002
3.677647e+003,1.893497e-002
3.679575e+003,1.907897e-002
3.681504e+003,1.911460e-002
3.683432e+003,1.911951e-002
3.685361e+003,1.916900e-002
3.687289e+003,1.917682e-002
3.689218e+003,1.902849e-002
3.691146e+003,1.895791e-002
3.693075e+003,1.900433e-002
3.695003e+003,1.900779e-002
3.696932e+003,1.899609e-002
3.698860e+003,1.901801e-002
3.700789e+003,1.903324e-002
3.702717e+003,1.904909e-002
3.704646e+003,1.906280e-002
3.706574e+003,1.897972e-002
3.708503e+003,1.878084e-002
3.710431e+003,1.863354e-002
3.712360e+003,1.869957e-002
3.714288e+003,1.881613e-002
3.716217e+003,1.891545e-002
3.718145e+003,1.901949e-002
3.720074e+003,1.907634e-002
3.722002e+003,1.904428e-002
3.723931e+003,1.895317e-002
3.725859e+003,1.890690e-002
3.727788e+003,1.898187e-002
3.729716e+003,1.905903e-002
3.731645e+003,1.900734e-002
3.733573e+003,1.882215e-002
3.735502e+003,1.871587e-002
3.737430e+003,1.883547e-002
3.739359e+003,1.893168e-002
3.741287e+003,1.885575e-002
3.743216e+003,1.865028e-002
3.745144e+003,1.857333e-002
3.747073e+003,1.862424e-002
3.749001e+003,1.851977e-002
3.750930e+003,1.843717e-002
3.752858e+003,1.866049e-002
3.754787e+003,1.887534e-002
3.756715e+003,1.889700e-002
3.758644e+003,1.883513e-002
3.760572e+003,1.884433e-002
3.762500e+003,1.888468e-002
3.764429e+003,1.891811e-002
3.766358e+003,1.894518e-002
3.768286e+003,1.889942e-002
3.770215e+003,1.884810e-002
3.772143e+003,1.892147e-002
3.774072e+003,1.903030e-002
3.776000e+003,1.910338e-002
3.777928e+003,1.913839e-002
3.779857e+003,1.912734e-002
3.781786e+003,1.908309e-002
3.783714e+003,1.901347e-002
3.785643e+003,1.896878e-002
3.787571e+003,1.898301e-002
3.789500e+003,1.900319e-002
3.791428e+003,1.902091e-002
3.793356e+003,1.902721e-002
3.795285e+003,1.896757e-002
3.797214e+003,1.890866e-002
3.799142e+003,1.890987e-002
3.801071e+003,1.887288e-002
3.802999e+003,1.881066e-002
3.804927e+003,1.876022e-002
3.806856e+003,1.875475e-002
3.808785e+003,1.885381e-002
3.810713e+003,1.898578e-002
3.812642e+003,1.907894e-002
3.814570e+003,1.906502e-002
3.816499e+003,1.899640e-002
3.818427e+003,1.894268e-002
3.820355e+003,1.879755e-002
3.822284e+003,1.874126e-002
3.824213e+003,1.884329e-002
3.826141e+003,1.890569e-002
3.828070e+003,1.889842e-002
3.829998e+003,1.887527e-002
3.831927e+003,1.886935e-002
3.833855e+003,1.890354e-002
3.835783e+003,1.890894e-002
3.837712e+003,1.879323e-002
3.839641e+003,1.868857e-002
3.841569e+003,1.873603e-002
3.843498e+003,1.886887e-002
3.845426e+003,1.897892e-002
3.847354e+003,1.900506e-002
3.849283e+003,1.891929e-002
3.851211e+003,1.866830e-002
3.853140e+003,1.844851e-002
3.855069e+003,1.861656e-002
3.856997e+003,1.880063e-002
3.858926e+003,1.885160e-002
3.860854e+003,1.883326e-002
3.862782e+003,1.880928e-002
3.864711e+003,1.878509e-002
3.866639e+003,1.871992e-002
3.868568e+003,1.863209e-002
3.870497e+003,1.862915e-002
3.872425e+003,1.864831e-002
3.874354e+003,1.860422e-002
3.876282e+003,1.863309e-002
3.878210e+003,1.871324e-002
3.880139e+003,1.872337e-002
3.882067e+003,1.869065e-002
3.883996e+003,1.867104e-002
3.885925e+003,1.871421e-002
3.887853e+003,1.880232e-002
3.889781e+003,1.880056e-002
3.891710e+003,1.872465e-002
3.893638e+003,1.868920e-002
3.895567e+003,1.865959e-002
3.897495e+003,1.858374e-002
3.899424e+003,1.849422e-002
3.901353e+003,1.845518e-002
3.903281e+003,1.847202e-002
3.905209e+003,1.854753e-002
3.907138e+003,1.866135e-002
3.909066e+003,1.874295e-002
3.910995e+003,1.874967e-002
3.912924e+003,1.872514e-002
3.914852e+003,1.874053e-002
3.916781e+003,1.880897e-002
3.918709e+003,1.886499e-002
3.920637e+003,1.882142e-002
3.922566e+003,1.869459e-002
3.924494e+003,1.861175e-002
3.926423e+003,1.866007e-002
3.928352e+003,1.874756e-002
3.930280e+003,1.874738e-002
3.932208e+003,1.871109e-002
3.934137e+003,1.876323e-002
3.936065e+003,1.883890e-002
3.937994e+003,1.884803e-002
3.939922e+003,1.879049e-002
3.941851e+003,1.871120e-002
3.943780e+003,1.865215e-002
3.945708e+003,1.863427e-002
3.947636e+003,1.864721e-002
3.949565e+003,1.864956e-002
3.951493e+003,1.866166e-002
3.953422e+003,1.872534e-002
3.955350e+003,1.878963e-002
3.957279e+003,1.879028e-002
3.959208e+003,1.871908e-002
3.961136e+003,1.865454e-002
3.963064e+003,1.870473e-002
3.964993e+003,1.880568e-002
3.966921e+003,1.880409e-002
3.968850e+003,1.869463e-002
3.970778e+003,1.861248e-002
3.972707e+003,1.865993e-002
3.974635e+003,1.878852e-002
3.976564e+003,1.884440e-002
3.978492e+003,1.877987e-002
3.980421e+003,1.872718e-002
3.982349e+003,1.876357e-002
3.984278e+003,1.881893e-002
3.986206e+003,1.882163e-002
3.988135e+003,1.873254e-002
3.990063e+003,1.860747e-002
3.991992e+003,1.859304e-002
3.993920e+003,1.867083e-002
3.995849e+003,1.870736e-002
3.997777e+003,1.870096e-002
3.999706e+003,1.870449e-002
